kepid,kepoi_name,kepler_name,ra,ra_err,ra_str,dec,dec_err,dec_str,koi_gmag,koi_gmag_err,koi_rmag,koi_rmag_err,koi_imag,koi_imag_err,koi_zmag,koi_zmag_err,koi_jmag,koi_jmag_err,koi_hmag,koi_hmag_err,koi_kmag,koi_kmag_err,koi_kepmag,koi_kepmag_err,koi_delivname,koi_vet_stat,koi_quarters,koi_disposition,koi_pdisposition,koi_count,koi_num_transits,koi_max_sngle_ev,koi_max_mult_ev,koi_bin_oedp_sig,koi_limbdark_mod,koi_ldm_coeff4,koi_ldm_coeff3,koi_ldm_coeff2,koi_ldm_coeff1,koi_trans_mod,koi_model_snr,koi_model_dof,koi_model_chisq,koi_time0bk,koi_time0bk_err1,koi_time0bk_err2,koi_eccen,koi_eccen_err1,koi_eccen_err2,koi_longp,koi_longp_err1,koi_longp_err2,koi_prad,koi_prad_err1,koi_prad_err2,koi_sma,koi_sma_err1,koi_sma_err2,koi_impact,koi_impact_err1,koi_impact_err2,koi_duration,koi_duration_err1,koi_duration_err2,koi_ingress,koi_ingress_err1,koi_ingress_err2,koi_depth,koi_depth_err1,koi_depth_err2,koi_period,koi_period_err1,koi_period_err2,koi_ror,koi_ror_err1,koi_ror_err2,koi_dor,koi_dor_err1,koi_dor_err2,koi_incl,koi_incl_err1,koi_incl_err2,koi_teq,koi_teq_err1,koi_teq_err2,koi_steff,koi_steff_err1,koi_steff_err2,koi_slogg,koi_slogg_err1,koi_slogg_err2,koi_smet,koi_smet_err1,koi_smet_err2,koi_srad,koi_srad_err1,koi_srad_err2,koi_smass,koi_smass_err1,koi_smass_err2,koi_sage,koi_sage_err1,koi_sage_err2,koi_sparprov,koi_fwm_stat_sig,koi_fwm_sra,koi_fwm_sra_err,koi_fwm_sdec,koi_fwm_sdec_err,koi_fwm_srao,koi_fwm_srao_err,koi_fwm_sdeco,koi_fwm_sdeco_err,koi_fwm_prao,koi_fwm_prao_err,koi_fwm_pdeco,koi_fwm_pdeco_err,koi_dicco_mra,koi_dicco_mra_err,koi_dicco_mdec,koi_dicco_mdec_err,koi_dicco_msky,koi_dicco_msky_err,koi_dikco_mra,koi_dikco_mra_err,koi_dikco_mdec,koi_dikco_mdec_err,koi_dikco_msky,koi_dikco_msky_err,koi_comment,koi_vet_date,koi_tce_plnt_num,koi_tce_delivname,koi_datalink_dvs,koi_disp_prov,koi_parm_prov,koi_time0,koi_time0_err1,koi_time0_err2,koi_datalink_dvr,koi_fpflag_nt,koi_fpflag_ss,koi_fpflag_co,koi_fpflag_ec,koi_insol,koi_insol_err1,koi_insol_err2,koi_srho,koi_srho_err1,koi_srho_err2,koi_fittype,koi_score,label
9777087,K03747.02,,294.47,0.0,19h37m52.80s,46.589581,0.0,+46d35m22.5s,17.779,,17.038,,16.76,,16.58,,15.59,0.076,14.925,0.099,14.829,0.141,17.065,,cumulative,Done,110000000000000000000000000000,FALSE POSITIVE,FALSE POSITIVE,2,10.0,6.6655254,11.5548115,,Claret (2011 A&A 529 75) ATLAS LS,0.0,0.0,0.2543,0.4266,Mandel and Agol (2002 ApJ 580 171),10.1,,,132.6309,0.0192,-0.0192,0.0,,,,,,3.52,0.51,-0.2,0.124,,,0.2579,0.198,-0.2579,2.949,0.31,-0.31,,,,3266.0,384.0,-384.0,19.226055,0.00167,-0.00167,0.051932,0.00334,-0.004011,50.8,5.3,-5.3,89.95,,,513.0,,,5193.0,189.0,-172.0,4.689,0.025,-0.093,-0.76,0.32,-0.3,0.621,0.09,-0.035,0.687,0.064,-0.057,,,,stellar_q1_q16,,19.63124,1.6e-05,46.58957,0.00017,-3.45,0.58,-0.05,0.62,0.0158,0.0035,,,-5.9,0.12,1.43,0.13,6.07,0.12,-5.4,1.5,1.81,0.54,5.7,1.6,EYEBALL---CLEAR_APO---TOO_FEW_QUARTERS---PARENT_IS_009777062-01,2018-08-16 00:00:00,3.0,q1_q17_dr24_tce,009/009777/009777087/dv/kplr009777087-003-20141002224145_dvs.pdf,q1_q17_dr25_sup_koi,q1_q17_dr24_koi,2454965.631,0.0192,-0.0192,009/009777/009777087/dv/kplr009777087-20141002224145_dvr.pdf,0,0,0,1,16.32,8.37,-3.62,6.70804,0.70447,-4.15298,MCMC,,0
6209225,K06676.01,,293.16168,0.0,19h32m38.80s,41.538158,0.0,+41d32m17.4s,14.287,,13.964,,13.868,,13.85,,13.067,0.021,12.811,0.022,12.779,0.028,13.993,,cumulative,Done,11111111111111111000000000000000,CANDIDATE,CANDIDATE,1,3.0,5.958456,7.231165,,Claret (2011 A&A 529 75) ATLAS LS,0.0,0.0,0.3062,0.2855,Mandel and Agol (2002 ApJ 580 171),10.3,,,523.3139,0.02,-0.02,0.0,,,,,,1.81,0.62,-0.17,1.1379,,,0.2863,0.1998,-0.2862,9.392,0.601,-0.601,,,,342.3,33.5,-33.5,439.21978,0.01354,-0.01354,0.017205,0.000675,-0.001344,348.7,99.4,-99.4,89.95,,,266.0,,,6553.0,161.0,-206.0,4.479,0.048,-0.048,-0.64,0.24,-0.32,0.962,0.331,-0.088,1.017,0.098,-0.123,,,,stellar_q1_q17,0.087,19.544135,3.1e-05,41.53846,0.00034,0.9,1.2,1.1,1.2,-0.0003,0.00043,-0.00036,0.00042,0.33,0.67,0.2,2.3,0.4,1.5,0.31,0.64,0.3,2.3,0.4,1.6,TOO_FEW_QUARTERS,2018-08-16 00:00:00,1.0,q1_q17_dr24_tce,006/006209/006209225/dv/kplr006209225-001-20141002224145_dvs.pdf,q1_q17_dr25_sup_koi,q1_q17_dr24_koi,2455356.314,0.02,-0.02,006/006209/006209225/dv/kplr006209225-20141002224145_dvr.pdf,0,0,0,0,1.18,1.17,-0.32,4.15804,1.18498,-1.9243,MCMC,,1
7596240,K04295.01,Kepler-1584 b,287.7627,0.0,19h11m03.05s,43.274429,0.0,+43d16m27.9s,15.284,,14.869,,14.769,,14.742,,13.921,0.025,13.642,0.029,13.524,0.037,14.924,,cumulative,Done,11111111111111111000000000000000,CONFIRMED,CANDIDATE,1,99.0,3.2391007,11.532616,0.3268,Claret (2011 A&A 529 75) ATLAS LS,0.0,0.0,0.3119,0.2971,Mandel and Agol (2002 ApJ 580 171),13.6,,,131.84235,0.00667,-0.00667,0.0,,,,,,1.51,0.46,-0.18,0.1168,,,0.375,0.077,-0.375,3.534,0.188,-0.188,,,,167.3,14.1,-14.1,13.3997555,0.0001208,-0.0001208,0.012052,0.00058,-0.000607,27.23,6.9,-6.9,89.21,,,886.0,,,6401.0,153.0,-211.0,4.389,0.062,-0.188,-0.04,0.25,-0.3,1.15,0.35,-0.14,1.183,0.169,-0.152,,,,q1_q17_dr25_stellar,0.027,19.184221,2.7e-05,43.27437,0.0003,1.6,1.0,-0.2,1.1,-0.00031,0.00017,0.00013,0.00018,-0.15,0.59,-0.49,0.56,0.52,0.66,-0.15,0.59,-0.49,0.63,0.51,0.72,NO_COMMENT,2018-08-16 00:00:00,1.0,q1_q17_dr25_tce,007/007596/007596240/dv/kplr007596240-001-20160209194854_dvs.pdf,q1_q17_dr25_sup_koi,q1_q17_dr25_koi,2454964.842,0.00667,-0.00667,007/007596/007596240/dv/kplr007596240-20160209194854_dvr.pdf,0,0,0,0,145.65,126.7,-47.4,2.12774,1.08499,-0.54738,LS+MCMC,1.0,1
3758499,K05007.02,,294.36734,0.0,19h37m28.16s,38.846889,0.0,+38d50m48.8s,14.232,,13.654,,13.469,,13.368,,12.527,0.025,12.197,0.031,12.106,0.024,13.698,,cumulative,Done,11111011101110111000000000000000,CANDIDATE,CANDIDATE,2,14.0,3.319238,8.172826,0.8033,Claret (2011 A&A 529 75) ATLAS LS,0.0,0.0,0.291,0.3469,Mandel and Agol (2002 ApJ 580 171),12.2,,,136.6708,0.0196,-0.0196,0.0,,,,,,2.27,0.52,-0.98,0.3828,,,0.335,0.116,-0.335,12.568,0.893,-0.893,,,,142.7,13.6,-13.6,80.881757,0.003216,-0.003216,0.011018,0.000777,-0.000485,46.9,15.6,-15.6,89.59,,,581.0,,,5934.0,178.0,-178.0,3.945,0.44,-0.11,-0.06,0.3,-0.3,1.885,0.437,-0.811,1.141,0.155,-0.207,,,,q1_q17_dr25_stellar,0.212,19.624458,3.9e-05,38.84718,0.00049,-1.3,1.6,1.1,1.8,0.00017,0.00021,-0.00014,0.00022,0.1,1.4,-1.1,1.4,1.1,1.4,0.0,2.1,-1.1,1.3,1.1,1.3,NO_COMMENT,2018-08-16 00:00:00,2.0,q1_q17_dr25_tce,003/003758/003758499/dv/kplr003758499-002-20160209194854_dvs.pdf,q1_q17_dr25_sup_koi,q1_q17_dr25_koi,2454969.671,0.0196,-0.0196,003/003758/003758499/dv/kplr003758499-20160209194854_dvr.pdf,0,0,0,0,26.91,19.04,-19.18,0.29847,0.19803,-0.10075,LS+MCMC,0.553,1
5374854,K00645.01,Kepler-633 b,295.21744,0.0,19h40m52.19s,40.592251,0.0,+40d35m32.1s,14.131,,13.69,,13.538,,13.466,,12.437,0.023,12.101,0.026,11.978,0.026,13.716,,cumulative,Done,11111011101110111000000000000000,CONFIRMED,CANDIDATE,2,120.0,4.534675,22.345987,0.6795,Claret (2011 A&A 529 75) ATLAS LS,0.0,0.0,0.2904,0.3534,Mandel and Agol (2002 ApJ 580 171),28.5,,,170.86894,0.00246,-0.00246,0.0,,,,,,1.95,0.31,-0.37,0.0815,,,0.825,0.105,-0.569,2.9569,0.0795,-0.0795,,,,188.9,7.4,-7.4,8.50339249,2.792e-05,-2.792e-05,0.014143,0.001214,-0.001596,12.99,6.3,-6.3,86.36,,,1021.0,,,5877.0,105.0,-129.0,4.233,0.162,-0.108,-0.04,0.15,-0.15,1.265,0.199,-0.243,0.997,0.089,-0.073,,,,q1_q17_dr25_stellar,0.298,19.681157,1.3e-05,40.59219,0.00014,-0.2,0.51,-0.22,0.51,8.7e-05,9.3e-05,4.2e-05,9.2e-05,0.09,0.19,-0.72,0.25,0.72,0.25,0.01,0.23,-0.86,0.23,0.86,0.23,NO_COMMENT,2018-08-16 00:00:00,2.0,q1_q17_dr25_tce,005/005374/005374854/dv/kplr005374854-002-20160209194854_dvs.pdf,q1_q17_dr25_sup_koi,q1_q17_dr25_koi,2455003.869,0.00246,-0.00246,005/005374/005374854/dv/kplr005374854-20160209194854_dvr.pdf,0,0,0,0,257.22,112.57,-103.6,0.57398,2.21789,-0.44616,LS+MCMC,0.886,1
3965201,K07546.01,,294.31064,0.0,19h37m14.55s,39.049702,0.0,+39d02m58.9s,12.788,,12.626,,12.61,,12.608,,11.874,0.022,11.768,0.021,11.708,0.02,12.667,,cumulative,Done,11111011101110111000000000000000,CANDIDATE,CANDIDATE,1,7.0,5.797873,8.796513,,Claret (2011 A&A 529 75) ATLAS LS,0.0,0.0,0.2862,0.2926,Mandel and Agol (2002 ApJ 580 171),6.6,,,164.8337,0.0254,-0.0254,0.0,,,,,,4.9,0.88,-1.62,0.3101,,,0.032,0.419,-0.032,3.956,0.842,-0.842,,,,196.3,31.0,-31.0,44.113873,0.001449,-0.001449,0.01296,0.000683,-0.00161,86.26,3.3,-3.3,89.95,,,1158.0,,,7854.0,227.0,-311.0,3.669,0.258,-0.258,-0.12,0.26,-0.34,3.462,0.624,-1.141,2.039,0.286,-0.392,,,,stellar_q1_q17,0.524,19.6207016,7.7e-06,39.049754,9e-05,-0.32,0.32,0.2,0.32,7e-05,0.00016,-4e-05,0.00017,-0.29,0.64,0.45,0.6,0.54,0.79,-0.29,0.58,0.56,0.54,0.63,0.69,,2018-08-16 00:00:00,4.0,q1_q17_dr24_tce,003/003965/003965201/dv/kplr003965201-004-20141002224145_dvs.pdf,q1_q17_dr25_sup_koi,q1_q17_dr24_koi,2454997.834,0.0254,-0.0254,003/003965/003965201/dv/kplr003965201-20141002224145_dvr.pdf,0,0,0,0,424.45,238.17,-262.15,6.23922,0.24113,-6.13748,MCMC,,1
5956776,K03821.01,,290.64828,0.0,19h22m35.59s,41.23407,0.0,+41d14m02.7s,16.959,,16.677,,16.548,,16.655,,15.604,0.059,15.5,0.119,15.096,0.148,16.747,,cumulative,Done,00000001111111111000000000000000,FALSE POSITIVE,FALSE POSITIVE,1,1386.0,93.6828,1253.3416,-1.0,Claret (2011 A&A 529 75) ATLAS LS,0.0,0.0,0.3332,0.24,Mandel and Agol (2002 ApJ 580 171),229.6,,,132.020841,0.000315,-0.000315,0.0,,,,,,156.15,47.62,-34.62,0.0152,,,0.444,0.269,-0.398,3.5028,0.0154,-0.0154,,,,585597.0,2542.0,-2542.0,0.569115097,1.71e-07,-1.71e-07,0.838661,0.102103,-0.112568,2.513,0.306,-0.306,79.82,,,3357.0,,,7174.0,225.0,-325.0,4.13,0.17,-0.187,-0.2,0.25,-0.35,1.705,0.52,-0.378,1.43,0.209,-0.255,,,,q1_q17_dr25_stellar,0.0,19.376658936,1.3e-08,41.23429512,1e-07,4.3426,0.00054,0.81042,0.00038,0.3,8.0,0.0,11.0,-8.144,0.067,-1.562,0.069,8.293,0.067,-0.179,0.068,0.028,0.068,0.182,0.068,LPP_DV---CENT_NOFITS,2018-08-16 00:00:00,1.0,q1_q17_dr25_tce,005/005956/005956776/dv/kplr005956776-001-20160209194854_dvs.pdf,q1_q17_dr25_sup_koi,q1_q17_dr25_koi,2454965.021,0.000315,-0.000315,005/005956/005956776/dv/kplr005956776-20160209194854_dvr.pdf,1,0,0,0,29827.37,27646.81,-14817.7,0.9271,0.11276,-0.15411,LS+MCMC,0.0,0
11508644,K03101.01,Kepler-1426 b,292.54575,0.0,19h30m10.98s,49.416969,0.0,+49d25m01.1s,15.648,,15.143,,14.997,,14.965,,14.032,0.026,13.734,0.029,13.645,0.053,15.192,,cumulative,Done,11111111111111111000000000000000,CONFIRMED,CANDIDATE,1,91.0,3.521095,12.743706,0.3276,Claret (2011 A&A 529 75) ATLAS LS,0.0,0.0,0.3029,0.3239,Mandel and Agol (2002 ApJ 580 171),14.3,,,133.40971,0.0088,-0.0088,0.0,,,,,,1.73,0.58,-0.19,0.1187,,,0.894,0.063,-0.604,4.796,0.302,-0.302,,,,206.1,16.8,-16.8,14.2563272,0.0001743,-0.0001743,0.015463,0.002061,-0.002501,10.97,5.4,-5.4,85.33,,,797.0,,,6140.0,171.0,-236.0,4.455,0.056,-0.21,-0.04,0.25,-0.3,1.027,0.341,-0.114,1.094,0.151,-0.151,,,,q1_q17_dr25_stellar,0.352,19.503059,3.1e-05,49.41717,0.00031,0.3,1.1,0.7,1.1,-8e-05,0.00021,-0.00016,0.00021,0.66,0.35,-0.1,0.36,0.66,0.36,0.46,0.37,-0.29,0.44,0.54,0.49,NO_COMMENT,2018-08-16 00:00:00,1.0,q1_q17_dr25_tce,011/011508/011508644/dv/kplr011508644-001-20160209194854_dvs.pdf,q1_q17_dr25_sup_koi,q1_q17_dr25_koi,2454966.41,0.0088,-0.0088,011/011508/011508644/dv/kplr011508644-20160209194854_dvr.pdf,0,0,0,0,95.22,93.35,-30.89,0.12299,1.08495,-0.10008,LS+MCMC,0.998,1
7751562,K06912.01,,291.28461,0.0,19h25m08.31s,43.405289,0.0,+43d24m19.0s,15.678,,15.194,,15.069,,15.009,,14.101,0.051,13.796,0.03,13.703,0.035,15.252,,cumulative,Done,11111111111111111000000000000000,FALSE POSITIVE,FALSE POSITIVE,1,82.0,417.89078,2386.545,0.9052,Claret (2011 A&A 529 75) ATLAS LS,0.0,0.0,0.302,0.319,Mandel and Agol (2002 ApJ 580 171),2046.2,,,142.4257555,8.3e-05,-8.3e-05,0.0,,,,,,24.93,7.57,-3.03,0.1338,,,0.455,0.007,-0.008,7.80412,0.00517,-0.00517,,,,55165.0,31.3,-31.3,17.042155208,1.736e-06,-1.736e-06,0.220601,0.000237,-4e-06,18.914,0.273,-0.273,88.62,,,760.0,,,6197.0,172.0,-216.0,4.449,0.052,-0.195,-0.08,0.25,-0.3,1.035,0.314,-0.126,1.096,0.141,-0.141,,,,q1_q17_dr25_stellar,0.0,19.418986354,9.3e-08,43.40515904,9.4e-07,0.5121,0.0037,-0.4715,0.0034,0.065,0.0049,-0.0334,0.0067,-1.39,0.19,0.87,0.18,1.64,0.25,-0.025,0.068,-0.039,0.068,0.047,0.068,MOD_SEC_DV---MOD_SEC_ALT---HAS_SEC_TCE---CENT_KIC_POS,2018-08-16 00:00:00,1.0,q1_q17_dr25_tce,007/007751/007751562/dv/kplr007751562-001-20160209194854_dvs.pdf,q1_q17_dr25_sup_koi,q1_q17_dr25_koi,2454975.426,8.3e-05,-8.3e-05,007/007751/007751562/dv/kplr007751562-20160209194854_dvr.pdf,0,1,0,0,78.98,70.71,-26.12,0.44074,0.00635,-0.00544,LS+MCMC,0.0,0
8703884,K01262.01,,296.93393,0.0,19h47m44.14s,44.853642,0.0,+44d51m13.1s,16.368,,15.268,,14.955,,14.872,,13.751,0.031,13.301,0.031,13.186,0.035,15.379,,cumulative,Done,00011111111111111000000000000000,FALSE POSITIVE,FALSE POSITIVE,1,84.0,26.58552,122.1254,0.2835,Claret (2011 A&A 529 75) ATLAS LS,0.0,0.0,0.153,0.5684,Mandel and Agol (2002 ApJ 580 171),93.6,,,359.82956,0.00106,-0.00106,0.0,,,,,,4.19,0.52,-0.39,0.1068,,,0.041,0.353,-0.041,3.4804,0.0422,-0.0422,,,,3070.8,37.9,-37.9,14.17098745,2.115e-05,-2.115e-05,0.049395,0.001248,-0.000498,32.62,1.5,-1.5,89.93,,,608.0,,,5107.0,179.0,-179.0,4.565,0.044,-0.072,-0.02,0.3,-0.3,0.777,0.097,-0.073,0.807,0.082,-0.073,,,,q1_q17_dr25_stellar,0.0,19.79560634,6e-07,44.8514726,8.5e-06,0.396,0.023,-7.803,0.031,-0.00112,0.00025,0.00996,0.00035,,,,,,,,,,,,,CENT_RESOLVED_OFFSET---EPHEM_MATCH,2018-08-16 00:00:00,1.0,q1_q17_dr25_tce,008/008703/008703884/dv/kplr008703884-001-20160209194854_dvs.pdf,q1_q17_dr25_sup_koi,q1_q17_dr25_koi,2455192.83,0.00106,-0.00106,008/008703/008703884/dv/kplr008703884-20160209194854_dvr.pdf,0,0,1,1,32.22,14.57,-9.29,3.27042,0.1527,-0.7453,LS+MCMC,0.0,0
6603765,K06739.01,,291.09485,0.0,19h24m22.76s,42.002918,0.0,+42d00m10.5s,16.128,,15.4,,15.166,,15.03,,14.007,0.028,13.557,0.029,13.473,0.034,15.455,,cumulative,Done,11111111111111111000000000000000,CANDIDATE,CANDIDATE,1,68.0,2.890328,7.632137,0.6412,Claret (2011 A&A 529 75) ATLAS LS,0.0,0.0,0.1908,0.5172,Mandel and Agol (2002 ApJ 580 171),8.1,,,139.8244,0.013,-0.013,0.0,,,,,,1.11,0.14,-0.09,0.1269,,,0.805,0.159,-0.584,2.773,0.451,-0.451,,,,215.9,35.0,-35.0,19.164111,0.0002577,-0.0002577,0.015058,0.005598,-0.002108,32.7,16.1,-16.1,88.59,,,519.0,,,5103.0,153.0,-138.0,4.65,0.033,-0.077,-0.4,0.35,-0.3,0.674,0.088,-0.052,0.747,0.073,-0.073,,,,q1_q17_dr25_stellar,0.001,19.406359,4.8e-05,42.0039,0.00052,1.4,1.9,3.5,1.9,-0.00026,0.0004,-0.00072,0.00039,-1.3,1.1,-2.7,1.2,3.0,1.3,-1.2,1.2,-2.7,1.1,2.9,1.2,NO_COMMENT,2018-08-16 00:00:00,1.0,q1_q17_dr25_tce,006/006603/006603765/dv/kplr006603765-001-20160209194854_dvs.pdf,q1_q17_dr25_sup_koi,q1_q17_dr25_koi,2454972.824,0.013,-0.013,006/006603/006603765/dv/kplr006603765-20160209194854_dvr.pdf,0,0,0,0,17.12,7.51,-4.05,1.79744,10.63622,-1.65535,LS+MCMC,0.646,1
5955321,K06140.01,,290.18271,0.0,19h20m43.85s,41.21664,0.0,+41d12m59.9s,15.803,,15.36,,15.207,,15.178,,14.335,0.025,14.039,0.034,14.005,0.053,15.385,,cumulative,Done,11111111111111111000000000000000,FALSE POSITIVE,FALSE POSITIVE,1,0.0,1716.9806,15089.309,-1.0,Claret (2011 A&A 529 75) ATLAS LS,0.0,0.0,0.3032,0.3147,Mandel and Agol (2002 ApJ 580 171),2637.0,,,136.885517,0.000107,-0.000107,0.0,,,,,,77.01,24.67,-8.81,0.104,,,0.473,0.004,-0.002,11.8851,0.00605,-0.00605,,,,427948.0,196.0,-196.0,11.637858887,1.485e-06,-1.485e-06,0.666546,0.001781,-0.000981,11.9984,0.0313,-0.0313,87.74,,,895.0,,,6360.0,176.0,-242.0,4.433,0.067,-0.216,-0.2,0.25,-0.3,1.058,0.339,-0.121,1.105,0.154,-0.154,,,,q1_q17_dr25_stellar,,19.345513175,1.7e-08,41.21663587,1.8e-07,-0.03353,0.0007,-0.01487,0.00066,,,0.062,0.06,-0.006,0.067,-0.007,0.067,0.009,0.067,0.032,0.067,0.021,0.068,0.038,0.067,LPP_ALT---CENT_NOFITS,2018-08-16 00:00:00,1.0,q1_q17_dr25_tce,005/005955/005955321/dv/kplr005955321-001-20160209194854_dvs.pdf,q1_q17_dr25_sup_koi,q1_q17_dr25_koi,2454969.886,0.000107,-0.000107,005/005955/005955321/dv/kplr005955321-20160209194854_dvr.pdf,1,0,0,0,151.54,143.16,-49.76,0.24126,0.00063,-0.00042,LS+MCMC,0.0,0
11969988,K04011.01,,295.05322,0.0,19h40m12.77s,50.34774,0.0,+50d20m51.9s,12.881,,12.455,,12.367,,12.339,,11.418,0.021,11.157,0.017,11.141,0.018,12.521,,cumulative,Done,11111111111111111000000000000000,FALSE POSITIVE,FALSE POSITIVE,1,611.0,3.6893404,21.233849,0.7998,Claret (2011 A&A 529 75) ATLAS LS,0.0,0.0,0.305,0.3201,Mandel and Agol (2002 ApJ 580 171),44.1,,,132.01727,0.00569,-0.00569,0.0,,,,,,1.68,0.34,-0.57,0.0364,,,0.594,0.218,-0.594,4.41,1.0,-1.0,,,,66.3,3.6,-3.6,2.19068738,1.183e-05,-1.183e-05,0.00777,0.001805,-0.00075,3.18,1.5,-1.5,79.24,,,2017.0,,,6208.0,167.0,-167.0,3.973,0.259,-0.111,-0.02,0.25,-0.25,1.975,0.411,-0.668,1.337,0.18,-0.27,,,,q1_q17_dr25_stellar,0.0,19.67024,1.5e-05,50.34687,0.00015,0.88,0.5,-3.12,0.56,-3.2e-05,2e-05,0.000128,2.3e-05,0.38,0.31,-3.1,1.2,3.2,1.2,0.55,0.27,-3.1,1.1,3.1,1.0,NO_COMMENT,2018-08-16 00:00:00,1.0,q1_q17_dr25_tce,011/011969/011969988/dv/kplr011969988-001-20160209194854_dvs.pdf,q1_q17_dr25_sup_koi,q1_q17_dr25_koi,2454965.017,0.00569,-0.00569,011/011969/011969988/dv/kplr011969988-20160209194854_dvr.pdf,0,1,1,0,3913.33,2438.03,-2376.62,0.12725,0.1233,-0.08605,LS+MCMC,0.495,0
11757451,K04745.01,Kepler-443 b,288.61053,0.0,19h14m26.53s,49.968632,0.0,+49d58m07.1s,16.721,,15.827,,15.535,,15.394,,14.365,0.036,13.802,0.036,13.815,0.045,15.891,,cumulative,Done,11111111111111111000000000000000,CONFIRMED,CANDIDATE,1,8.0,5.100828,9.156626,0.4843,Claret (2011 A&A 529 75) ATLAS LS,0.0,0.0,0.1082,0.627,Mandel and Agol (2002 ApJ 580 171),12.7,,,264.2428,0.0134,-0.0134,0.0,,,,,,2.32,0.13,-0.09,0.5594,,,0.772,0.175,-0.53,9.298,0.463,-0.463,,,,901.4,81.0,-81.0,177.668663,0.003315,-0.003315,0.030353,0.006497,-0.004112,99.5,43.9,-43.9,89.56,,,233.0,,,4721.0,75.0,-85.0,4.615,0.021,-0.036,-0.02,0.15,-0.15,0.701,0.039,-0.029,0.74,0.037,-0.037,,,,q1_q17_dr25_stellar,0.79,19.240679,4.4e-05,49.9686,0.00039,-0.9,1.5,-0.1,1.4,0.0006,0.0013,-0.0002,0.0012,0.08,0.5,0.78,0.46,0.79,0.46,-0.06,0.49,0.62,0.45,0.63,0.45,NO_COMMENT,2018-08-16 00:00:00,1.0,q1_q17_dr25_tce,011/011757/011757451/dv/kplr011757451-001-20160209194854_dvs.pdf,q1_q17_dr25_sup_koi,q1_q17_dr25_koi,2455097.243,0.0134,-0.0134,011/011757/011757451/dv/kplr011757451-20160209194854_dvr.pdf,0,0,0,0,0.7,0.13,-0.1,0.59089,1.56444,-0.1155,LS+MCMC,0.877,1
3962243,K01203.03,Kepler-276 d,293.56815,0.0,19h34m16.36s,39.03632,0.0,+39d02m10.8s,15.857,,15.297,,15.159,,15.047,,14.234,0.026,13.867,0.028,13.838,0.053,15.368,,cumulative,Done,11111011101110111000000000000000,CONFIRMED,CANDIDATE,3,20.0,4.0911517,10.06212,0.0722,Claret (2011 A&A 529 75) ATLAS LS,0.0,0.0,0.2602,0.4096,Mandel and Agol (2002 ApJ 580 171),12.2,,,172.1271,0.0103,-0.0103,0.0,,,,,,4.14,0.67,-0.23,0.2642,,,0.988,69.78,-0.682,5.464,0.515,-0.515,,,,641.8,60.5,-60.5,48.6478543,0.0007426,-0.0007426,0.038915,69.74292,-0.650998,22.0,11.0,-11.0,87.42,,,489.0,,,5779.0,78.0,-86.0,4.477,0.032,-0.128,0.14,0.15,-0.15,0.974,0.158,-0.053,1.037,0.056,-0.068,,,,q1_q17_dr25_stellar,0.321,19.571248,3.3e-05,39.03633,0.00039,1.6,1.4,0.0,1.4,-0.00091,0.0009,-6e-05,0.00094,0.05,0.71,0.83,0.73,0.84,0.73,0.2,0.85,0.9,1.1,0.9,1.0,NO_COMMENT,2018-08-16 00:00:00,3.0,q1_q17_dr25_tce,003/003962/003962243/dv/kplr003962243-003-20160209194854_dvs.pdf,q1_q17_dr25_sup_koi,q1_q17_dr25_koi,2455005.127,0.0103,-0.0103,003/003962/003962243/dv/kplr003962243-20160209194854_dvr.pdf,0,0,0,0,13.57,5.76,-2.15,0.08459,23.07582,-0.04989,LS+MCMC,0.829,1
5364071,K00248.02,Kepler-49 c,292.29459,0.0,19h29m10.70s,40.591789,0.0,+40d35m30.4s,16.628,,15.264,,14.68,,14.342,,13.184,0.021,12.487,0.023,12.383,0.023,15.264,,cumulative,Done,11111111111111111000000000000000,CONFIRMED,CANDIDATE,4,111.0,7.4485817,42.68845,0.4122,Claret (2011 A&A 529 75) ATLAS LS,0.0,0.0,0.3037,0.4224,Mandel and Agol (2002 ApJ 580 171),57.4,,,169.85247,0.00105,-0.00105,0.0,,,,,,2.13,0.12,-0.16,0.0785,,,0.685,0.192,-0.459,2.1801,0.0445,-0.0445,,,,1387.2,26.5,-26.5,10.91274065,1.465e-05,-1.465e-05,0.036155,0.003238,-0.002008,29.7,13.1,-13.1,88.68,,,443.0,,,3834.0,77.0,-84.0,4.708,0.045,-0.021,-0.02,0.15,-0.15,0.539,0.03,-0.041,0.541,0.037,-0.037,,,,q1_q17_dr25_stellar,0.668,19.4862987,5.4e-06,40.591756,5.1e-05,-0.3,0.22,-0.12,0.18,0.0,0.00034,0.00012,0.00033,0.11,0.31,-0.06,0.19,0.13,0.25,0.0,0.31,-0.12,0.22,0.12,0.23,NO_COMMENT,2018-08-16 00:00:00,3.0,q1_q17_dr25_tce,005/005364/005364071/dv/kplr005364071-003-20160209194854_dvs.pdf,q1_q17_dr25_sup_koi,q1_q17_dr25_koi,2455002.852,0.00105,-0.00105,005/005364/005364071/dv/kplr005364071-20160209194854_dvr.pdf,0,0,0,0,9.12,1.88,-2.0,4.17699,5.51141,-0.32659,LS+MCMC,1.0,1
6871071,K02220.04,,294.13791,0.0,19h36m33.10s,42.370499,0.0,+42d22m13.8s,15.167,,14.65,,14.48,,14.389,,13.503,0.021,13.181,0.025,13.136,0.032,14.686,,cumulative,Done,11111111111111111000000000000000,CANDIDATE,CANDIDATE,5,136.0,4.6038723,9.758844,0.0822,Claret (2011 A&A 529 75) ATLAS LS,0.0,0.0,0.2638,0.4046,Mandel and Agol (2002 ApJ 580 171),13.2,,,137.38342,0.00707,-0.00707,0.0,,,,,,1.6,0.25,-0.37,0.0767,,,0.216,0.227,-0.216,3.614,0.189,-0.189,,,,114.1,9.3,-9.3,7.66462913,7.296e-05,-7.296e-05,0.009699,0.000478,-0.000529,15.99,2.9,-2.9,89.23,,,1106.0,,,5640.0,85.0,-77.0,4.087,0.203,-0.087,0.14,0.15,-0.15,1.515,0.236,-0.353,1.024,0.093,-0.084,,,,q1_q17_dr25_stellar,0.24,19.609157,3.1e-05,42.37036,0.00031,-1.5,1.2,-0.5,1.1,0.00015,0.00013,4e-05,0.00012,0.6,1.2,-0.4,1.3,0.7,1.2,0.5,1.2,-0.6,1.3,0.8,1.3,NO_COMMENT,2018-08-16 00:00:00,4.0,q1_q17_dr25_tce,006/006871/006871071/dv/kplr006871071-004-20160209194854_dvs.pdf,q1_q17_dr25_sup_koi,q1_q17_dr25_koi,2454970.383,0.00707,-0.00707,006/006871/006871071/dv/kplr006871071-20160209194854_dvr.pdf,0,0,0,0,353.31,147.75,-156.58,1.31718,0.24266,-0.52288,LS+MCMC,0.895,1
11601584,K01831.03,Kepler-324 d,286.47147,0.0,19h05m53.15s,49.649021,0.0,+49d38m56.5s,14.72,,14.038,,13.866,,13.758,,12.783,0.027,12.337,0.031,12.291,0.025,14.122,,cumulative,Done,11111110111011101000000000000000,CONFIRMED,CANDIDATE,4,27.0,5.0435963,10.421222,0.5569,Claret (2011 A&A 529 75) ATLAS LS,0.0,0.0,0.1914,0.5167,Mandel and Agol (2002 ApJ 580 171),11.6,,,148.8050925,,,0.0,,,,,,1.1,0.09,-0.06,0.1949,,,0.319,,,5.1691,,,,,,183.2,,,34.205785079,,,0.012235,0.0,0.0,48.562056,,,89.62,,,471.0,,,5191.0,103.0,-103.0,4.53,0.044,-0.055,0.08,0.15,-0.15,0.826,0.061,-0.05,0.844,0.049,-0.044,,,,q1_q17_dr25_stellar,,19.098045,2.6e-05,49.64921,0.00029,-1.85,0.92,0.7,1.0,,,-7e-05,0.0002,0.26,0.39,1.66,0.76,1.68,0.75,0.26,0.39,1.92,0.75,1.94,0.75,NO_COMMENT,2018-08-16 00:00:00,4.0,q1_q17_dr25_tce,011/011601/011601584/dv/kplr011601584-004-20160209194854_dvs.pdf,q1_q17_dr25_sup_koi,q1_q17_dr25_koi,2454981.805,,,011/011601/011601584/dv/kplr011601584-20160209194854_dvr.pdf,0,0,0,0,11.67,2.89,-2.16,1.85161,0.0,0.0,LS,0.85,1
7377033,K00882.01,,295.83536,0.0,19h43m20.49s,42.943062,0.0,+42d56m35.0s,16.194,,15.518,,15.25,,15.09,,14.118,0.024,13.646,0.026,13.534,0.039,15.533,,cumulative,Done,11111111111111111000000000000000,FALSE POSITIVE,FALSE POSITIVE,1,685.0,114.08557,1443.2662,0.0,Claret (2011 A&A 529 75) ATLAS LS,0.0,0.0,0.2787,0.3888,Mandel and Agol (2002 ApJ 580 171),125.4,,,170.694208,0.00043,-0.00043,0.0,,,,,,21.58,1.33,-1.47,0.0259,,,1.091,11.83,-0.023,2.1958,0.0257,-0.0257,,,,24905.0,244.0,-244.0,1.956811408,1.059e-06,-1.059e-06,0.327759,11.71172,-0.019737,5.28,2.6,-2.6,78.08,,,1109.0,,,5209.0,171.0,-155.0,4.657,0.063,-0.032,-1.24,0.3,-0.3,0.603,0.037,-0.041,0.602,0.048,-0.018,,,,q1_q17_dr25_stellar,0.0,19.72235617,1.8e-07,42.9430398,2.2e-06,-0.0721,0.0073,-0.0729,0.0078,-0.0006,0.0022,0.0002,0.0031,0.007,0.067,-0.007,0.067,0.01,0.067,0.047,0.069,-0.041,0.068,0.063,0.068,DEPTH_ODDEVEN_ALT---MOD_ODDEVEN_DV---MOD_ODDEVEN_ALT,2018-08-16 00:00:00,1.0,q1_q17_dr25_tce,007/007377/007377033/dv/kplr007377033-001-20160209194854_dvs.pdf,q1_q17_dr25_sup_koi,q1_q17_dr25_koi,2455003.694,0.00043,-0.00043,007/007377/007377033/dv/kplr007377033-20160209194854_dvr.pdf,0,1,0,0,357.16,100.66,-82.23,0.72779,33.18777,-0.0504,LS+MCMC,0.0,0
12105051,K00141.01,,288.0383,0.0,19h12m09.19s,50.651611,0.0,+50d39m05.8s,14.261,,13.618,,13.441,,13.384,,12.489,0.03,12.052,0.031,11.986,0.022,13.687,,cumulative,Done,11111111111111111000000000000000,CANDIDATE,CANDIDATE,1,508.0,18.873169,249.06653,0.5493,Claret (2011 A&A 529 75) ATLAS LS,0.0,0.0,0.1828,0.5324,Mandel and Agol (2002 ApJ 580 171),361.1,,,132.304988,0.000122,-0.000122,0.0,,,,,,5.11,0.6,-0.23,0.0368,,,0.781,0.057,-0.39,1.3874,0.0316,-0.0316,,,,2607.0,8.9,-8.9,2.624234833,3.89e-07,-3.89e-07,0.052044,0.001143,-0.004651,10.22,4.2,-4.2,85.62,,,1164.0,,,5340.0,106.0,-106.0,4.514,0.033,-0.104,0.36,0.1,-0.15,0.899,0.105,-0.04,0.963,0.03,-0.059,,,,q1_q17_dr25_stellar,0.001,19.2025446,1e-06,50.651584,1.1e-05,-0.299,0.034,-0.095,0.038,0.00015,0.00011,0.00017,0.00014,-0.029,0.067,-0.285,0.071,0.287,0.071,-0.285,0.068,-0.374,0.071,0.47,0.071,NO_COMMENT,2018-08-16 00:00:00,1.0,q1_q17_dr25_tce,012/012105/012105051/dv/kplr012105051-001-20160209194854_dvs.pdf,q1_q17_dr25_sup_koi,q1_q17_dr25_koi,2454965.305,0.000122,-0.000122,012/012105/012105051/dv/kplr012105051-20160209194854_dvr.pdf,0,0,0,0,434.31,151.68,-68.35,2.93173,6.05024,-0.94331,LS+MCMC,1.0,1
6207053,K06675.01,,292.5015,0.0,19h30m00.36s,41.549061,0.0,+41d32m56.6s,16.405,,15.481,,15.187,,15.014,,13.928,0.022,13.407,0.026,13.303,0.038,15.553,,cumulative,Done,11111111111111111000000000000000,FALSE POSITIVE,FALSE POSITIVE,1,2214.0,3.569665,13.060915,0.9999,Claret (2011 A&A 529 75) ATLAS LS,0.0,0.0,0.1054,0.6323,Mandel and Agol (2002 ApJ 580 171),40.3,,,131.84831,0.00136,-0.00136,0.0,,,,,,1.29,0.12,-0.09,0.013,,,0.039,0.39,-0.039,1.3741,0.0506,-0.0506,,,,334.5,10.4,-10.4,0.604755462,9.89e-07,-9.89e-07,0.016228,0.000629,-0.000376,3.4653,0.0778,-0.0778,89.35,,,1598.0,,,4842.0,144.0,-144.0,4.616,0.024,-0.06,0.12,0.25,-0.3,0.726,0.07,-0.049,0.815,0.036,-0.078,,,,q1_q17_dr25_stellar,0.0,19.495983,2.9e-05,41.54936,0.00022,-166.3,1.2,1.09,0.8,0.02137,0.00015,-0.00018,0.0001,,,,,,,,,,,,,MOD_SEC_DV---MOD_SEC_ALT---CENT_RESOLVED_OFFSET---HALO_GHOST,2018-08-16 00:00:00,1.0,q1_q17_dr25_tce,006/006207/006207053/dv/kplr006207053-001-20160209194854_dvs.pdf,q1_q17_dr25_sup_koi,q1_q17_dr25_koi,2454964.848,0.00136,-0.00136,006/006207/006207053/dv/kplr006207053-20160209194854_dvr.pdf,0,1,1,0,1534.24,539.51,-351.88,2.15242,0.04835,-0.78698,LS+MCMC,0.0,0
4645833,K04783.01,,289.07837,0.0,19h16m18.81s,39.70882,0.0,+39d42m31.8s,15.839,,15.185,,14.957,,14.805,,13.826,0.027,13.446,0.026,13.379,0.038,15.222,,cumulative,Done,11111111111111111000000000000000,FALSE POSITIVE,FALSE POSITIVE,1,1800.0,4.1973567,10.553514,0.9952,Claret (2011 A&A 529 75) ATLAS LS,0.0,0.0,0.2337,0.4535,Mandel and Agol (2002 ApJ 580 171),26.0,,,132.18904,0.0024,-0.0024,0.0,,,,,,11.82,1.81,-0.9,0.0146,,,1.144,0.861,-0.136,2.255,0.131,-0.131,,,,172.8,8.1,-8.1,0.743495989,2.246e-06,-2.246e-06,0.157758,0.857997,-0.127849,1.232,0.57,-0.57,21.75,,,1617.0,,,5345.0,160.0,-160.0,4.639,0.036,-0.09,-0.54,0.3,-0.3,0.686,0.105,-0.052,0.747,0.079,-0.064,,,,q1_q17_dr25_stellar,0.0,19.271787,2.5e-05,39.71048,0.00034,-4.3,1.1,6.0,1.2,0.000302,7.6e-05,-0.00039,8.9e-05,-2.56,0.2,2.68,0.26,3.71,0.23,-2.69,0.2,2.89,0.26,3.95,0.23,MOD_NONUNIQ_ALT---SAME_NTL_PERIOD---CENT_RESOLVED_OFFSET,2018-08-16 00:00:00,2.0,q1_q17_dr25_tce,004/004645/004645833/dv/kplr004645833-002-20160209194854_dvs.pdf,q1_q17_dr25_sup_koi,q1_q17_dr25_koi,2454965.189,0.0024,-0.0024,004/004645/004645833/dv/kplr004645833-20160209194854_dvr.pdf,1,0,1,0,1612.65,799.94,-392.89,0.06398,0.2368,-0.01529,LS+MCMC,0.0,0
9904059,K00145.01,,296.81772,0.0,19h47m16.25s,46.781509,0.0,+46d46m53.4s,14.407,,13.552,,13.265,,13.071,,12.008,0.026,11.483,0.022,11.382,0.025,13.608,,cumulative,Done,11111101110111011000000000000000,FALSE POSITIVE,FALSE POSITIVE,1,10.0,14.384349,39.480255,0.7313,Claret (2011 A&A 529 75) ATLAS LS,0.0,0.0,0.1697,0.5559,Mandel and Agol (2002 ApJ 580 171),86.1,,,158.07473,0.00377,-0.00377,0.0,,,,,,39.0,1.1,-9.39,0.5554,,,0.922,0.005,-0.007,15.735,0.263,-0.263,,,,1896.7,27.3,-27.3,102.9641952,0.0005766,-0.0005766,0.050162,0.000555,-0.000814,25.15,2.8,-2.8,87.9,,,797.0,,,5047.0,40.0,-160.0,3.066,0.033,-0.027,0.07,0.1,-0.25,7.119,0.201,-1.713,2.15,0.05,-0.858,,,,q1_q17_dr25_stellar,0.0,19.7878436,2.3e-06,46.781529,2.3e-05,-0.164,0.085,0.07,0.081,-0.00012,0.00029,-0.00045,0.00038,-0.05,0.19,0.01,0.19,0.06,0.19,-0.07,0.19,0.01,0.2,0.07,0.19,NO_COMMENT,2018-08-16 00:00:00,1.0,q1_q17_dr25_tce,009/009904/009904059/dv/kplr009904059-001-20160209194854_dvs.pdf,q1_q17_dr25_sup_koi,q1_q17_dr25_koi,2454991.075,0.00377,-0.00377,009/009904/009904059/dv/kplr009904059-20160209194854_dvr.pdf,0,1,0,0,95.4,8.7,-47.04,0.02838,0.00311,-0.00288,LS+MCMC,1.0,0
3836439,K06364.01,,286.94843,0.0,19h07m47.62s,38.928219,0.0,+38d55m41.6s,7.604,,7.558,,7.627,,7.696,,7.066,0.023,6.969,0.022,6.944,0.022,7.57,,cumulative,Done,11111111111111111000000000000000,FALSE POSITIVE,FALSE POSITIVE,1,866.0,781.6583,7840.81,0.636,Claret (2011 A&A 529 75) ATLAS LS,0.0,0.0,0.3349,0.2264,Mandel and Agol (2002 ApJ 580 171),997.9,,,131.9963513,7.11e-05,-7.11e-05,0.0,,,,,,117.33,22.51,-48.77,0.0299,,,1.072,0.035,-0.021,2.80168,0.00385,-0.00385,,,,70614.6,83.0,-83.0,1.540395674,1.29e-07,-1.29e-07,0.47064,0.027111,-0.018028,4.4015,0.0724,-0.0724,75.9,,,2850.0,,,7394.0,233.0,-311.0,3.897,0.375,-0.125,-0.58,0.3,-0.3,2.283,0.438,-0.949,1.502,0.192,-0.357,,,,q1_q17_dr25_stellar,,19.130123695,8.6e-08,38.93012256,7.9e-07,9.5945,0.0036,6.8492,0.0028,,,-0.321,0.011,5.4,1.5,2.8,1.1,6.1,1.4,13.8,1.6,5.67,0.93,14.9,1.5,SWEET_EB---MOD_SEC_DV---MOD_SEC_ALT---DEEP_V_SHAPED---HAS_SEC_TCE---CENT_SATURATED---EPHEM_MATCH,2018-08-16 00:00:00,1.0,q1_q17_dr25_tce,003/003836/003836439/dv/kplr003836439-001-20160209194854_dvs.pdf,q1_q17_dr25_sup_koi,q1_q17_dr25_koi,2454964.996,7.11e-05,-7.11e-05,003/003836/003836439/dv/kplr003836439-20160209194854_dvr.pdf,0,1,0,1,15595.35,9485.23,-11111.55,0.67983,0.01118,-0.00755,LS+MCMC,0.0,0
11905409,K03312.01,,286.50211,0.0,19h06m00.51s,50.246189,0.0,+50d14m46.3s,16.21,,15.683,,15.537,,15.454,,14.563,0.035,14.202,0.048,14.156,0.067,15.739,,cumulative,Done,11111110111011101000000000000000,CANDIDATE,CANDIDATE,1,63.0,2.768991,9.789039,0.1293,Claret (2011 A&A 529 75) ATLAS LS,0.0,0.0,0.2916,0.3447,Mandel and Agol (2002 ApJ 580 171),11.6,,,139.01706,0.0099,-0.0099,0.0,,,,,,1.91,0.48,-0.16,0.133,,,0.445,0.026,-0.445,3.294,0.333,-0.333,,,,467.3,48.0,-48.0,18.0939004,0.0002288,-0.0002288,0.020174,0.000739,-0.001748,38.5,16.3,-16.3,89.34,,,665.0,,,5904.0,142.0,-178.0,4.543,0.044,-0.176,-0.24,0.3,-0.3,0.867,0.218,-0.073,0.958,0.109,-0.12,,,,q1_q17_dr25_stellar,0.004,19.100097,3.9e-05,50.24561,0.00036,-1.5,1.4,-2.1,1.3,0.00064,0.00059,0.00097,0.00057,-0.49,0.36,0.23,0.35,0.55,0.36,-0.42,0.36,0.16,0.35,0.45,0.36,CENT_FEW_DIFFS,2018-08-16 00:00:00,1.0,q1_q17_dr25_tce,011/011905/011905409/dv/kplr011905409-001-20160209194854_dvs.pdf,q1_q17_dr25_sup_koi,q1_q17_dr25_koi,2454972.017,0.0099,-0.0099,011/011905/011905409/dv/kplr011905409-20160209194854_dvr.pdf,0,0,0,0,46.21,33.38,-11.92,3.30395,1.40204,-2.02149,LS+MCMC,1.0,1
6442735,K05283.01,,291.76413,0.0,19h27m03.39s,41.86013,0.0,+41d51m36.5s,14.517,,13.989,,13.84,,13.767,,12.936,0.023,12.588,0.022,12.548,0.025,14.043,,cumulative,Done,11111111111111111000000000000000,CANDIDATE,CANDIDATE,1,68.0,6.1326876,8.179671,,Claret (2011 A&A 529 75) ATLAS LS,0.0,0.0,0.2826,0.3635,Mandel and Agol (2002 ApJ 580 171),9.8,,,147.8508,0.0148,-0.0148,0.0,,,,,,0.83,0.34,-0.08,0.138,,,0.1986,0.2549,-0.1986,5.573,0.537,-0.537,,,,77.2,9.4,-9.4,18.7821603,0.0004061,-0.0004061,0.008047,0.00046,-0.000676,25.4505,0.0728,-0.0728,89.38,,,681.0,,,5919.0,156.0,-167.0,4.488,0.048,-0.29,-0.12,0.24,-0.3,0.94,0.386,-0.087,0.991,0.128,-0.118,,,,stellar_q1_q16,0.0,19.451034,3.7e-05,41.86017,0.00042,3.7,1.5,0.1,1.5,-0.00027,0.00011,-2e-05,0.00011,0.5,1.3,-1.6,0.67,1.68,0.58,0.5,1.2,-1.78,0.64,1.85,0.6,,2018-08-16 00:00:00,1.0,q1_q17_dr24_tce,006/006442/006442735/dv/kplr006442735-001-20141002224145_dvs.pdf,q1_q17_dr25_sup_koi,q1_q17_dr24_koi,2454980.851,0.0148,-0.0148,006/006442/006442735/dv/kplr006442735-20141002224145_dvr.pdf,0,0,0,0,50.97,61.57,-13.54,0.88401,0.00253,-0.63163,MCMC,,1
8417078,K04693.01,Kepler-1619 b,285.70346,0.0,19h02m48.83s,44.422001,0.0,+44d25m19.2s,13.719,,13.283,,13.179,,13.131,,12.232,0.026,11.888,0.029,11.858,0.024,13.341,,cumulative,Done,11111111111111111000000000000000,CONFIRMED,CANDIDATE,1,61.0,3.412341,9.463604,0.0308,Claret (2011 A&A 529 75) ATLAS LS,0.0,0.0,0.3036,0.3098,Mandel and Agol (2002 ApJ 580 171),11.4,,,146.9643,0.0195,-0.0195,0.0,,,,,,1.07,0.22,-0.27,0.1611,,,0.369,0.098,-0.369,6.852,0.542,-0.542,,,,57.0,5.8,-5.8,23.6223571,0.0005363,-0.0005363,0.007017,0.000383,-0.000471,24.68,8.2,-8.2,89.14,,,797.0,,,6144.0,170.0,-170.0,4.149,0.216,-0.126,-0.3,0.3,-0.3,1.393,0.29,-0.355,0.999,0.165,-0.124,,,,q1_q17_dr25_stellar,0.087,19.04694,2.4e-05,44.42228,0.0003,1.61,0.94,1.0,1.1,-8.1e-05,5.3e-05,-3.3e-05,6.1e-05,0.08,0.69,0.59,0.81,0.6,0.74,0.29,0.68,1.0,0.82,1.04,0.66,CENT_KIC_POS,2018-08-16 00:00:00,1.0,q1_q17_dr25_tce,008/008417/008417078/dv/kplr008417078-001-20160209194854_dvs.pdf,q1_q17_dr25_sup_koi,q1_q17_dr25_koi,2454979.964,0.0195,-0.0195,008/008417/008417078/dv/kplr008417078-20160209194854_dvr.pdf,0,0,0,0,95.35,59.89,-48.03,0.50976,0.16874,-0.25575,LS+MCMC,0.991,1
7898352,K01486.01,Kepler-302 c,294.31699,0.0,19h37m16.08s,43.629341,0.0,+43d37m45.6s,16.016,,15.46,,15.286,,15.189,,14.259,0.026,13.913,0.035,13.9,0.055,15.505,,cumulative,Done,11111111111111111000000000000000,CONFIRMED,CANDIDATE,2,11.0,46.034946,116.552216,0.3049,Claret (2011 A&A 529 75) ATLAS LS,0.0,0.0,0.2602,0.4096,Mandel and Agol (2002 ApJ 580 171),148.1,,,163.89,0.00115,-0.00115,0.0,,,,,,12.04,1.87,-2.06,0.4913,,,0.827,0.009,-0.011,7.1545,0.0744,-0.0744,,,,8088.6,62.6,-62.6,127.2824442,0.0001696,-0.0001696,0.093207,0.000529,-0.001037,97.12,6.8,-6.8,89.51,,,392.0,,,5733.0,115.0,-104.0,4.281,0.143,-0.104,0.06,0.15,-0.15,1.183,0.184,-0.202,0.974,0.079,-0.065,,,,q1_q17_dr25_stellar,0.0,19.6211208,3e-06,43.629298,3.7e-05,-0.44,0.12,-0.15,0.13,0.003,0.0019,-0.001,0.0025,-0.004,0.072,-0.03,0.083,0.03,0.083,-0.085,0.072,-0.35,0.093,0.36,0.092,NO_COMMENT,2018-08-16 00:00:00,1.0,q1_q17_dr25_tce,007/007898/007898352/dv/kplr007898352-001-20160209194854_dvs.pdf,q1_q17_dr25_sup_koi,q1_q17_dr25_koi,2454996.89,0.00115,-0.00115,007/007898/007898352/dv/kplr007898352-20160209194854_dvr.pdf,0,0,0,0,5.61,2.49,-2.03,1.06975,0.07479,-0.08104,LS+MCMC,1.0,1
9715939,K03690.01,,294.16989,0.0,19h36m40.77s,46.425289,0.0,+46d25m31.0s,15.958,,15.489,,15.328,,15.228,,14.386,0.031,14.205,0.045,14.012,0.061,15.517,,cumulative,Done,00000000111111111000000000000000,FALSE POSITIVE,FALSE POSITIVE,1,56.0,79.03802,431.18408,0.364,Claret (2011 A&A 529 75) ATLAS LS,0.0,0.0,0.3105,0.2893,Mandel and Agol (2002 ApJ 580 171),453.0,,,141.611199,0.000433,-0.000433,0.0,,,,,,62.52,17.85,-14.61,0.1108,,,1.241,0.317,-0.173,3.30029,0.00976,-0.00976,,,,16032.8,42.6,-42.6,12.893018017,5.268e-06,-5.268e-06,0.406644,0.29793,-0.149807,19.79,3.0,-3.0,86.4,,,1004.0,,,6387.0,181.0,-227.0,4.178,0.214,-0.175,-0.26,0.25,-0.3,1.408,0.402,-0.329,1.086,0.177,-0.145,,,,q1_q17_dr25_stellar,0.0,19.61133416,7.6e-07,46.4253698,8.9e-06,0.278,0.028,0.287,0.032,0.0008,0.0018,0.0041,0.0026,-0.134,0.07,-0.109,0.069,0.173,0.071,-0.009,0.07,0.035,0.067,0.036,0.068,DEEP_V_SHAPED,2018-08-16 00:00:00,1.0,q1_q17_dr25_tce,009/009715/009715939/dv/kplr009715939-001-20160209194854_dvs.pdf,q1_q17_dr25_sup_koi,q1_q17_dr25_koi,2454974.611,0.000433,-0.000433,009/009715/009715939/dv/kplr009715939-20160209194854_dvr.pdf,0,1,0,0,240.5,203.95,-118.29,0.88244,0.1348,-0.03546,LS+MCMC,0.0,0
2720828,K04669.01,,293.14069,0.0,19h32m33.77s,37.994469,0.0,+37d59m40.1s,15.422,,14.931,,14.778,,14.707,,13.804,0.024,13.518,0.026,13.538,0.041,14.971,,cumulative,Done,11111111111111111000000000000000,FALSE POSITIVE,FALSE POSITIVE,1,775.0,5.3442087,8.421807,,Claret (2011 A&A 529 75) ATLAS LS,0.0,0.0,0.3006,0.3212,Mandel and Agol (2002 ApJ 580 171),9.5,,,131.6976,0.0051,-0.0051,0.0,,,,,,1.17,0.49,-0.11,0.0285,,,0.1534,0.3021,-0.1533,1.154,0.213,-0.213,,,,138.0,18.9,-18.9,1.71659304,1.316e-05,-1.316e-05,0.010881,0.000855,-0.000877,11.37,2.0,-2.0,89.38,,,1607.0,,,6192.0,169.0,-206.0,4.467,0.05,-0.295,-0.22,0.24,-0.3,0.987,0.413,-0.095,1.037,0.176,-0.127,,,,stellar_q1_q16,0.0,19.543015,3.4e-05,38.00121,0.00043,12.9,1.4,24.3,1.5,-0.00161,0.00018,-0.00323,0.0002,4.65,0.073,10.075,0.072,11.097,0.072,4.7,0.07,9.979,0.076,11.03,0.078,CLEAR_APO,2018-08-16 00:00:00,1.0,q1_q17_dr24_tce,002/002720/002720828/dv/kplr002720828-001-20141002224145_dvs.pdf,q1_q17_dr25_sup_koi,q1_q17_dr24_koi,2454964.698,0.0051,-0.0051,002/002720/002720828/dv/kplr002720828-20141002224145_dvr.pdf,0,0,1,0,1577.89,1957.81,-452.26,9.4346,1.63179,-7.73929,MCMC,,0
9693803,K07224.01,,283.11642,0.0,18h52m27.94s,46.442699,0.0,+46d26m33.7s,16.159,,15.594,,15.459,,15.378,,14.517,0.031,14.127,0.04,13.979,0.073,15.669,,cumulative,Done,11111111111111000000000000000,CANDIDATE,CANDIDATE,1,84.0,5.0887785,7.3248405,,Claret (2011 A&A 529 75) ATLAS LS,0.0,0.0,0.2811,0.3759,Mandel and Agol (2002 ApJ 580 171),7.3,,,142.1992,0.02,-0.02,0.0,,,,,,1.62,0.73,-0.15,0.1147,,,0.2136,0.2748,-0.2133,2.085,0.358,-0.358,,,,253.6,45.6,-45.6,13.4959496,0.0002598,-0.0002598,0.014581,0.001321,-0.001747,49.0,24.0,-24.0,89.95,,,784.0,,,5962.0,174.0,-220.0,4.464,0.047,-0.047,0.14,0.16,-0.3,1.019,0.456,-0.095,1.102,0.212,-0.145,,,,stellar_q1_q17,0.048,18.874366,5.5e-05,46.44246,0.00058,-2.3,2.0,-0.8,2.1,0.00067,0.00052,9e-05,0.00053,-0.64,0.4,-1.69,0.78,1.81,0.79,-0.81,0.62,-1.7,1.0,1.8,1.1,,2018-08-16 00:00:00,1.0,q1_q17_dr24_tce,009/009693/009693803/dv/kplr009693803-001-20141002224145_dvs.pdf,q1_q17_dr25_sup_koi,q1_q17_dr24_koi,2454975.199,0.02,-0.02,009/009693/009693803/dv/kplr009693803-20141002224145_dvr.pdf,0,0,0,0,89.25,120.55,-26.11,12.24811,89.93307,-4.60032,MCMC,,1
5283728,K05149.01,,294.27399,0.0,19h37m05.76s,40.462078,0.0,+40d27m43.5s,16.221,,15.602,,15.404,,15.304,,14.299,0.025,13.859,0.031,13.892,0.059,15.649,,cumulative,Done,01111011101110111000000000000000,CANDIDATE,CANDIDATE,1,23.0,3.6597404,8.315117,0.5523,Claret (2011 A&A 529 75) ATLAS LS,0.0,0.0,0.2711,0.3858,Mandel and Agol (2002 ApJ 580 171),9.8,,,168.9218,0.0375,-0.0375,0.0,,,,,,1.33,0.39,-0.12,0.2361,,,0.257,0.191,-0.257,12.37,1.4,-1.4,,,,258.0,31.3,-31.3,43.681309,0.002007,-0.002007,0.014709,0.000977,-0.001096,26.5,6.3,-6.3,89.44,,,473.0,,,5726.0,172.0,-172.0,4.564,0.034,-0.195,-0.22,0.3,-0.3,0.829,0.239,-0.075,0.923,0.098,-0.109,,,,q1_q17_dr25_stellar,0.068,19.61823,3.5e-05,40.46166,0.00044,-1.5,1.4,-1.5,1.6,0.00034,0.00035,0.00037,0.00039,-0.83,0.87,-0.67,0.92,1.07,0.89,-0.82,0.87,-0.65,0.9,1.05,0.88,CENT_FEW_DIFFS,2018-08-16 00:00:00,1.0,q1_q17_dr25_tce,005/005283/005283728/dv/kplr005283728-001-20160209194854_dvs.pdf,q1_q17_dr25_sup_koi,q1_q17_dr25_koi,2455001.922,0.0375,-0.0375,005/005283/005283728/dv/kplr005283728-20160209194854_dvr.pdf,0,0,0,0,11.86,10.3,-3.17,0.18447,0.04413,-0.11497,LS+MCMC,0.999,1
8524110,K07891.01,,300.55823,0.0,20h02m13.98s,44.570061,0.0,+44d34m12.2s,13.839,,13.353,,13.199,,13.142,,12.314,0.021,11.978,0.021,11.901,0.021,13.391,,cumulative,Done,11111111111111111000000000000000,FALSE POSITIVE,FALSE POSITIVE,1,1681.0,3.1731455,8.795994,0.1421,Claret (2011 A&A 529 75) ATLAS LS,0.0,0.0,0.2916,0.3447,Mandel and Agol (2002 ApJ 580 171),9.8,,,131.8481,0.0117,-0.0117,0.0,,,,,,0.54,0.16,-0.13,0.0167,,,0.53,0.03,-0.468,3.301,0.401,-0.401,,,,19.3,2.5,-2.5,0.79708975,1.102e-05,-1.102e-05,0.004151,0.000158,-0.000471,1.736,0.671,-0.671,72.21,,,2262.0,,,6056.0,163.0,-181.0,4.271,0.185,-0.185,-0.24,0.3,-0.3,1.196,0.344,-0.282,0.975,0.156,-0.117,,,,q1_q17_dr25_stellar,,20.03724,3.1e-05,44.57035,0.00034,0.9,1.2,1.0,1.2,,,-2.2e-05,2.4e-05,-1.9,0.66,0.5,1.9,1.96,0.67,-1.77,0.66,0.7,1.6,1.9,0.64,CENT_UNRESOLVED_OFFSET---EPHEM_MATCH,2018-08-16 00:00:00,1.0,q1_q17_dr25_tce,008/008524/008524110/dv/kplr008524110-001-20160209194854_dvs.pdf,q1_q17_dr25_sup_koi,q1_q17_dr25_koi,2454964.848,0.0117,-0.0117,008/008524/008524110/dv/kplr008524110-20160209194854_dvr.pdf,0,0,1,1,6174.2,5209.9,-2980.47,0.15568,0.06021,-0.07397,LS+MCMC,0.0,0
5041569,K02795.01,,298.85361,0.0,19h55m24.87s,40.131088,0.0,+40d07m51.9s,15.77,,15.235,,15.059,,14.983,,14.174,0.026,13.869,0.032,13.774,0.044,15.273,,cumulative,Done,00011111111111111000000000000000,FALSE POSITIVE,FALSE POSITIVE,1,456.0,4.0670114,15.28427,0.8502,Claret (2011 A&A 529 75) ATLAS LS,0.0,0.0,0.3024,0.3288,Mandel and Agol (2002 ApJ 580 171),37.6,,,132.20054,0.00668,-0.00668,0.0,,,,,,2.7,0.94,-0.32,0.0385,,,0.965,0.02,-0.524,7.189,0.715,-0.715,,,,354.6,13.0,-13.0,2.5355023,1.826e-05,-1.826e-05,0.022452,0.001829,-0.004712,1.343,0.666,-0.666,44.06,,,1477.0,,,6268.0,173.0,-260.0,4.429,0.056,-0.238,0.07,0.25,-0.3,1.1,0.384,-0.128,1.188,0.17,-0.17,,,,q1_q17_dr25_stellar,0.0,19.923498,1.7e-05,40.12971,0.00016,-3.16,0.7,-4.97,0.58,0.00068,0.00014,0.00075,0.00011,0.2,1.1,0.36,0.26,0.43,0.68,0.3,1.1,0.32,0.31,0.45,0.85,MOD_SEC_DV---CENT_FEW_DIFFS,2018-08-16 00:00:00,1.0,q1_q17_dr25_tce,005/005041/005041569/dv/kplr005041569-001-20160209194854_dvs.pdf,q1_q17_dr25_sup_koi,q1_q17_dr25_koi,2454965.201,0.00668,-0.00668,005/005041/005041569/dv/kplr005041569-20160209194854_dvr.pdf,0,1,0,0,1127.68,1160.91,-384.42,0.00712,0.07059,-0.00185,LS+MCMC,0.024,0
8009500,K06951.01,,283.20117,0.0,18h52m48.28s,43.888981,0.0,+43d53m20.3s,15.21,,14.542,,14.309,,14.223,,13.205,0.022,12.745,0.021,12.729,0.028,14.579,,cumulative,Done,11111111111111111000000000000000,FALSE POSITIVE,FALSE POSITIVE,1,36.0,1218.4332,4760.222,0.0,Claret (2011 A&A 529 75) ATLAS LS,0.0,0.0,0.2175,0.4767,Mandel and Agol (2002 ApJ 580 171),3487.8,,,150.5742128,3.1e-05,-3.1e-05,0.0,,,,,,33.8,4.36,-3.94,0.2011,,,0.458,0.005,0.0,5.10744,0.00112,-0.00112,,,,173168.0,57.8,-57.8,38.47674409,1.461e-06,-1.461e-06,0.391811,0.000301,-0.000356,75.638,0.133,-0.133,89.65,,,463.0,,,5294.0,159.0,-143.0,4.507,0.095,-0.085,-0.34,0.35,-0.3,0.79,0.102,-0.092,0.733,0.11,-0.047,,,,q1_q17_dr25_stellar,0.0,18.880073388,5.7e-08,43.88906753,5.6e-07,-0.2067,0.0022,0.3151,0.002,-0.077,0.034,0.057,0.047,0.03,0.067,-0.022,0.067,0.037,0.067,0.011,0.068,0.136,0.068,0.137,0.068,MOD_SEC_DV---MOD_SEC_ALT---MOD_ODDEVEN_DV---HAS_SEC_TCE,2018-08-16 00:00:00,1.0,q1_q17_dr25_tce,008/008009/008009500/dv/kplr008009500-001-20160209194854_dvs.pdf,q1_q17_dr25_sup_koi,q1_q17_dr25_koi,2454983.574,3.1e-05,-3.1e-05,008/008009/008009500/dv/kplr008009500-20160209194854_dvr.pdf,0,1,0,0,10.85,4.72,-3.26,5.52944,0.00972,-0.0698,LS+MCMC,0.0,0
9899216,K07971.01,,295.16165,0.0,19h40m38.80s,46.750637,0.0,+46d45m02.3s,11.108,,10.864,,,,,,10.248,0.021,10.181,0.017,10.139,0.012,10.886,,cumulative,Done,11111111111111111000000000000000,FALSE POSITIVE,FALSE POSITIVE,1,1006.0,3.8256109,11.273222,0.0879,Claret (2011 A&A 529 75) ATLAS LS,0.0,0.0,0.2961,0.2708,Mandel and Agol (2002 ApJ 580 171),7.4,,,132.0133,0.0277,-0.0277,0.0,,,,,,0.69,0.18,-0.11,0.0294,,,0.454,0.054,-0.421,3.962,0.968,-0.968,,,,11.9,2.3,-2.3,1.33259003,3.593e-05,-3.593e-05,0.003252,0.000352,-0.000351,2.4,1.0,-1.0,79.1,,,2909.0,,,8133.0,227.0,-357.0,4.146,0.081,-0.175,0.21,0.15,-0.5,1.935,0.516,-0.301,1.91,0.278,-0.34,,,,q1_q17_dr25_stellar,0.019,19.677361,4e-05,46.75079,0.00034,-3.1,1.5,0.6,1.2,2.7e-05,1.3e-05,-5e-06,1.1e-05,-0.81,0.9,3.3,1.6,3.4,1.6,-0.32,0.95,3.5,1.5,3.6,1.5,CENT_SATURATED---EPHEM_MATCH,2018-08-16 00:00:00,1.0,q1_q17_dr25_tce,009/009899/009899216/dv/kplr009899216-001-20160209194854_dvs.pdf,q1_q17_dr25_sup_koi,q1_q17_dr25_koi,2454965.013,0.0277,-0.0277,009/009899/009899216/dv/kplr009899216-20160209194854_dvr.pdf,0,0,0,1,16962.04,13420.56,-6854.57,0.14748,0.31376,-0.13537,LS+MCMC,0.0,0
9411166,K01922.01,Kepler-1016 b,294.61365,0.0,19h38m27.28s,45.984619,0.0,+45d59m04.6s,15.817,,15.287,,15.159,,15.065,,14.179,0.027,13.843,0.037,13.728,0.047,15.356,,cumulative,Done,11111111111111111000000000000000,CONFIRMED,CANDIDATE,3,687.0,5.1833353,35.474197,0.661,Claret (2011 A&A 529 75) ATLAS LS,0.0,0.0,0.2555,0.4191,Mandel and Agol (2002 ApJ 580 171),43.1,,,132.29679,0.00138,-0.00138,0.0,,,,,,2.38,0.38,-0.3,0.0307,,,0.673,0.237,-0.455,2.0944,0.0457,-0.0457,,,,392.8,10.2,-10.2,1.954525966,3.283e-06,-3.283e-06,0.019224,0.002724,-0.001151,5.51,2.1,-2.1,82.98,,,1540.0,,,5741.0,77.0,-77.0,4.331,0.115,-0.115,0.16,0.15,-0.15,1.136,0.18,-0.147,1.01,0.073,-0.061,,,,q1_q17_dr25_stellar,0.625,19.640918,1e-05,45.98453,0.00011,0.29,0.38,-0.32,0.4,-0.0001,0.00014,1e-05,0.00015,0.01,0.11,0.41,0.15,0.41,0.15,0.09,0.1,0.35,0.16,0.36,0.15,NO_COMMENT,2018-08-16 00:00:00,1.0,q1_q17_dr25_tce,009/009411/009411166/dv/kplr009411166-001-20160209194854_dvs.pdf,q1_q17_dr25_sup_koi,q1_q17_dr25_koi,2454965.297,0.00138,-0.00138,009/009411/009411166/dv/kplr009411166-20160209194854_dvr.pdf,0,0,0,0,1331.18,553.07,-375.27,0.8297,0.92881,-0.55297,LS+MCMC,1.0,1
8813698,K01268.01,,289.88962,0.0,19h19m33.51s,45.005669,0.0,+45d00m20.4s,15.209,,14.752,,14.645,,14.589,,13.669,0.025,13.407,0.024,13.278,0.035,14.814,,cumulative,Done,11111111111111111000000000000000,CANDIDATE,CANDIDATE,1,4.0,82.94148,133.10529,0.3719,Claret (2011 A&A 529 75) ATLAS LS,0.0,0.0,0.2638,0.4046,Mandel and Agol (2002 ApJ 580 171),120.4,,,360.070904,0.000951,-0.000951,0.0,,,,,,13.57,2.3,-2.31,0.8272,,,0.765,0.02,-0.035,5.4434,0.0914,-0.0914,,,,9010.2,87.4,-87.4,268.9410974,0.0004975,-0.0004975,0.095141,0.000859,-0.001733,295.8,48.5,-48.5,89.85,,,321.0,,,5798.0,78.0,-78.0,4.224,0.156,-0.104,0.14,0.15,-0.15,1.306,0.222,-0.222,1.041,0.087,-0.063,,,,q1_q17_dr25_stellar,0.006,19.3259744,2.8e-06,45.005668,2.8e-05,-0.04,0.11,-0.01,0.1,-0.0002,0.0021,0.0017,0.0027,0.005,0.078,0.061,0.074,0.061,0.074,-0.082,0.091,0.194,0.095,0.211,0.095,NO_COMMENT,2018-08-16 00:00:00,1.0,q1_q17_dr25_tce,008/008813/008813698/dv/kplr008813698-001-20160209194854_dvs.pdf,q1_q17_dr25_sup_koi,q1_q17_dr25_koi,2455193.071,0.000951,-0.000951,008/008813/008813698/dv/kplr008813698-20160209194854_dvr.pdf,0,0,0,0,2.52,1.12,-0.87,6.7682,1.10909,-0.88679,LS+MCMC,0.996,1
11624249,K00356.01,Kepler-536 b,297.73639,0.0,19h50m56.73s,49.63715,0.0,+49d38m13.7s,14.448,,13.766,,13.532,,13.393,,12.379,0.022,11.988,0.015,11.892,0.021,13.807,,cumulative,Done,11111111111111111000000000000000,CONFIRMED,CANDIDATE,1,732.0,16.902527,263.46945,0.3198,Claret (2011 A&A 529 75) ATLAS LS,0.0,0.0,0.2327,0.4526,Mandel and Agol (2002 ApJ 580 171),273.7,,,170.52583,0.000206,-0.000206,0.0,,,,,,5.95,3.57,-3.56,0.0276,,,0.033,0.239,-0.033,1.96401,0.00799,-0.00799,,,,1164.7,5.0,-5.0,1.82708193,4.7e-07,-4.7e-07,0.030822,0.000294,-0.000109,7.3464,0.0579,-0.0579,89.74,,,1877.0,,,5311.0,159.0,-159.0,3.864,0.749,-0.321,-0.46,0.3,-0.3,1.769,1.06,-1.06,0.834,0.119,-0.131,,,,q1_q17_dr25_stellar,0.0,19.8490997,1.4e-06,49.637174,1.5e-05,0.269,0.05,0.087,0.053,-0.000253,6e-05,-6.6e-05,6.6e-05,-0.029,0.073,0.046,0.071,0.055,0.071,-0.018,0.073,-0.074,0.073,0.076,0.074,NO_COMMENT,2018-08-16 00:00:00,1.0,q1_q17_dr25_tce,011/011624/011624249/dv/kplr011624249-001-20160209194854_dvs.pdf,q1_q17_dr25_sup_koi,q1_q17_dr25_koi,2455003.526,0.000206,-0.000206,011/011624/011624249/dv/kplr011624249-20160209194854_dvr.pdf,0,0,0,0,2925.17,5492.75,-2509.08,2.24677,0.01772,-0.27744,LS+MCMC,1.0,1
6507427,K02455.01,,286.50739,0.0,19h06m01.77s,41.922131,0.0,+41d55m19.7s,14.849,,14.345,,14.226,,14.188,,13.321,0.035,13.021,0.04,12.943,0.038,14.413,,cumulative,Done,11111111111111111000000000000000,FALSE POSITIVE,FALSE POSITIVE,1,286.0,6.6035542,16.721176,0.1891,Claret (2011 A&A 529 75) ATLAS LS,0.0,0.0,0.2844,0.3661,Mandel and Agol (2002 ApJ 580 171),13.2,,,133.13916,0.00306,-0.00306,0.0,,,,,,1.77,0.5,-0.2,0.0573,,,0.051,0.397,-0.05,1.023,0.115,-0.115,,,,305.7,33.8,-33.8,4.74254518,1.709e-05,-1.709e-05,0.016086,0.001592,-0.000591,36.0,14.7,-14.7,89.92,,,1118.0,,,6046.0,169.0,-211.0,4.478,0.048,-0.192,0.07,0.25,-0.3,1.007,0.286,-0.114,1.111,0.12,-0.147,,,,q1_q17_dr25_stellar,0.0,19.100713,1.4e-05,41.92315,0.00014,8.87,0.55,3.66,0.5,-0.00211,0.00014,-0.00081,0.00013,3.16,0.13,2.0,0.1,3.74,0.14,3.624,0.098,2.352,0.089,4.32,0.095,CENT_KIC_POS---EPHEM_MATCH,2018-08-16 00:00:00,1.0,q1_q17_dr25_tce,006/006507/006507427/dv/kplr006507427-001-20160209194854_dvs.pdf,q1_q17_dr25_sup_koi,q1_q17_dr25_koi,2454966.139,0.00306,-0.00306,006/006507/006507427/dv/kplr006507427-20160209194854_dvr.pdf,0,0,0,1,369.34,310.58,-117.36,39.07912,15.92626,-38.13046,LS+MCMC,0.0,0
3114167,K00795.01,Kepler-684 b,290.87051,0.0,19h23m28.92s,38.273628,0.0,+38d16m25.1s,16.126,,15.562,,15.362,,15.258,,14.318,0.028,13.91,0.036,13.828,0.049,15.591,,cumulative,Done,11111111111111111000000000000000,CONFIRMED,CANDIDATE,1,200.0,6.5691905,43.840405,0.9274,Claret (2011 A&A 529 75) ATLAS LS,0.0,0.0,0.308,0.3117,Mandel and Agol (2002 ApJ 580 171),50.8,,,170.57662,0.00108,-0.00108,0.0,,,,,,2.77,0.46,-0.15,0.064,,,0.838,0.083,-0.589,2.0844,0.0454,-0.0454,,,,1304.0,29.7,-29.7,6.770300385,9.537e-06,-9.537e-06,0.037414,0.002226,-0.003905,15.21,7.5,-7.5,86.84,,,812.0,,,5653.0,166.0,-166.0,4.656,0.028,-0.112,-0.84,0.3,-0.3,0.679,0.112,-0.037,0.767,0.058,-0.071,,,,q1_q17_dr25_stellar,0.005,19.3913608,6.1e-06,38.273428,7.3e-05,-0.31,0.26,-0.73,0.26,0.0002,0.00035,0.00057,0.00037,0.09,0.11,0.065,0.089,0.11,0.11,0.05,0.11,-0.018,0.096,0.05,0.11,NO_COMMENT,2018-08-16 00:00:00,1.0,q1_q17_dr25_tce,003/003114/003114167/dv/kplr003114167-001-20160209194854_dvs.pdf,q1_q17_dr25_sup_koi,q1_q17_dr25_koi,2455003.577,0.00108,-0.00108,003/003114/003114167/dv/kplr003114167-20160209194854_dvr.pdf,0,0,0,0,102.87,53.88,-21.24,1.45164,5.69767,-0.25139,LS+MCMC,1.0,1
6956014,K00031.01,,294.0318,0.0,19h36m07.63s,42.468845,0.0,+42d28m07.8s,13.26,,11.348,,,,,,8.932,0.024,8.134,0.018,7.938,0.021,10.795,,cumulative,Done,11111111111111111000000000000000,FALSE POSITIVE,FALSE POSITIVE,1,1443.0,17.20733,135.50293,0.0003,Claret (2011 A&A 529 75) ATLAS LS,0.0,0.0,-0.0005,0.799,Mandel and Agol (2002 ApJ 580 171),20.6,,,169.69275,0.00319,-0.00319,0.0,,,,,,50.6,14.85,-5.3,0.0181,,,0.616,0.056,-0.474,1.967,0.117,-0.117,,,,400.8,23.8,-23.8,0.925589891,3.653e-06,-3.653e-06,0.018924,0.011944,-0.001566,3.02,1.4,-1.4,78.23,,,6637.0,,,4094.0,73.0,-55.0,1.627,0.12,-0.12,-0.04,0.15,-0.15,24.488,7.185,-2.566,0.925,0.431,-0.023,,,,q1_q17_dr25_stellar,0.0,19.60212118,9.9e-07,42.468764,1.2e-05,0.023,0.039,-0.288,0.042,-1.2e-05,1e-05,3.6e-05,1.1e-05,0.061,0.076,0.178,0.098,0.189,0.096,0.085,0.093,0.151,0.095,0.173,0.095,PLANET_IN_STAR---DEPTH_ODDEVEN_ALT---MOD_ODDEVEN_DV---MOD_ODDEVEN_ALT---CENT_SATURATED,2018-08-16 00:00:00,1.0,q1_q17_dr25_tce,006/006956/006956014/dv/kplr006956014-001-20160209194854_dvs.pdf,q1_q17_dr25_sup_koi,q1_q17_dr25_koi,2455002.693,0.00319,-0.00319,006/006956/006956014/dv/kplr006956014-20160209194854_dvr.pdf,0,1,0,0,460202.18,366069.92,-110815.42,0.60784,0.54683,-0.03702,LS+MCMC,0.0,0
11030711,K01429.01,Kepler-1750 b,292.3515,0.0,19h29m24.36s,48.511082,0.0,+48d30m39.9s,16.061,,15.471,,15.304,,15.204,,14.328,0.035,13.909,0.045,13.903,0.052,15.531,,cumulative,Done,11111111111111111000000000000000,CONFIRMED,CANDIDATE,1,6.0,19.985064,45.572163,0.234,Claret (2011 A&A 529 75) ATLAS LS,0.0,0.0,0.2602,0.4096,Mandel and Agol (2002 ApJ 580 171),49.4,,,252.74129,0.00324,-0.00324,0.0,,,,,,4.68,0.68,-0.32,0.6785,,,0.196,0.228,-0.196,9.992,0.153,-0.153,,,,2378.8,53.9,-53.9,205.912735,0.001169,-0.001169,0.044194,0.001142,-0.000763,161.5,11.1,-11.1,89.93,,,298.0,,,5644.0,76.0,-84.0,4.457,0.051,-0.11,0.14,0.15,-0.15,0.969,0.142,-0.066,0.981,0.056,-0.056,,,,q1_q17_dr25_stellar,0.355,19.4901036,8.2e-06,48.511129,8.2e-05,0.13,0.29,0.18,0.3,-0.00026,0.00078,-0.0005,0.00086,-0.14,0.1,0.14,0.3,0.2,0.22,-0.31,0.12,0.16,0.28,0.34,0.17,NO_COMMENT,2018-08-16 00:00:00,1.0,q1_q17_dr25_tce,011/011030/011030711/dv/kplr011030711-001-20160209194854_dvs.pdf,q1_q17_dr25_sup_koi,q1_q17_dr25_koi,2455085.741,0.00324,-0.00324,011/011030/011030711/dv/kplr011030711-20160209194854_dvr.pdf,0,0,0,0,1.85,0.72,-0.34,1.8788,0.129,-0.56462,LS+MCMC,0.997,1
11855538,K07485.01,,286.70947,0.0,19h06m50.27s,50.165909,0.0,+50d09m57.3s,12.534,,12.202,,12.096,,12.058,,11.237,0.021,10.938,0.027,10.852,0.021,12.227,,cumulative,Done,11111110111011101000000000000000,FALSE POSITIVE,FALSE POSITIVE,1,420.0,3.2633362,9.299339,0.061,Claret (2011 A&A 529 75) ATLAS LS,0.0,0.0,0.2982,0.2961,Mandel and Agol (2002 ApJ 580 171),5.9,,,132.848,0.385,-0.385,0.0,,,,,,1.16,0.27,-0.39,0.0345,,,0.463,0.07,-0.463,2.69,8.1,-8.1,,,,36.5,15.1,-15.1,2.521265,0.001108,-0.001108,0.005681,0.002587,-0.000491,6.42,3.2,-3.2,85.86,,,2049.0,,,6306.0,189.0,-142.0,3.828,0.315,-0.135,-1.48,0.35,-0.25,1.874,0.425,-0.637,0.862,0.105,-0.086,,,,q1_q17_dr25_stellar,0.001,19.113997,2.4e-05,50.16635,0.00025,1.11,0.82,1.6,0.9,-3.9e-05,2.9e-05,-5.9e-05,3.2e-05,0.46,0.23,1.29,0.28,1.38,0.28,0.42,0.28,1.28,0.32,1.34,0.3,EPHEM_MATCH,2018-08-16 00:00:00,1.0,q1_q17_dr25_tce,011/011855/011855538/dv/kplr011855538-001-20160209194854_dvs.pdf,q1_q17_dr25_sup_koi,q1_q17_dr25_koi,2454965.848,0.385,-0.385,011/011855/011855538/dv/kplr011855538-20160209194854_dvr.pdf,0,0,0,1,4175.66,2896.7,-2514.7,0.78715,14.45762,-0.55278,LS+MCMC,0.0,0
8760040,K02963.02,,294.33646,0.0,19h37m20.75s,44.918289,0.0,+44d55m05.8s,14.962,,14.507,,14.365,,14.326,,13.492,0.025,13.194,0.022,13.173,0.034,14.544,,cumulative,Done,11111111111111111000000000000000,CANDIDATE,CANDIDATE,2,175.0,3.399421,10.0476,0.612,Claret (2011 A&A 529 75) ATLAS LS,0.0,0.0,0.2844,0.3661,Mandel and Agol (2002 ApJ 580 171),12.8,,,133.63951,0.00643,-0.00643,0.0,,,,,,1.42,0.23,-0.19,0.0768,,,0.608,0.361,-0.383,2.757,0.186,-0.186,,,,115.9,10.0,-10.0,7.35101287,5.57e-05,-5.57e-05,0.010277,7.2e-05,-0.00101,16.45,5.8,-5.8,87.88,,,1064.0,,,5951.0,71.0,-79.0,4.283,0.12,-0.12,0.14,0.15,-0.15,1.262,0.209,-0.168,1.117,0.077,-0.077,,,,q1_q17_dr25_stellar,0.299,19.622461,3.1e-05,44.9183,0.00035,1.1,1.2,0.0,1.3,-0.00015,0.00013,-2e-05,0.00014,-0.79,0.46,-0.36,0.64,0.86,0.54,-0.91,0.45,-0.45,0.63,1.02,0.55,NO_COMMENT,2018-08-16 00:00:00,2.0,q1_q17_dr25_tce,008/008760/008760040/dv/kplr008760040-002-20160209194854_dvs.pdf,q1_q17_dr25_sup_koi,q1_q17_dr25_koi,2454966.64,0.00643,-0.00643,008/008760/008760040/dv/kplr008760040-20160209194854_dvr.pdf,0,0,0,0,303.08,128.71,-87.17,1.55852,1.64709,-0.10453,LS+MCMC,0.913,1
7100673,K04032.04,Kepler-1542 e,285.72849,0.0,19h02m54.84s,42.65453,0.0,+42d39m16.3s,13.122,,12.586,,12.432,,12.373,,11.421,0.026,11.034,0.027,10.989,0.019,12.639,,cumulative,Done,11111111111111111000000000000000,CONFIRMED,CANDIDATE,5,246.0,3.539952,14.8216915,0.958,Claret (2011 A&A 529 75) ATLAS LS,0.0,0.0,0.2291,0.4603,Mandel and Agol (2002 ApJ 580 171),19.5,,,132.42955,0.00359,-0.00359,0.0,,,,,,0.85,0.13,-0.12,0.0567,,,0.083,0.355,-0.083,2.657,0.112,-0.112,,,,65.1,3.7,-3.7,5.10110666,2.355e-05,-2.355e-05,0.007283,0.000379,-0.000194,14.74,1.9,-1.9,89.68,,,1065.0,,,5574.0,111.0,-100.0,4.354,0.132,-0.108,0.12,0.15,-0.15,1.065,0.166,-0.15,0.933,0.067,-0.053,,,,q1_q17_dr25_stellar,0.058,19.048569,1.4e-05,42.6547,0.00016,0.12,0.55,0.62,0.56,-1.3e-05,3.6e-05,-4.8e-05,3.7e-05,0.23,0.51,-0.05,0.4,0.23,0.45,0.17,0.34,-0.2,0.33,0.26,0.33,NO_COMMENT,2018-08-16 00:00:00,2.0,q1_q17_dr25_tce,007/007100/007100673/dv/kplr007100673-002-20160209194854_dvs.pdf,q1_q17_dr25_sup_koi,q1_q17_dr25_koi,2454965.43,0.00359,-0.00359,007/007100/007100673/dv/kplr007100673-20160209194854_dvr.pdf,0,0,0,0,304.8,135.84,-95.53,2.327,0.29587,-0.86138,LS+MCMC,1.0,1
11819135,K08067.01,,294.45728,0.0,19h37m49.75s,50.03027,0.0,+50d01m49.0s,15.334,,15.02,,14.949,,14.88,,14.022,0.025,13.685,0.028,13.579,0.047,15.064,,cumulative,Done,00000000010100000000000000000000,FALSE POSITIVE,FALSE POSITIVE,1,87.0,259.41013,1129.1145,0.3468,Claret (2011 A&A 529 75) ATLAS LS,0.0,0.0,0.3264,0.253,Mandel and Agol (2002 ApJ 580 171),190.6,,,132.83364,0.00294,-0.00294,0.0,,,,,,89.89,26.16,-26.17,0.0331,,,1.032,0.102,-0.073,4.6545,0.0376,-0.0376,,,,87321.0,560.0,-560.0,1.901655058,6.175e-06,-6.175e-06,0.483068,0.079902,-0.056719,3.536,0.197,-0.197,73.03,,,2192.0,,,6929.0,216.0,-312.0,4.102,0.214,-0.175,-0.3,0.3,-0.3,1.704,0.496,-0.496,1.343,0.19,-0.253,,,,q1_q17_dr25_stellar,0.0,19.63048412,3.1e-07,50.0302244,2.7e-06,-0.065,0.011,-0.164,0.0098,0.0,0.013,0.003,0.02,0.002,0.067,-0.009,0.067,0.009,0.067,0.029,0.068,-0.075,0.071,0.08,0.071,SWEET_EB---MOD_SEC_ALT---MOD_ODDEVEN_DV---SEASONAL_DEPTH_DV---CENT_FEW_DIFFS,2018-08-16 00:00:00,1.0,q1_q17_dr25_tce,011/011819/011819135/dv/kplr011819135-001-20160209194854_dvs.pdf,q1_q17_dr25_sup_koi,q1_q17_dr25_koi,2454965.834,0.00294,-0.00294,011/011819/011819135/dv/kplr011819135-20160209194854_dvr.pdf,0,1,0,0,5467.3,4836.71,-3182.07,0.2313,0.01286,-0.01364,LS+MCMC,0.0,0
11824222,K00437.01,,296.61859,0.0,19h46m28.46s,50.022011,0.0,+50d01m19.2s,15.181,,14.486,,14.203,,14.117,,13.149,0.029,12.664,0.035,12.549,0.024,14.497,,cumulative,Done,11111111111111111000000000000000,CANDIDATE,CANDIDATE,1,83.0,151.32246,773.65045,0.0,Claret (2011 A&A 529 75) ATLAS LS,0.0,0.0,0.1908,0.5172,Mandel and Agol (2002 ApJ 580 171),135.8,,,177.142109,0.000331,-0.000331,0.0,,,,,,16.84,1.76,-1.6,0.1084,,,0.891,3.523,-0.087,1.8215,0.0234,-0.0234,,,,31083.0,284.0,-284.0,15.84132627,6.488e-06,-6.488e-06,0.219737,3.468959,-0.037589,55.4,24.0,-24.0,89.08,,,575.0,,,5119.0,154.0,-154.0,4.575,0.072,-0.048,-0.5,0.3,-0.3,0.702,0.073,-0.067,0.675,0.087,-0.037,,,,q1_q17_dr25_stellar,0.0,19.77453478,4e-07,50.0220713,1.6e-06,-1.336,0.014,0.2207,0.0058,-0.0324,0.0044,0.0022,0.0069,3.43,0.27,0.39,0.1,3.46,0.28,-0.063,0.07,0.004,0.068,0.063,0.07,DEEP_V_SHAPED---CENT_KIC_POS,2018-08-16 00:00:00,1.0,q1_q17_dr25_tce,011/011824/011824222/dv/kplr011824222-001-20160209194854_dvs.pdf,q1_q17_dr25_sup_koi,q1_q17_dr25_koi,2455010.142,0.000331,-0.000331,011/011824/011824222/dv/kplr011824222-20160209194854_dvr.pdf,0,0,0,0,25.77,9.6,-7.11,12.80377,33.31802,-2.31894,LS+MCMC,0.0,1
7207061,K02113.01,Kepler-417 c,293.82431,0.0,19h35m17.83s,42.779701,0.0,+42d46m46.9s,16.568,,15.823,,15.593,,15.478,,14.426,0.032,13.958,0.037,13.922,0.058,15.886,,cumulative,Done,00011111111111111000000000000000,CONFIRMED,CANDIDATE,2,73.0,6.1883283,29.598806,0.4163,Claret (2011 A&A 529 75) ATLAS LS,0.0,0.0,0.2327,0.4526,Mandel and Agol (2002 ApJ 580 171),34.3,,,146.33157,0.00298,-0.00298,0.0,,,,,,2.62,0.54,-0.22,0.1194,,,0.022,0.423,-0.022,3.4894,0.0806,-0.0806,,,,1093.7,34.7,-34.7,15.94248453,5.985e-05,-5.985e-05,0.029718,0.001074,-0.000735,35.937,0.114,-0.114,89.96,,,616.0,,,5376.0,186.0,-186.0,4.576,0.034,-0.136,-0.02,0.25,-0.3,0.806,0.168,-0.067,0.897,0.071,-0.106,,,,q1_q17_dr25_stellar,0.01,19.588295,8.1e-06,42.779819,8.9e-05,0.28,0.32,0.43,0.32,-0.00041,0.00035,0.00044,0.00037,-0.28,0.19,-0.49,0.22,0.57,0.24,-0.34,0.2,-0.06,0.23,0.35,0.21,CENT_KIC_POS,2018-08-16 00:00:00,1.0,q1_q17_dr25_tce,007/007207/007207061/dv/kplr007207061-001-20160209194854_dvs.pdf,q1_q17_dr25_sup_koi,q1_q17_dr25_koi,2454979.332,0.00298,-0.00298,007/007207/007207061/dv/kplr007207061-20160209194854_dvr.pdf,0,0,0,0,34.06,22.94,-9.19,3.45443,0.01098,-1.42519,LS+MCMC,1.0,1
4833421,K00232.02,Kepler-122 b,291.11188,0.0,19h24m26.85s,39.949108,0.0,+39d56m56.8s,14.667,,14.202,,14.067,,14.032,,13.173,0.023,12.887,0.023,12.826,0.028,14.247,,cumulative,Done,11111111111111111000000000000000,CONFIRMED,CANDIDATE,5,227.0,5.8157687,47.71693,0.0553,Claret (2011 A&A 529 75) ATLAS LS,0.0,0.0,0.2916,0.3447,Mandel and Agol (2002 ApJ 580 171),65.6,,,134.01725,0.00107,-0.00107,0.0,,,,,,2.27,0.36,-0.36,0.0629,,,0.017,0.307,-0.017,3.8314,0.0296,-0.0296,,,,364.8,5.9,-5.9,5.766165573,7.619e-06,-7.619e-06,0.017485,0.000276,-0.000188,11.711,0.169,-0.169,89.92,,,1159.0,,,6038.0,121.0,-121.0,4.284,0.137,-0.112,-0.16,0.15,-0.15,1.191,0.189,-0.189,0.995,0.082,-0.067,,,,q1_q17_dr25_stellar,,19.4074531,4.7e-06,39.949088,5.8e-05,-0.23,0.2,-0.08,0.21,,,1.4e-05,7.5e-05,-0.052,0.099,-0.01,0.13,0.05,0.1,-0.07,0.1,-0.11,0.14,0.13,0.12,NO_COMMENT,2018-08-16 00:00:00,2.0,q1_q17_dr25_tce,004/004833/004833421/dv/kplr004833421-002-20160209194854_dvs.pdf,q1_q17_dr25_sup_koi,q1_q17_dr25_koi,2454967.017,0.00107,-0.00107,004/004833/004833421/dv/kplr004833421-20160209194854_dvr.pdf,0,0,0,0,426.48,193.4,-148.09,0.91393,0.0132,-0.17037,LS+MCMC,1.0,1
6206214,K02252.01,Kepler-1158 b,292.23395,0.0,19h28m56.15s,41.575211,0.0,+41d34m30.8s,13.994,,13.577,,13.471,,13.439,,12.548,0.022,12.352,0.022,12.271,0.023,13.628,,cumulative,Done,11111111111111111000000000000000,CONFIRMED,CANDIDATE,1,98.0,3.774017,16.829338,0.3043,Claret (2011 A&A 529 75) ATLAS LS,0.0,0.0,0.2865,0.3671,Mandel and Agol (2002 ApJ 580 171),21.8,,,143.15629,0.00494,-0.00494,0.0,,,,,,2.32,0.37,-0.57,0.1246,,,0.219,0.238,-0.218,4.389,0.176,-0.176,,,,134.2,7.2,-7.2,13.53953595,8.81e-05,-8.81e-05,0.010628,0.000447,-0.000362,23.26,4.9,-4.9,89.46,,,1079.0,,,6109.0,122.0,-122.0,3.985,0.188,-0.101,0.2,0.15,-0.15,1.997,0.323,-0.485,1.406,0.12,-0.206,,,,q1_q17_dr25_stellar,0.001,19.482275,1.4e-05,41.57491,0.00016,0.47,0.58,-1.07,0.58,-7.6e-05,7.6e-05,0.000131,7.5e-05,0.1,0.25,0.22,0.38,0.24,0.36,0.0,0.25,0.21,0.37,0.21,0.37,NO_COMMENT,2018-08-16 00:00:00,1.0,q1_q17_dr25_tce,006/006206/006206214/dv/kplr006206214-001-20160209194854_dvs.pdf,q1_q17_dr25_sup_koi,q1_q17_dr25_koi,2454976.156,0.00494,-0.00494,006/006206/006206214/dv/kplr006206214-20160209194854_dvr.pdf,0,0,0,0,320.19,147.52,-150.87,1.29876,0.27389,-0.40439,LS+MCMC,0.999,1
5308777,K05152.01,,299.5773,0.0,19h58m18.55s,40.498508,0.0,+40d29m54.6s,14.178,,13.159,,12.78,,12.515,,11.368,0.021,10.746,0.022,10.671,0.018,13.199,,cumulative,Done,11101111111111111000000000000000,FALSE POSITIVE,FALSE POSITIVE,1,1329.0,4.5795293,16.712214,0.069,Claret (2011 A&A 529 75) ATLAS LS,0.0,0.0,0.1697,0.5559,Mandel and Agol (2002 ApJ 580 171),35.3,,,132.2327,0.0032,-0.0032,0.0,,,,,,37.61,5.23,-8.49,0.0243,,,1.012,0.359,-0.024,4.018,0.148,-0.148,,,,200.9,7.0,-7.0,0.944598153,3.196e-06,-3.196e-06,0.037382,0.344835,-0.016459,1.1,0.413,-0.413,23.14,,,4190.0,,,4877.0,66.0,-124.0,2.839,0.03,-0.03,0.14,0.1,-0.2,9.214,1.28,-2.08,2.138,0.453,-0.842,,,,q1_q17_dr25_stellar,,19.9717846,7.5e-06,40.501332,9.2e-05,-1.48,0.31,10.16,0.33,0.000179,2.7e-05,,,-4.388,0.067,9.048,0.07,10.056,0.069,-4.483,0.069,9.128,0.068,10.17,0.069,PLANET_IN_STAR---CENT_RESOLVED_OFFSET---HALO_GHOST,2018-08-16 00:00:00,1.0,q1_q17_dr25_tce,005/005308/005308777/dv/kplr005308777-001-20160209194854_dvs.pdf,q1_q17_dr25_sup_koi,q1_q17_dr25_koi,2454965.233,0.0032,-0.0032,005/005308/005308777/dv/kplr005308777-20160209194854_dvr.pdf,0,0,1,0,72795.2,26846.21,-33428.16,0.02825,0.03177,-0.00116,LS+MCMC,0.0,0
8430964,K03078.01,Kepler-1900 b,291.88632,0.0,19h27m32.72s,44.478981,0.0,+44d28m44.3s,15.779,,15.258,,15.137,,15.039,,14.177,0.029,13.837,0.035,13.815,0.058,15.33,,cumulative,Done,11111111111111111000000000000000,CONFIRMED,CANDIDATE,1,453.0,3.1242297,11.3706,0.3828,Claret (2011 A&A 529 75) ATLAS LS,0.0,0.0,0.3029,0.3239,Mandel and Agol (2002 ApJ 580 171),12.0,,,133.46926,0.00653,-0.00653,0.0,,,,,,1.16,0.38,-0.13,0.042,,,0.249,0.21,-0.249,2.969,0.234,-0.234,,,,122.9,11.9,-11.9,2.98618134,2.655e-05,-2.655e-05,0.010222,0.000551,-0.000645,7.55,0.846,-0.846,88.11,,,1356.0,,,6173.0,193.0,-236.0,4.447,0.056,-0.224,-0.04,0.25,-0.3,1.041,0.341,-0.114,1.104,0.146,-0.146,,,,q1_q17_dr25_stellar,0.144,19.459097,3.1e-05,44.47939,0.00032,0.3,1.2,1.5,1.2,-4e-05,0.00015,-0.00017,0.00015,0.46,0.92,-0.32,0.85,0.6,1.0,0.43,0.93,-0.11,0.9,0.4,1.0,NO_COMMENT,2018-08-16 00:00:00,1.0,q1_q17_dr25_tce,008/008430/008430964/dv/kplr008430964-001-20160209194854_dvs.pdf,q1_q17_dr25_sup_koi,q1_q17_dr25_koi,2454966.469,0.00653,-0.00653,008/008430/008430964/dv/kplr008430964-20160209194854_dvr.pdf,0,0,0,0,798.35,793.1,-256.68,0.91284,0.10226,-0.50656,LS+MCMC,1.0,1
6383821,K01238.01,Kepler-797 b,297.20895,0.0,19h48m50.15s,41.781712,0.0,+41d46m54.2s,15.125,,14.514,,14.312,,14.22,,13.293,0.024,12.897,0.025,12.841,0.029,14.556,,cumulative,Done,11111111111111111000000000000000,CONFIRMED,CANDIDATE,1,50.0,7.4939885,35.511765,0.4189,Claret (2011 A&A 529 75) ATLAS LS,0.0,0.0,0.2844,0.3661,Mandel and Agol (2002 ApJ 580 171),44.0,,,139.1127,0.00275,-0.00275,0.0,,,,,,2.18,0.27,-0.09,0.181,,,0.015,0.385,-0.015,6.9592,0.0871,-0.0871,,,,514.2,13.6,-13.6,27.07237655,8.99e-05,-8.99e-05,0.020659,0.000583,-0.000313,30.33,1.4,-1.4,89.97,,,605.0,,,5936.0,65.0,-94.0,4.501,0.016,-0.093,0.07,0.15,-0.15,0.965,0.119,-0.04,1.075,0.058,-0.065,,,,q1_q17_dr25_stellar,0.221,19.8139376,8.8e-06,41.781604,8.7e-05,0.28,0.36,-0.38,0.31,-0.00015,0.00019,0.00013,0.00017,0.19,0.19,-0.16,0.19,0.25,0.21,0.22,0.21,-0.25,0.19,0.33,0.23,NO_COMMENT,2018-08-16 00:00:00,1.0,q1_q17_dr25_tce,006/006383/006383821/dv/kplr006383821-001-20160209194854_dvs.pdf,q1_q17_dr25_sup_koi,q1_q17_dr25_koi,2454972.113,0.00275,-0.00275,006/006383/006383821/dv/kplr006383821-20160209194854_dvr.pdf,0,0,0,0,31.58,10.05,-4.35,0.72049,0.03348,-0.18882,LS+MCMC,1.0,1
7622059,K06161.01,,295.91998,0.0,19h43m40.80s,43.28175,0.0,+43d16m54.3s,13.62,,13.236,,13.122,,13.085,,12.215,0.021,11.938,0.019,11.851,0.016,13.272,,cumulative,Done,11111111111111111000000000000000,FALSE POSITIVE,FALSE POSITIVE,1,128.0,14.406635,38.111343,0.964,Claret (2011 A&A 529 75) ATLAS LS,0.0,0.0,0.3025,0.2923,Mandel and Agol (2002 ApJ 580 171),272.8,,,138.18443,0.00214,-0.00214,0.0,,,,,,51.47,11.14,-12.26,0.0948,,,1.296,0.168,-0.188,23.85,0.122,-0.122,,,,1056.2,4.8,-4.8,10.4032399,2.64e-05,-2.64e-05,0.328199,0.166196,-0.180154,1.625,0.477,-0.477,37.1,,,1104.0,,,6428.0,155.0,-194.0,4.144,0.204,-0.119,-0.42,0.3,-0.3,1.436,0.311,-0.342,1.049,0.162,-0.133,,,,q1_q17_dr25_stellar,0.724,19.727998,6.3e-06,43.281794,8.1e-05,-0.03,0.25,0.16,0.29,1.8e-05,8.6e-05,-2e-05,0.00011,-0.19,0.11,0.17,0.11,0.26,0.11,-0.19,0.11,0.1,0.11,0.21,0.11,LPP_DV,2018-08-16 00:00:00,1.0,q1_q17_dr25_tce,007/007622/007622059/dv/kplr007622059-001-20160209194854_dvs.pdf,q1_q17_dr25_sup_koi,q1_q17_dr25_koi,2454971.184,0.00214,-0.00214,007/007622/007622059/dv/kplr007622059-20160209194854_dvr.pdf,0,1,0,0,350.59,220.19,-170.58,0.00075,0.00022,-0.00016,LS+MCMC,0.0,0
4996057,K07712.01,,286.69318,0.0,19h06m46.36s,40.170109,0.0,+40d10m12.4s,12.692,,11.959,,11.694,,11.573,,10.525,0.022,10.062,0.02,9.97,0.015,11.994,,cumulative,Done,11111111111111111000000000000000,CANDIDATE,CANDIDATE,1,279.0,3.0411522,7.412866,0.2708,Claret (2011 A&A 529 75) ATLAS LS,0.0,0.0,0.1818,0.5302,Mandel and Agol (2002 ApJ 580 171),11.6,,,134.9522,0.0163,-0.0163,0.0,,,,,,1.06,0.37,-0.13,0.0536,,,0.316,0.129,-0.316,7.983,0.524,-0.524,,,,22.5,2.3,-2.3,4.8302364,0.0001295,-0.0001295,0.0043,0.000271,-0.000288,4.45,1.1,-1.1,85.93,,,1453.0,,,5086.0,129.0,-103.0,3.678,0.128,-0.208,-0.38,0.3,-0.15,2.247,0.806,-0.269,0.877,0.258,-0.03,,,,q1_q17_dr25_stellar,0.023,19.112912,2e-05,40.16994,0.00027,1.36,0.82,-0.6,0.97,-3.5e-05,1.7e-05,2e-06,2.1e-05,-0.2,0.68,0.31,0.91,0.36,0.91,-0.4,0.69,0.01,0.93,0.4,0.69,CENT_KIC_POS,2018-08-16 00:00:00,2.0,q1_q17_dr25_tce,004/004996/004996057/dv/kplr004996057-002-20160209194854_dvs.pdf,q1_q17_dr25_sup_koi,q1_q17_dr25_koi,2454967.952,0.0163,-0.0163,004/004996/004996057/dv/kplr004996057-20160209194854_dvr.pdf,0,0,0,0,1052.42,1095.16,-300.98,0.07154,0.0368,-0.02041,LS+MCMC,0.794,1
11853905,K00007.01,Kepler-4 b,285.61533,0.0,19h02m27.68s,50.13575,0.0,+50d08m08.7s,12.614,,12.135,,12.038,,11.963,,11.122,0.023,10.836,0.031,10.805,0.023,12.211,,cumulative,Done,11111110111011101000000000000000,CONFIRMED,CANDIDATE,1,335.0,23.658726,294.484,0.1038,Claret (2011 A&A 529 75) ATLAS LS,0.0,0.0,0.26,0.4133,Mandel and Agol (2002 ApJ 580 171),346.9,,,123.611878,0.000274,-0.000274,0.0,,,,,,4.13,0.26,-0.23,0.044,,,0.021,0.188,-0.021,3.98235,0.00911,-0.00911,,,,727.8,2.5,-2.5,3.213668926,1.09e-06,-1.09e-06,0.02447,0.00014,-5.5e-05,6.3422,0.0322,-0.0322,89.81,,,1515.0,,,5795.0,69.0,-77.0,4.101,0.033,-0.027,0.18,0.15,-0.15,1.545,0.097,-0.087,1.097,0.138,-0.069,,,,q1_q17_dr25_stellar,0.0,19.0410288,1.3e-06,50.135737,1.2e-05,0.259,0.044,-0.047,0.045,-0.000197,3.2e-05,5.1e-05,3.3e-05,0.028,0.073,0.045,0.075,0.053,0.074,0.182,0.077,0.068,0.076,0.195,0.077,NO_COMMENT,2018-08-16 00:00:00,1.0,q1_q17_dr25_tce,011/011853/011853905/dv/kplr011853905-001-20160209194854_dvs.pdf,q1_q17_dr25_sup_koi,q1_q17_dr25_koi,2454956.612,0.000274,-0.000274,011/011853/011853905/dv/kplr011853905-20160209194854_dvr.pdf,0,0,0,0,1244.44,229.31,-193.94,0.46728,0.00237,-0.03311,LS+MCMC,1.0,1
5021899,K00821.01,Kepler-692 b,294.77686,0.0,19h39m06.45s,40.15374,0.0,+40d09m13.5s,16.187,,15.492,,15.262,,15.147,,14.204,0.026,13.776,0.031,13.702,0.049,15.54,,cumulative,Done,01101011101110111000000000000000,CONFIRMED,CANDIDATE,1,45.0,6.4162097,31.21894,0.1204,Claret (2011 A&A 529 75) ATLAS LS,0.0,0.0,0.2291,0.4603,Mandel and Agol (2002 ApJ 580 171),37.8,,,174.01085,0.00261,-0.00261,0.0,,,,,,3.38,0.91,-0.49,0.1495,,,0.053,0.394,-0.053,4.3791,0.091,-0.091,,,,1175.4,35.8,-35.8,21.81295996,7.229e-05,-7.229e-05,0.030952,0.001019,-0.000844,39.183,0.644,-0.644,89.92,,,639.0,,,5601.0,166.0,-166.0,4.41,0.116,-0.188,0.08,0.25,-0.3,0.999,0.269,-0.145,0.934,0.113,-0.085,,,,q1_q17_dr25_stellar,0.448,19.651786,1e-05,40.15366,0.00011,-0.16,0.43,-0.27,0.39,0.00016,0.00054,0.00033,0.0005,0.1,0.15,0.07,0.12,0.13,0.14,0.02,0.16,0.0,0.11,0.02,0.16,NO_COMMENT,2018-08-16 00:00:00,1.0,q1_q17_dr25_tce,005/005021/005021899/dv/kplr005021899-001-20160209194854_dvs.pdf,q1_q17_dr25_sup_koi,q1_q17_dr25_koi,2455007.011,0.00261,-0.00261,005/005021/005021899/dv/kplr005021899-20160209194854_dvr.pdf,0,0,0,0,39.33,31.88,-13.85,2.39175,0.03932,-0.97582,LS+MCMC,1.0,1
7024222,K00309.01,,288.82303,0.0,19h15m17.53s,42.542728,0.0,+42d32m33.8s,13.791,,12.793,,12.437,,12.257,,11.148,0.023,10.569,0.019,10.48,0.011,12.843,,cumulative,Done,11111111111111111000000000000000,FALSE POSITIVE,FALSE POSITIVE,1,817.0,3.9898,18.232607,0.0053,Claret (2011 A&A 529 75) ATLAS LS,0.0,0.0,0.0722,0.674,Mandel and Agol (2002 ApJ 580 171),21.7,,,170.19649,0.00224,-0.00224,0.0,,,,,,0.53,0.03,-0.05,0.0238,,,0.35,0.078,-0.35,1.491,0.0934,-0.0934,,,,60.8,3.6,-3.6,1.633107509,5.027e-06,-5.027e-06,0.007042,0.000296,-0.000307,7.93,3.3,-3.3,87.47,,,1083.0,,,4579.0,124.0,-124.0,4.596,0.056,-0.024,-0.12,0.3,-0.3,0.684,0.048,-0.059,0.672,0.073,-0.049,,,,q1_q17_dr25_stellar,0.0,19.255402,1.5e-05,42.55587,0.0002,21.21,0.61,47.29,0.72,-0.001019,3e-05,-0.002303,3.5e-05,3.741,0.079,7.24,0.17,8.15,0.16,3.869,0.1,7.05,0.15,8.04,0.14,CENT_RESOLVED_OFFSET,2018-08-16 00:00:00,1.0,q1_q17_dr25_tce,007/007024/007024222/dv/kplr007024222-001-20160209194854_dvs.pdf,q1_q17_dr25_sup_koi,q1_q17_dr25_koi,2455003.196,0.00224,-0.00224,007/007024/007024222/dv/kplr007024222-20160209194854_dvr.pdf,0,0,1,0,324.97,89.2,-81.86,3.53321,1.45217,-1.07941,LS+MCMC,0.001,0
3761319,K06104.01,,295.05994,0.0,19h40m14.39s,38.855911,0.0,+38d51m21.3s,15.263,,14.676,,14.47,,14.37,,13.5,0.026,13.079,0.082,13.068,0.037,14.708,,cumulative,Done,11111011101110111000000000000000,FALSE POSITIVE,FALSE POSITIVE,2,69.0,4.3156924,14.221568,0.1055,Claret (2011 A&A 529 75) ATLAS LS,0.0,0.0,0.2787,0.3728,Mandel and Agol (2002 ApJ 580 171),21.1,,,143.96708,0.00957,-0.00957,0.0,,,,,,2.38,0.64,-0.35,0.1189,,,0.928,0.018,-0.668,8.232,0.194,-0.194,,,,438.7,22.8,-22.8,16.2480865,0.0001632,-0.0001632,0.023604,0.000412,-0.004758,6.6,3.2,-3.2,81.92,,,704.0,,,5729.0,172.0,-155.0,4.436,0.116,-0.174,-0.3,0.3,-0.3,0.923,0.248,-0.134,0.848,0.12,-0.07,,,,q1_q17_dr25_stellar,0.0,19.6706578,6.8e-06,38.85584,0.00012,-0.18,0.29,-0.24,0.42,-1e-05,0.00013,0.00062,0.00019,0.1,0.31,0.29,0.63,0.3,0.52,-1.12,0.33,2.71,0.53,2.93,0.58,CENT_KIC_POS,2018-08-16 00:00:00,1.0,q1_q17_dr25_tce,003/003761/003761319/dv/kplr003761319-001-20160209194854_dvs.pdf,q1_q17_dr25_sup_koi,q1_q17_dr25_koi,2454976.967,0.00957,-0.00957,003/003761/003761319/dv/kplr003761319-20160209194854_dvr.pdf,1,0,0,0,58.1,47.16,-20.06,0.02057,0.30298,-0.00851,LS+MCMC,0.228,0
3340165,K04972.01,,290.9241,0.0,19h23m41.78s,38.438339,0.0,+38d26m18.0s,14.325,,13.94,,13.832,,13.818,,13.003,0.026,12.695,0.022,12.678,0.025,13.98,,cumulative,Done,11111111111111111000000000000000,CANDIDATE,CANDIDATE,1,49.0,3.348088,8.687865,0.7554,Claret (2011 A&A 529 75) ATLAS LS,0.0,0.0,0.3024,0.3288,Mandel and Agol (2002 ApJ 580 171),12.2,,,149.1087,0.0136,-0.0136,0.0,,,,,,1.35,0.2,-0.09,0.1849,,,0.068,0.374,-0.068,6.623,0.368,-0.368,,,,122.4,11.6,-11.6,26.092284,0.000457,-0.000457,0.010161,0.000616,-0.000522,30.34,6.1,-6.1,89.87,,,717.0,,,6346.0,76.0,-82.0,4.362,0.035,-0.105,0.14,0.15,-0.2,1.214,0.187,-0.075,1.241,0.079,-0.096,,,,q1_q17_dr25_stellar,0.15,19.394882,3e-05,38.43835,0.00027,-2.5,1.3,0.03,0.96,-1e-05,0.00016,-0.00012,0.00012,5.6,1.3,1.33,0.77,5.7,1.3,-0.8,1.0,-0.04,0.79,0.8,1.0,CENT_KIC_POS,2018-08-16 00:00:00,1.0,q1_q17_dr25_tce,003/003340/003340165/dv/kplr003340165-001-20160209194854_dvs.pdf,q1_q17_dr25_sup_koi,q1_q17_dr25_koi,2454982.109,0.0136,-0.0136,003/003340/003340165/dv/kplr003340165-20160209194854_dvr.pdf,0,0,0,0,62.57,24.83,-10.28,0.77593,0.15508,-0.29075,LS+MCMC,0.87,1
6880517,K03305.01,Kepler-1462 b,296.39752,0.0,19h45m35.40s,42.396919,0.0,+42d23m48.9s,16.509,,15.794,,15.579,,15.438,,14.471,0.029,14.078,0.03,14.058,0.054,15.858,,cumulative,Done,00011111111111111000000000000000,CONFIRMED,CANDIDATE,1,17.0,6.81546,15.467764,0.7666,Claret (2011 A&A 529 75) ATLAS LS,0.0,0.0,0.2327,0.4526,Mandel and Agol (2002 ApJ 580 171),20.5,,,174.79319,0.00842,-0.00842,0.0,,,,,,2.52,0.52,-0.22,0.3094,,,0.038,0.393,-0.038,7.298,0.208,-0.208,,,,983.9,54.6,-54.6,65.6491001,0.000713,-0.000713,0.028187,0.001394,-0.00077,70.61,1.2,-1.2,89.97,,,390.0,,,5436.0,187.0,-187.0,4.573,0.034,-0.136,0.0,0.25,-0.3,0.819,0.169,-0.073,0.919,0.072,-0.108,,,,q1_q17_dr25_stellar,0.024,19.759854,1.4e-05,42.39702,0.00018,0.78,0.56,0.38,0.64,-0.00021,0.0006,0.00103,0.00069,-0.13,0.17,-0.1,0.17,0.17,0.17,0.04,0.17,0.14,0.17,0.15,0.17,NO_COMMENT,2018-08-16 00:00:00,1.0,q1_q17_dr25_tce,006/006880/006880517/dv/kplr006880517-001-20160209194854_dvs.pdf,q1_q17_dr25_sup_koi,q1_q17_dr25_koi,2455007.793,0.00842,-0.00842,006/006880/006880517/dv/kplr006880517-20160209194854_dvr.pdf,0,0,0,0,5.48,3.64,-1.53,1.54521,0.02646,-0.61984,LS+MCMC,0.97,1
5437945,K03791.01,Kepler-460 b,288.47485,0.0,19h13m53.96s,40.65136,0.0,+40d39m04.9s,14.146,,13.736,,13.611,,13.568,,12.667,0.023,12.43,0.023,12.367,0.027,13.771,,cumulative,Done,11111111111111111000000000000000,CONFIRMED,CANDIDATE,2,4.0,45.36241,79.50336,0.2929,Claret (2011 A&A 529 75) ATLAS LS,0.0,0.0,0.3036,0.3098,Mandel and Agol (2002 ApJ 580 171),181.0,,,139.3535,0.00167,-0.00167,0.0,,,,,,7.23,2.0,-2.0,1.1455,,,0.424,0.039,-0.275,21.693,0.13,-0.13,,,,2579.0,16.1,-16.1,440.7843755,0.0009208,-0.0009208,0.047554,0.00108,-0.000628,148.7,33.9,-33.9,89.84,,,308.0,,,6340.0,171.0,-209.0,4.163,0.246,-0.164,-0.38,0.3,-0.3,1.393,0.385,-0.385,1.031,0.171,-0.128,,,,q1_q17_dr25_stellar,0.0,19.2316582,1.5e-06,40.651276,1.8e-05,0.09,0.063,-0.301,0.064,-0.00107,0.00024,-1e-05,0.00029,0.42,0.16,0.15,0.13,0.45,0.16,0.32,0.2,0.0,0.14,0.32,0.2,MOD_SEC_DV---MOD_SEC_ALT,2018-08-16 00:00:00,1.0,q1_q17_dr25_tce,005/005437/005437945/dv/kplr005437945-001-20160209194854_dvs.pdf,q1_q17_dr25_sup_koi,q1_q17_dr25_koi,2454972.354,0.00167,-0.00167,005/005437/005437945/dv/kplr005437945-20160209194854_dvr.pdf,0,0,0,0,2.14,1.74,-1.16,0.32019,0.07305,-0.11381,LS+MCMC,0.0,1
12505654,K02353.01,Kepler-1829 b,288.66449,0.0,19h14m39.48s,51.498421,0.0,+51d29m54.3s,15.668,,14.928,,14.696,,14.602,,13.624,0.029,13.156,0.036,13.081,0.035,14.988,,cumulative,Done,11111111111111111000000000000000,CONFIRMED,CANDIDATE,1,256.0,2.9502823,17.147388,0.3735,Claret (2011 A&A 529 75) ATLAS LS,0.0,0.0,0.1959,0.5086,Mandel and Agol (2002 ApJ 580 171),25.7,,,134.99509,0.0012,-0.0012,0.0,,,,,,2.4,0.38,-0.17,0.0559,,,0.825,0.038,-0.568,0.8023,0.0521,-0.0521,,,,712.7,39.9,-39.9,5.186737262,7.369e-06,-7.369e-06,0.028314,0.005363,-0.003533,30.3,15.1,-15.1,88.44,,,860.0,,,5230.0,158.0,-158.0,4.594,0.032,-0.104,0.0,0.3,-0.3,0.777,0.122,-0.056,0.873,0.062,-0.101,,,,q1_q17_dr25_stellar,0.001,19.244315,1.9e-05,51.49837,0.00017,0.54,0.65,-0.17,0.61,-0.00045,0.00041,0.00069,0.0004,0.02,0.19,0.13,0.43,0.13,0.41,0.03,0.19,0.11,0.41,0.12,0.38,NO_COMMENT,2018-08-16 00:00:00,1.0,q1_q17_dr25_tce,012/012505/012505654/dv/kplr012505654-001-20160209194854_dvs.pdf,q1_q17_dr25_sup_koi,q1_q17_dr25_koi,2454967.995,0.0012,-0.0012,012/012505/012505654/dv/kplr012505654-20160209194854_dvr.pdf,0,0,0,0,129.37,65.71,-30.84,19.63952,88.12976,-18.14428,LS+MCMC,1.0,1
9049550,K05606.01,,299.77884,0.0,19h59m06.92s,45.394032,0.0,+45d23m38.5s,15.16,,14.48,,14.2,,14.05,,13.034,0.027,12.587,0.03,12.513,0.022,14.488,,cumulative,Done,00000000000000010000000000000000,FALSE POSITIVE,FALSE POSITIVE,1,3.0,306.29495,516.60175,0.3777,Claret (2011 A&A 529 75) ATLAS LS,0.0,0.0,0.2957,0.3443,Mandel and Agol (2002 ApJ 580 171),444.4,,,135.92167,0.00371,-0.00371,0.0,,,,,,63.1,40.86,-40.87,0.1507,,,0.772,0.031,-0.023,1.9948,0.0107,-0.0107,,,,79201.0,239.0,-239.0,23.81490574,6.396e-05,-6.396e-05,0.305724,0.013653,-0.010957,96.02,1.5,-1.5,89.54,,,847.0,,,5421.0,192.0,-192.0,3.79,0.893,-0.357,-0.76,0.35,-0.3,1.89,1.224,-1.224,0.803,0.15,-0.122,,,,q1_q17_dr25_stellar,0.0,19.9852544,1e-06,45.394242,7.6e-06,-0.062,0.04,0.763,0.027,0.01,0.16,-0.01,0.22,-0.015,0.067,0.009,0.067,0.018,0.067,-0.104,0.067,0.875,0.067,0.881,0.067,MOD_ODDEVEN_DV---DEEP_V_SHAPED---CENT_FEW_DIFFS,2018-08-16 00:00:00,1.0,q1_q17_dr25_tce,009/009049/009049550/dv/kplr009049550-001-20160209194854_dvs.pdf,q1_q17_dr25_sup_koi,q1_q17_dr25_koi,2454968.922,0.00371,-0.00371,009/009049/009049550/dv/kplr009049550-20160209194854_dvr.pdf,0,1,0,0,121.57,257.74,-108.5,29.52838,0.44744,-1.22867,LS+MCMC,0.0,0
6953281,K08130.01,,293.26727,0.0,19h33m04.14s,42.42807,0.0,+42d25m41.1s,15.985,,15.503,,15.374,,15.273,,14.403,0.033,14.095,0.04,14.025,0.084,15.557,,cumulative,Done,01111111111111111000000000000000,FALSE POSITIVE,FALSE POSITIVE,1,2302.0,5.586859,9.24758,0.912,Claret (2011 A&A 529 75) ATLAS LS,0.0,0.0,0.302,0.319,Mandel and Agol (2002 ApJ 580 171),33.7,,,131.79717,0.00176,-0.00176,0.0,,,,,,1.65,0.53,-0.18,0.0139,,,0.042,0.455,-0.042,1.5368,0.0614,-0.0614,,,,231.2,8.4,-8.4,0.566799395,1.152e-06,-1.152e-06,0.014025,0.000478,-0.000354,2.916,0.157,-0.157,89.17,,,2448.0,,,6322.0,175.0,-241.0,4.426,0.065,-0.208,-0.12,0.25,-0.3,1.075,0.349,-0.116,1.124,0.154,-0.154,,,,q1_q17_dr25_stellar,0.0,19.550908,3.9e-05,42.42663,0.00041,-9.7,1.5,-5.2,1.5,0.00063,0.0001,0.00038,9.7e-05,-3.6,1.0,-2.31,0.35,4.26,1.0,-3.7,1.1,-2.18,0.43,4.3,1.0,CENT_UNRESOLVED_OFFSET---EPHEM_MATCH,2018-08-16 00:00:00,1.0,q1_q17_dr25_tce,006/006953/006953281/dv/kplr006953281-001-20160209194854_dvs.pdf,q1_q17_dr25_sup_koi,q1_q17_dr25_koi,2454964.797,0.00176,-0.00176,006/006953/006953281/dv/kplr006953281-20160209194854_dvr.pdf,0,0,1,1,8550.93,8184.99,-2725.67,1.45961,0.07847,-0.60099,LS+MCMC,0.0,0
8414216,K07036.01,,284.15799,0.0,18h56m37.92s,44.45911,0.0,+44d27m32.8s,15.457,,14.103,,13.38,,13.035,,11.752,0.021,11.082,0.018,10.884,0.017,14.003,,cumulative,Done,11111111111111111000000000000000,FALSE POSITIVE,FALSE POSITIVE,1,114.0,6.97726,12.494745,0.4083,Claret (2011 A&A 529 75) ATLAS LS,0.0,0.0,0.3384,0.3803,Mandel and Agol (2002 ApJ 580 171),14.7,,,142.82366,0.00754,-0.00754,0.0,,,,,,0.56,0.03,-0.03,0.0819,,,0.412,0.045,-0.412,3.639,0.179,-0.179,,,,122.1,9.7,-9.7,11.93137992,9.672e-05,-9.672e-05,0.01015,0.000398,-0.000622,23.1,10.0,-10.0,88.98,,,415.0,,,3787.0,51.0,-51.0,4.742,0.032,-0.017,-0.1,0.1,-0.1,0.505,0.023,-0.028,0.514,0.025,-0.023,,,,q1_q17_dr25_stellar,0.0,18.943926,1.9e-05,44.45871,0.00023,2.32,0.74,-1.42,0.82,-0.000291,8.2e-05,0.000238,9.2e-05,-0.29,0.5,-1.36,0.58,1.39,0.49,-0.7,0.49,-0.55,0.57,0.89,0.3,CENT_KIC_POS---EPHEM_MATCH,2018-08-16 00:00:00,1.0,q1_q17_dr25_tce,008/008414/008414216/dv/kplr008414216-001-20160209194854_dvs.pdf,q1_q17_dr25_sup_koi,q1_q17_dr25_koi,2454975.824,0.00754,-0.00754,008/008414/008414216/dv/kplr008414216-20160209194854_dvr.pdf,0,0,0,1,7.0,1.07,-1.09,1.64168,0.71339,-0.46356,LS+MCMC,0.0,0
9640439,K02912.01,,287.69272,0.0,19h10m46.25s,46.366928,0.0,+46d22m00.9s,15.549,,15.084,,14.983,,14.911,,14.143,0.03,13.843,0.032,13.876,0.043,15.153,,cumulative,Done,00011111111111111000000000000000,FALSE POSITIVE,FALSE POSITIVE,1,1297.0,3.781831,16.812014,0.6006,Claret (2011 A&A 529 75) ATLAS LS,0.0,0.0,0.302,0.319,Mandel and Agol (2002 ApJ 580 171),21.9,,,132.23359,0.00199,-0.00199,0.0,,,,,,1.68,0.59,-0.19,0.0188,,,0.14,0.324,-0.14,0.7948,0.0707,-0.0707,,,,221.8,16.0,-16.0,0.873227249,1.897e-06,-1.897e-06,0.013885,0.000959,-0.000387,8.45,1.9,-1.9,89.05,,,2152.0,,,6341.0,179.0,-246.0,4.409,0.056,-0.224,-0.06,0.25,-0.3,1.111,0.389,-0.13,1.154,0.169,-0.169,,,,q1_q17_dr25_stellar,0.0,19.179491,1.8e-05,46.36728,0.00018,-0.88,0.65,1.27,0.66,0.00017,0.00013,-0.00036,0.00014,-0.7,0.4,1.54,0.34,1.7,0.26,-0.73,0.43,1.4,0.33,1.58,0.26,CENT_UNRESOLVED_OFFSET,2018-08-16 00:00:00,1.0,q1_q17_dr25_tce,009/009640/009640439/dv/kplr009640439-001-20160209194854_dvs.pdf,q1_q17_dr25_sup_koi,q1_q17_dr25_koi,2454965.234,0.00199,-0.00199,009/009640/009640439/dv/kplr009640439-20160209194854_dvr.pdf,0,0,1,0,5053.02,5242.9,-1690.03,14.96287,3.42142,-8.386,LS+MCMC,0.052,0
5097278,K06519.01,,291.1962,0.0,19h24m47.09s,40.261959,0.0,+40d15m43.1s,11.508,,11.358,,11.378,,11.432,,10.719,0.021,10.607,0.022,10.534,0.02,11.396,,cumulative,Done,11111111111111111000000000000000,FALSE POSITIVE,FALSE POSITIVE,1,1301.0,5.462551,9.278296,,Claret (2011 A&A 529 75) ATLAS LS,0.0,0.0,0.3366,0.2306,Mandel and Agol (2002 ApJ 580 171),15.3,,,131.5735,0.0616,-0.0616,0.0,,,,,,3.65,2.41,-0.62,0.0185,,,0.8618,0.138,-0.6011,4.33,1.2,-1.2,,,,329.0,26.4,-26.4,0.73240662,6.829e-05,-6.829e-05,0.018844,0.000604,-0.013878,1.16,0.569,-0.569,41.83,,,3191.0,,,7392.0,229.0,-324.0,4.135,0.1,-0.1,-0.04,0.24,-0.4,1.772,1.172,-0.3,1.563,0.363,-0.263,,,,stellar_q1_q17,,,,,,,,,,,,,,,,,,,,,,,,,,LPP_DV_TOO_HIGH---LPP_ALT_TOO_HIGH---EYEBALL---SATURATED,2018-08-16 00:00:00,3.0,q1_q17_dr24_tce,005/005097/005097278/dv/kplr005097278-003-20141002224145_dvs.pdf,q1_q17_dr25_sup_koi,q1_q17_dr24_koi,2454964.573,0.0616,-0.0616,005/005097/005097278/dv/kplr005097278-20141002224145_dvr.pdf,1,0,0,0,24515.44,51936.38,-10374.89,0.05507,0.86372,-0.01136,MCMC,,0
3858804,K00391.01,,293.67245,0.0,19h34m41.39s,38.985699,0.0,+38d59m08.5s,14.501,,13.725,,13.468,,13.295,,12.348,0.022,11.853,0.02,11.809,0.02,13.778,,cumulative,Done,11111011101110111000000000000000,FALSE POSITIVE,FALSE POSITIVE,1,41.0,13.596211,37.07135,0.3721,Claret (2011 A&A 529 75) ATLAS LS,0.0,0.0,0.1993,0.5114,Mandel and Agol (2002 ApJ 580 171),57.0,,,174.84275,0.00876,-0.00876,0.0,,,,,,74.69,11.56,-21.44,0.1921,,,1.228,8.857,-0.785,21.328,0.45,-0.45,,,,478.4,10.1,-10.1,25.9525478,0.0002626,-0.0002626,0.251377,8.84745,-0.779188,2.56,1.3,-1.3,61.31,,,865.0,,,5211.0,93.0,-134.0,3.715,0.182,-0.098,0.2,0.15,-0.2,2.721,0.421,-0.781,1.401,0.141,-0.328,,,,q1_q17_dr25_stellar,0.0,19.5782223,6.3e-06,38.986515,7.4e-05,2.45,0.26,2.93,0.27,-0.00146,0.00017,-0.00189,0.00018,2.65,0.46,3.77,0.41,4.61,0.49,2.62,0.46,3.69,0.37,4.53,0.46,MOD_SEC_DV---MOD_SEC_ALT---DEEP_V_SHAPED---HAS_SEC_TCE---CENT_RESOLVED_OFFSET---HALO_GHOST---EPHEM_MATCH,2018-08-16 00:00:00,1.0,q1_q17_dr25_tce,003/003858/003858804/dv/kplr003858804-001-20160209194854_dvs.pdf,q1_q17_dr25_sup_koi,q1_q17_dr25_koi,2455007.843,0.00876,-0.00876,003/003858/003858804/dv/kplr003858804-20160209194854_dvr.pdf,0,1,1,1,132.4,57.09,-71.76,0.00047,0.04146,-0.00054,LS+MCMC,0.0,0
8056665,K00089.01,Kepler-462 b,299.82117,0.0,19h59m17.08s,43.81427,0.0,+43d48m51.4s,11.74,,11.609,,11.649,,11.677,,10.983,0.027,10.876,0.029,10.851,0.02,11.642,,cumulative,Done,11111111111111111000000000000000,CONFIRMED,CANDIDATE,2,18.0,32.52374,71.26699,0.361,Claret (2011 A&A 529 75) ATLAS LS,0.0,0.0,0.318,0.2734,Mandel and Agol (2002 ApJ 580 171),95.1,,,150.57084,0.00172,-0.00172,0.0,,,,,,3.37,0.58,-0.78,0.4172,,,0.017,0.303,-0.017,10.0248,0.052,-0.052,,,,347.7,4.1,-4.1,84.6877524,0.0001778,-0.0001778,0.017238,0.000222,-0.000133,65.64,1.8,-1.8,89.99,,,611.0,,,6688.0,120.0,-147.0,4.062,0.174,-0.116,-0.2,0.15,-0.15,1.79,0.311,-0.415,1.353,0.096,-0.178,,,,q1_q17_dr25_stellar,0.008,19.9880544,6.6e-06,43.81437,5.1e-05,-0.89,0.26,0.36,0.18,0.000175,9e-05,-5.9e-05,6.5e-05,-0.13,0.32,0.32,0.21,0.34,0.25,-0.28,0.31,0.4,0.22,0.49,0.29,NO_COMMENT,2018-08-16 00:00:00,1.0,q1_q17_dr25_tce,008/008056/008056665/dv/kplr008056665-001-20160209194854_dvs.pdf,q1_q17_dr25_sup_koi,q1_q17_dr25_koi,2454983.571,0.00172,-0.00172,008/008056/008056665/dv/kplr008056665-20160209194854_dvr.pdf,0,0,0,0,32.96,15.8,-15.16,0.74607,0.02088,-0.11263,LS+MCMC,0.881,1
5014903,K02966.01,,292.90903,0.0,19h31m38.17s,40.152039,0.0,+40d09m07.3s,16.222,,15.574,,15.402,,15.236,,14.382,0.033,13.952,0.034,13.919,0.061,15.648,,cumulative,Done,01111011101110111000000000000000,FALSE POSITIVE,FALSE POSITIVE,1,129.0,4.6941667,12.786533,0.7136,Claret (2011 A&A 529 75) ATLAS LS,0.0,0.0,0.2676,0.3928,Mandel and Agol (2002 ApJ 580 171),14.6,,,136.19387,0.00462,-0.00462,0.0,,,,,,1.89,0.53,-0.23,0.0752,,,0.203,0.258,-0.203,2.06,0.165,-0.165,,,,404.8,34.3,-34.3,7.72768833,4.069e-05,-4.069e-05,0.018376,0.001162,-0.000757,28.61,7.5,-7.5,89.59,,,899.0,,,5765.0,173.0,-190.0,4.468,0.067,-0.189,-0.08,0.3,-0.3,0.94,0.268,-0.115,0.946,0.114,-0.102,,,,q1_q17_dr25_stellar,0.0,19.527233,2.2e-05,40.15269,0.00025,-1.48,0.92,2.32,0.91,0.00056,0.00038,-0.00113,0.00037,-0.01,0.22,2.98,0.28,2.98,0.28,-0.06,0.22,2.64,0.31,2.64,0.31,CENT_UNRESOLVED_OFFSET,2018-08-16 00:00:00,1.0,q1_q17_dr25_tce,005/005014/005014903/dv/kplr005014903-001-20160209194854_dvs.pdf,q1_q17_dr25_sup_koi,q1_q17_dr25_koi,2454969.194,0.00462,-0.00462,005/005014/005014903/dv/kplr005014903-20160209194854_dvr.pdf,0,0,1,0,154.46,132.66,-50.41,7.41883,1.95441,-3.73878,LS+MCMC,0.0,0
9532997,K08284.01,,294.48926,0.0,19h37m57.42s,46.140121,0.0,+46d08m24.4s,15.237,,14.812,,14.709,,14.627,,13.828,0.028,13.568,0.031,13.488,0.044,14.867,,cumulative,Done,00000000000001111000000000000000,FALSE POSITIVE,FALSE POSITIVE,1,6.0,3.9269018,7.122034,0.2082,Claret (2011 A&A 529 75) ATLAS LS,0.0,0.0,0.3103,0.2947,Mandel and Agol (2002 ApJ 580 171),6.8,,,135.0312,0.0487,-0.0487,0.0,,,,,,2.43,0.83,-0.34,0.28,,,0.02,0.482,-0.02,2.749,0.661,-0.661,,,,412.0,133.0,-133.0,49.763624,0.001894,-0.001894,0.018713,0.006891,-0.005912,140.9,69.9,-69.9,89.99,,,588.0,,,6477.0,179.0,-246.0,4.361,0.072,-0.203,-0.1,0.25,-0.3,1.187,0.409,-0.163,1.182,0.181,-0.163,,,,q1_q17_dr25_stellar,0.937,19.632609,4.8e-05,46.14,0.00052,-0.3,1.8,-0.4,1.9,0.00014,0.00083,0.0001,0.00086,0.3,1.2,0.19,0.86,0.3,1.5,0.22,0.87,0.09,0.58,0.2,1.0,MOD_NONUNIQ_ALT---CENT_FEW_DIFFS,2018-08-16 00:00:00,1.0,q1_q17_dr25_tce,009/009532/009532997/dv/kplr009532997-001-20160209194854_dvs.pdf,q1_q17_dr25_sup_koi,q1_q17_dr25_koi,2454968.031,0.0487,-0.0487,009/009532/009532997/dv/kplr009532997-20160209194854_dvr.pdf,1,0,0,0,28.31,28.76,-10.27,21.35717,477.09705,-20.24021,LS+MCMC,0.134,0
4384909,K07693.01,,296.22168,0.0,19h44m53.20s,39.405762,0.0,+39d24m20.7s,16.364,,15.559,,15.316,,15.174,,14.182,0.03,13.769,0.036,13.652,0.044,15.631,,cumulative,Done,00011011101110111000000000000000,CANDIDATE,CANDIDATE,1,138.0,3.0666554,7.288215,0.9025,Claret (2011 A&A 529 75) ATLAS LS,0.0,0.0,0.2193,0.4785,Mandel and Agol (2002 ApJ 580 171),8.5,,,132.9844,0.0103,-0.0103,0.0,,,,,,1.4,0.32,-0.13,0.0669,,,0.261,0.193,-0.261,2.582,0.254,-0.254,,,,233.5,32.5,-32.5,6.41097179,8.073e-05,-8.073e-05,0.013772,0.000934,-0.001371,18.6,6.3,-6.3,89.2,,,886.0,,,5383.0,180.0,-180.0,4.486,0.055,-0.165,0.4,0.05,-0.3,0.933,0.213,-0.091,0.972,0.074,-0.09,,,,q1_q17_dr25_stellar,0.0,19.748104,3.1e-05,39.4062,0.00042,-0.3,1.3,1.6,1.5,0.0,0.00028,-0.00078,0.00032,-0.2,1.1,2.19,0.54,2.2,0.55,-0.14,0.71,0.88,0.69,0.89,0.64,CENT_FEW_DIFFS,2018-08-16 00:00:00,1.0,q1_q17_dr25_tce,004/004384/004384909/dv/kplr004384909-001-20160209194854_dvs.pdf,q1_q17_dr25_sup_koi,q1_q17_dr25_koi,2454965.984,0.0103,-0.0103,004/004384/004384909/dv/kplr004384909-20160209194854_dvr.pdf,0,0,0,0,146.16,105.35,-42.26,2.95954,1.00791,-1.5627,LS+MCMC,0.655,1
9848420,K07237.01,,298.0549,0.0,19h52m13.18s,46.633461,0.0,+46d38m00.5s,15.973,,15.153,,14.902,,14.776,,13.667,0.033,13.242,0.031,13.198,0.038,15.223,,cumulative,Done,11111101110111011000000000000000,FALSE POSITIVE,FALSE POSITIVE,1,134.0,5.648681,7.9241037,,Claret (2011 A&A 529 75) ATLAS LS,0.0,0.0,0.1877,0.5253,Mandel and Agol (2002 ApJ 580 171),8.8,,,136.4321,0.0258,-0.0258,0.0,,,,,,1.04,0.88,-0.12,0.073,,,0.5896,0.0494,-0.4519,8.18,1.0,-1.0,,,,125.1,15.1,-15.1,7.9320191,0.0002702,-0.0002702,0.010552,0.000227,-0.001252,6.13,3.0,-3.0,84.22,,,811.0,,,5219.0,194.0,-160.0,4.441,0.108,-0.108,0.1,0.26,-0.26,0.905,0.757,-0.109,0.823,0.131,-0.062,,,,stellar_q1_q17,0.971,19.870307,3.4e-05,46.6333,0.00036,-0.7,1.3,-0.6,1.3,2e-05,0.00017,-1e-05,0.00017,1.21,0.73,0.01,0.89,1.21,0.87,0.58,0.81,-0.4,1.1,0.7,1.2,SIGNIF_OFFSET,2018-08-16 00:00:00,1.0,q1_q17_dr24_tce,009/009848/009848420/dv/kplr009848420-001-20141002224145_dvs.pdf,q1_q17_dr25_sup_koi,q1_q17_dr24_koi,2454969.432,0.0258,-0.0258,009/009848/009848420/dv/kplr009848420-20141002224145_dvr.pdf,0,0,1,0,102.05,296.22,-32.35,0.06913,0.10055,-0.06442,MCMC,,0
8377197,K04727.01,,295.85498,0.0,19h43m25.20s,44.301601,0.0,+44d18m05.8s,13.789,,13.465,,13.399,,13.387,,12.56,0.02,12.329,0.019,12.294,0.021,13.516,,cumulative,Done,11111111111111111000000000000000,FALSE POSITIVE,FALSE POSITIVE,1,1099.0,8.278759,9.193259,,Claret (2011 A&A 529 75) ATLAS LS,0.0,0.0,0.3169,0.2765,Mandel and Agol (2002 ApJ 580 171),11.8,,,131.50904,0.00413,-0.00413,0.0,,,,,,0.87,0.48,-0.15,0.0241,,,0.1356,0.3088,-0.1356,1.295,0.177,-0.177,,,,39.7,4.6,-4.6,1.215181097,6.173e-06,-6.173e-06,0.005853,0.000443,-0.000326,7.171,0.92,-0.92,88.81,,,2230.0,,,6717.0,151.0,-241.0,4.268,0.105,-0.314,-0.16,0.24,-0.34,1.365,0.747,-0.237,1.266,0.269,-0.216,,,,stellar_q1_q16,0.0,19.72367,2e-05,44.3061,0.00023,0.16,0.78,16.19,0.82,-3e-06,2.8e-05,-0.00059,3e-05,-0.399,0.074,8.543,0.078,8.552,0.078,-0.334,0.073,8.473,0.077,8.479,0.077,CLEAR_APO,2018-08-16 00:00:00,1.0,q1_q17_dr24_tce,008/008377/008377197/dv/kplr008377197-001-20141002224145_dvs.pdf,q1_q17_dr25_sup_koi,q1_q17_dr24_koi,2454964.509,0.00413,-0.00413,008/008377/008377197/dv/kplr008377197-20141002224145_dvr.pdf,0,0,1,0,5844.41,9448.24,-2396.0,4.72405,0.60615,-3.20257,MCMC,,0
3228740,K06309.01,,289.7424,0.0,19h18m58.18s,38.373169,0.0,+38d22m23.4s,14.16,,13.665,,13.512,,13.473,,12.609,0.025,12.295,0.032,12.251,0.022,13.707,,cumulative,Done,11111111111111111000000000000000,FALSE POSITIVE,FALSE POSITIVE,1,1833.0,3.6324835,9.137777,0.9663,Claret (2011 A&A 529 75) ATLAS LS,0.0,0.0,0.2889,0.3511,Mandel and Agol (2002 ApJ 580 171),11.2,,,132.21412,0.00903,-0.00903,0.0,,,,,,0.57,0.18,-0.09,0.0159,,,0.129,0.336,-0.129,2.097,0.224,-0.224,,,,27.8,2.9,-2.9,0.730956716,6.452e-06,-6.452e-06,0.004837,0.000276,-0.000336,2.72,1.3,-1.3,87.29,,,2192.0,,,6028.0,162.0,-180.0,4.371,0.108,-0.201,-0.14,0.3,-0.3,1.078,0.336,-0.168,0.994,0.153,-0.112,,,,q1_q17_dr25_stellar,0.0,19.316168,2.9e-05,38.37166,0.00043,0.3,1.2,-5.4,1.5,-8e-06,2.7e-05,0.00012,3.5e-05,-0.68,0.79,-2.61,0.71,2.7,0.68,-0.72,0.86,-2.65,0.73,2.75,0.72,MOD_SEC_DV---MOD_SEC_ALT---HALO_GHOST---EPHEM_MATCH,2018-08-16 00:00:00,1.0,q1_q17_dr25_tce,003/003228/003228740/dv/kplr003228740-001-20160209194854_dvs.pdf,q1_q17_dr25_sup_koi,q1_q17_dr25_koi,2454965.214,0.00903,-0.00903,003/003228/003228740/dv/kplr003228740-20160209194854_dvr.pdf,0,1,1,1,5431.8,4959.62,-2003.13,0.71262,1.02298,-0.34937,LS+MCMC,0.0,0
8056651,K04869.01,,299.81876,0.0,19h59m16.50s,43.825741,0.0,+43d49m32.7s,14.017,,13.622,,13.512,,13.458,,12.649,0.027,12.438,0.032,12.335,0.022,13.663,,cumulative,Done,11111111111111111000000000000000,FALSE POSITIVE,FALSE POSITIVE,1,236.0,8.042776,10.065467,,Claret (2011 A&A 529 75) ATLAS LS,0.0,0.0,0.311,0.2919,Mandel and Agol (2002 ApJ 580 171),11.8,,,132.562,0.0157,-0.0157,0.0,,,,,,1.41,0.84,-0.28,0.0655,,,0.7862,0.0558,-0.5465,2.484,0.298,-0.298,,,,87.4,9.9,-9.9,5.5834987,8.632e-05,-8.632e-05,0.009401,0.002323,-0.001028,10.9,5.3,-5.3,85.94,,,1317.0,,,6517.0,170.0,-231.0,4.241,0.139,-0.326,-0.16,0.23,-0.3,1.375,0.815,-0.275,1.203,0.292,-0.186,,,,stellar_q1_q16,0.0,19.987708,3.1e-05,43.82998,0.00028,-8.2,1.2,15.28,0.99,0.0007,0.0001,-0.001314,8.6e-05,-3.229,0.085,6.6,0.18,7.35,0.17,-3.374,0.097,6.57,0.18,7.39,0.17,CLEAR_APO,2018-08-16 00:00:00,1.0,q1_q17_dr24_tce,008/008056/008056651/dv/kplr008056651-001-20141002224145_dvs.pdf,q1_q17_dr25_sup_koi,q1_q17_dr24_koi,2454965.562,0.0157,-0.0157,008/008056/008056651/dv/kplr008056651-20141002224145_dvr.pdf,0,0,1,0,711.41,1289.09,-317.31,0.78674,2.66853,-0.74705,MCMC,,0
8158127,K01015.03,,289.09689,0.0,19h16m23.25s,44.004379,0.0,+44d00m15.8s,14.854,,14.452,,14.349,,14.334,,13.463,0.029,13.212,0.035,13.103,0.034,14.5,,cumulative,Done,10101010101010101000000000000000,CANDIDATE,CANDIDATE,3,34.0,3.2451663,8.187279,0.268,Claret (2011 A&A 529 75) ATLAS LS,0.0,0.0,0.2865,0.3671,Mandel and Agol (2002 ApJ 580 171),11.1,,,143.87301,0.00561,-0.00561,0.0,,,,,,3.14,0.43,-0.81,0.1378,,,0.825,0.142,-0.593,2.585,0.209,-0.209,,,,225.0,22.9,-22.9,16.9972894,0.0001286,-0.0001286,0.015447,0.004841,-0.00197,29.8,13.4,-13.4,88.41,,,956.0,,,5897.0,79.0,-79.0,3.98,0.203,-0.072,0.16,0.15,-0.15,1.86,0.259,-0.481,1.204,0.133,-0.133,,,,q1_q17_dr25_stellar,0.835,19.273108,3.6e-05,44.00432,0.00032,-0.7,1.4,-0.2,1.2,0.00014,0.00034,2e-05,0.00028,-0.5,1.2,-0.15,0.49,0.6,1.1,-0.7,1.4,-0.23,0.48,0.8,1.3,NO_COMMENT,2018-08-16 00:00:00,3.0,q1_q17_dr25_tce,008/008158/008158127/dv/kplr008158127-003-20160209194854_dvs.pdf,q1_q17_dr25_sup_koi,q1_q17_dr25_koi,2454976.873,0.00561,-0.00561,008/008158/008158127/dv/kplr008158127-20160209194854_dvr.pdf,0,0,0,0,197.18,72.73,-94.49,1.72913,7.80604,-1.52419,LS+MCMC,0.705,1
5211199,K02158.02,,297.65143,0.0,19h50m36.34s,40.352551,0.0,+40d21m09.2s,13.648,,12.993,,12.796,,12.691,,11.78,0.022,11.387,0.022,11.279,0.018,13.052,,cumulative,Done,11111111111111111000000000000000,CANDIDATE,CANDIDATE,2,194.0,3.4436333,10.110915,0.2054,Claret (2011 A&A 529 75) ATLAS LS,0.0,0.0,0.1973,0.5102,Mandel and Agol (2002 ApJ 580 171),12.3,,,132.18853,0.00638,-0.00638,0.0,,,,,,2.09,0.39,-0.72,0.0764,,,0.892,0.005,-0.622,3.251,0.174,-0.174,,,,48.7,4.4,-4.4,6.68231249,5.906e-05,-5.906e-05,0.007642,0.000278,-0.001592,7.42,3.6,-3.6,83.1,,,1350.0,,,5343.0,85.0,-74.0,3.764,0.238,-0.102,0.08,0.15,-0.15,2.506,0.468,-0.87,1.33,0.146,-0.341,,,,q1_q17_dr25_stellar,0.378,19.843398,3.3e-05,40.35234,0.00038,-1.3,1.3,-0.7,1.4,5.4e-05,6.5e-05,2.7e-05,6.6e-05,0.26,0.77,0.62,0.44,0.67,0.4,0.13,0.85,0.29,0.41,0.32,0.38,NO_COMMENT,2018-08-16 00:00:00,2.0,q1_q17_dr25_tce,005/005211/005211199/dv/kplr005211199-002-20160209194854_dvs.pdf,q1_q17_dr25_sup_koi,q1_q17_dr25_koi,2454965.189,0.00638,-0.00638,005/005211/005211199/dv/kplr005211199-20160209194854_dvr.pdf,0,0,0,0,784.74,392.49,-468.44,0.17323,1.50162,-0.13543,LS+MCMC,1.0,1
10226343,K07994.01,,298.13785,0.0,19h52m33.08s,47.25856,0.0,+47d15m30.8s,16.063,,15.607,,15.496,,15.452,,14.545,0.031,14.298,0.032,14.16,0.062,15.666,,cumulative,Done,01111101110111011000000000000000,FALSE POSITIVE,FALSE POSITIVE,1,1571.0,3.250615,8.870523,-1.0,Claret (2011 A&A 529 75) ATLAS LS,0.0,0.0,0.3138,0.2998,Mandel and Agol (2002 ApJ 580 171),77.7,,,131.6909,0.00191,-0.00191,0.0,,,,,,16.81,5.01,-2.14,0.0161,,,1.098,0.189,-0.04,7.111,0.357,-0.357,,,,566.9,13.6,-13.6,0.660655454,1.47e-06,-1.47e-06,0.126701,0.192082,-0.025155,1.127,0.288,-0.288,12.91,,,2497.0,,,6520.0,180.0,-270.0,4.375,0.062,-0.2,0.07,0.25,-0.3,1.215,0.362,-0.155,1.279,0.154,-0.205,,,,q1_q17_dr25_stellar,0.563,19.8758642,7.8e-06,47.258541,8.9e-05,0.25,0.29,-0.07,0.32,-0.0001,0.00013,2e-05,0.00014,0.83,0.27,-3.48,0.59,3.58,0.57,0.73,0.32,-3.33,0.55,3.41,0.58,LPP_DV---CENT_NOFITS---EPHEM_MATCH,2018-08-16 00:00:00,1.0,q1_q17_dr25_tce,010/010226/010226343/dv/kplr010226343-001-20160209194854_dvs.pdf,q1_q17_dr25_sup_koi,q1_q17_dr25_koi,2454964.691,0.00191,-0.00191,010/010226/010226343/dv/kplr010226343-20160209194854_dvr.pdf,1,0,0,1,9210.84,8092.05,-3291.3,0.06197,0.03173,-0.01133,LS+MCMC,0.0,0
8708961,K08163.01,,298.21265,0.0,19h52m51.04s,44.80479,0.0,+44d48m17.2s,14.437,,13.9,,13.721,,13.614,,12.7,0.022,12.43,0.021,12.346,0.021,13.936,,cumulative,Done,11111111111111111000000000000000,CANDIDATE,CANDIDATE,1,4.0,4.260495,7.30919,0.178,Claret (2011 A&A 529 75) ATLAS LS,0.0,0.0,0.2949,0.3354,Mandel and Agol (2002 ApJ 580 171),15.7,,,308.2287,0.0221,-0.0221,0.0,,,,,,119.96,31.87,-47.84,1.0106,,,1.655,6.54,-0.248,17.84,1.3,-1.3,,,,552.3,41.5,-41.5,370.98253,0.01232,-0.01232,0.67395,6.536875,-0.248325,39.7,19.5,-19.5,87.61,,,338.0,,,6028.0,181.0,-181.0,4.013,0.42,-0.14,-0.34,0.3,-0.3,1.63,0.433,-0.65,0.999,0.153,-0.139,,,,q1_q17_dr25_stellar,0.269,19.880846,2.1e-05,44.80469,0.00018,0.13,0.82,-0.34,0.66,-0.00021,0.00041,0.00025,0.00034,0.1,0.58,0.85,0.21,0.86,0.22,0.04,0.51,0.87,0.24,0.87,0.25,NO_COMMENT,2018-08-16 00:00:00,1.0,q1_q17_dr25_tce,008/008708/008708961/dv/kplr008708961-001-20160209194854_dvs.pdf,q1_q17_dr25_sup_koi,q1_q17_dr25_koi,2455141.229,0.0221,-0.0221,008/008708/008708961/dv/kplr008708961-20160209194854_dvr.pdf,0,0,0,0,3.07,2.47,-2.09,0.00858,0.07579,-0.00505,LS+MCMC,0.212,1
10337517,K01165.02,Kepler-783 b,291.06293,0.0,19h24m15.10s,47.484798,0.0,+47d29m05.3s,14.42,,13.871,,13.699,,13.617,,12.705,0.021,12.342,0.018,12.287,0.017,13.916,,cumulative,Done,11111111111111111000000000000000,CONFIRMED,CANDIDATE,2,302.0,3.2288117,9.91662,0.2828,Claret (2011 A&A 529 75) ATLAS LS,0.0,0.0,0.1959,0.5086,Mandel and Agol (2002 ApJ 580 171),11.4,,,134.80018,0.00691,-0.00691,0.0,,,,,,0.68,0.06,-0.05,0.0491,,,0.454,0.495,-0.251,2.7,0.223,-0.223,,,,61.4,6.4,-6.4,4.29263699,3.78e-05,-3.78e-05,0.007235,0.000402,-0.000495,10.94,4.9,-4.9,87.62,,,991.0,,,5357.0,107.0,-107.0,4.498,0.058,-0.065,0.0,0.15,-0.15,0.863,0.073,-0.065,0.854,0.054,-0.045,,,,q1_q17_dr25_stellar,0.731,19.404208,3.3e-05,47.48472,0.00032,0.4,1.2,-0.3,1.1,-3.3e-05,7.8e-05,2.2e-05,7.4e-05,-0.05,0.64,0.37,1.0,0.37,0.93,-0.16,0.75,0.4,1.1,0.47,0.82,NO_COMMENT,2018-08-16 00:00:00,2.0,q1_q17_dr25_tce,010/010337/010337517/dv/kplr010337517-002-20160209194854_dvs.pdf,q1_q17_dr25_sup_koi,q1_q17_dr25_koi,2454967.8,0.00691,-0.00691,010/010337/010337517/dv/kplr010337517-20160209194854_dvr.pdf,0,0,0,0,227.69,62.2,-48.1,1.34519,1.19886,-0.39176,LS+MCMC,1.0,1
6314185,K03752.01,,299.24219,0.0,19h56m58.13s,41.62323,0.0,+41d37m23.6s,15.414,,14.858,,14.662,,14.548,,13.608,0.036,13.287,0.047,13.209,0.042,14.888,,cumulative,Done,11111111111111111000000000000000,FALSE POSITIVE,FALSE POSITIVE,1,939.0,41.106724,240.55913,-1.0,Claret (2011 A&A 529 75) ATLAS LS,0.0,0.0,0.2979,0.3238,Mandel and Agol (2002 ApJ 580 171),159.3,,,132.822323,0.00095,-0.00095,0.0,,,,,,5.67,1.54,-1.27,0.0237,,,0.933,0.002,-0.002,5.6316,0.0552,-0.0552,,,,1849.5,15.3,-15.3,1.433262145,1.625e-06,-1.625e-06,0.048592,0.000245,-0.000323,1.3479,0.0293,-0.0293,46.2,,,1769.0,,,5977.0,179.0,-197.0,4.318,0.19,-0.19,-0.46,0.3,-0.3,1.068,0.291,-0.238,0.864,0.12,-0.07,,,,q1_q17_dr25_stellar,0.0,19.94931331,9.1e-07,41.615766,1.2e-05,-6.701,0.037,-26.871,0.044,0.01059,6.5e-05,0.04548,7.9e-05,-3.517,0.072,-6.83,0.17,7.68,0.16,-4.316,0.069,-5.95,0.069,7.351,0.071,MOD_SEC_ALT---SEASONAL_DEPTH_DV---CENT_NOFITS---EPHEM_MATCH,2018-08-16 00:00:00,1.0,q1_q17_dr25_tce,006/006314/006314185/dv/kplr006314185-001-20160209194854_dvs.pdf,q1_q17_dr25_sup_koi,q1_q17_dr25_koi,2454965.822,0.00095,-0.00095,006/006314/006314185/dv/kplr006314185-20160209194854_dvr.pdf,0,1,0,1,2319.46,1906.69,-1094.34,0.02255,0.00049,-0.00048,LS+MCMC,0.0,0
10407210,K04662.01,,292.83698,0.0,19h31m20.88s,47.55394,0.0,+47d33m14.2s,11.448,,10.989,,,,,,9.989,0.025,9.823,0.017,9.785,0.016,10.959,,cumulative,Done,11111111111111111000000000000000,FALSE POSITIVE,FALSE POSITIVE,1,1444.0,15.203435,10.33584,0.0225,Claret (2011 A&A 529 75) ATLAS LS,0.0,0.0,0.318,0.2734,Mandel and Agol (2002 ApJ 580 171),17.9,,,131.54241,0.00942,-0.00942,0.0,,,,,,0.72,0.2,-0.22,0.0208,,,0.645,0.039,-0.494,4.363,0.248,-0.248,,,,13.5,1.0,-1.0,0.933728755,8.982e-06,-8.982e-06,0.00355,1e-05,-0.000322,1.486,0.586,-0.586,64.29,,,2777.0,,,6652.0,187.0,-258.0,4.036,0.264,-0.176,-0.16,0.25,-0.3,1.863,0.519,-0.576,1.378,0.186,-0.279,,,,q1_q17_dr25_stellar,0.0,19.522444,2.3e-05,47.55517,0.00027,-0.8,0.83,4.44,0.97,7.1e-06,6.8e-06,-3.74e-05,7.8e-06,3.06,0.9,-1.5,1.0,3.42,0.99,3.34,0.9,-1.2,1.0,3.55,0.98,CENT_SATURATED---HALO_GHOST---EPHEM_MATCH,2018-08-16 00:00:00,1.0,q1_q17_dr25_tce,010/010407/010407210/dv/kplr010407210-001-20160209194854_dvs.pdf,q1_q17_dr25_sup_koi,q1_q17_dr25_koi,2454964.542,0.00942,-0.00942,010/010407/010407210/dv/kplr010407210-20160209194854_dvr.pdf,0,0,1,1,14057.75,11618.71,-8330.73,0.07124,0.05618,-0.00311,LS+MCMC,0.0,0
5636648,K01565.01,,296.33319,0.0,19h45m19.97s,40.896259,0.0,+40d53m46.5s,15.888,,15.286,,15.092,,15.003,,14.044,0.03,13.678,0.039,13.581,0.044,15.33,,cumulative,Done,11111111111111111000000000000000,FALSE POSITIVE,FALSE POSITIVE,1,1428.0,3.8772557,8.796906,0.9941,Claret (2011 A&A 529 75) ATLAS LS,0.0,0.0,0.2711,0.3858,Mandel and Agol (2002 ApJ 580 171),103.6,,,133.971123,0.000371,-0.000371,0.0,,,,,,20.43,5.94,-1.98,0.0116,,,1.186,0.774,-0.082,1.3956,0.0216,-0.0216,,,,796.1,8.3,-8.3,0.466743525,2.13e-07,-2.13e-07,0.218533,0.765243,-0.078919,1.395,0.691,-0.691,31.79,,,2197.0,,,5791.0,155.0,-172.0,4.549,0.036,-0.204,-0.18,0.3,-0.3,0.856,0.249,-0.083,0.946,0.109,-0.12,,,,q1_q17_dr25_stellar,0.0,19.754725,1e-05,40.897046,9.9e-05,-33.5,0.42,2.83,0.36,0.01056,0.00014,-0.00095,0.00012,-5.619,0.1,0.082,0.084,5.619,0.1,-6.425,0.069,-0.152,0.069,6.427,0.069,MOD_SEC_DV---MOD_SEC_ALT---CENT_RESOLVED_OFFSET---HALO_GHOST---EPHEM_MATCH,2018-08-16 00:00:00,1.0,q1_q17_dr25_tce,005/005636/005636648/dv/kplr005636648-001-20160209194854_dvs.pdf,q1_q17_dr25_sup_koi,q1_q17_dr25_koi,2454966.971,0.000371,-0.000371,005/005636/005636648/dv/kplr005636648-20160209194854_dvr.pdf,0,1,1,1,5480.92,4670.25,-1519.17,0.23581,0.58395,-0.03705,LS+MCMC,0.0,0
5444392,K06578.01,,290.5174,0.0,19h22m04.18s,40.696812,0.0,+40d41m48.5s,11.774,,11.323,,11.208,,11.193,,10.301,0.02,9.982,0.016,9.934,0.018,11.378,,cumulative,Done,11111111111111111000000000000000,FALSE POSITIVE,FALSE POSITIVE,1,1773.0,938.2225,10308.177,-1.0,Claret (2011 A&A 529 75) ATLAS LS,0.0,0.0,0.2678,0.3958,Mandel and Agol (2002 ApJ 580 171),1728.1,,,131.7927631,7.19e-05,-7.19e-05,0.0,,,,,,138.54,19.31,-35.92,0.017,,,0.545,0.023,-0.012,5.72501,0.00937,-0.00937,,,,393266.0,224.0,-224.0,0.759764419,6.5e-08,-6.5e-08,0.664601,0.011621,-0.008013,1.9631,0.0324,-0.0324,73.89,,,2715.0,,,5807.0,86.0,-78.0,3.93,0.233,-0.078,-0.02,0.15,-0.15,1.909,0.266,-0.495,1.13,0.113,-0.15,,,,q1_q17_dr25_stellar,,,,,,,,,,,,,,0.04,0.3,0.01,0.29,0.04,0.23,0.19,0.25,-0.05,0.26,0.2,0.3,SWEET_EB---DEPTH_ODDEVEN_ALT---MOD_ODDEVEN_DV---MOD_ODDEVEN_ALT---DEEP_V_SHAPED---CENT_SATURATED,2018-08-16 00:00:00,1.0,q1_q17_dr25_tce,005/005444/005444392/dv/kplr005444392-001-20160209194854_dvs.pdf,q1_q17_dr25_sup_koi,q1_q17_dr25_koi,2454964.793,7.19e-05,-7.19e-05,005/005444/005444392/dv/kplr005444392-20160209194854_dvr.pdf,0,1,0,0,12833.03,4834.44,-6163.06,0.24792,0.00409,-0.00442,LS+MCMC,0.0,0
5621294,K06606.01,,292.21927,0.0,19h28m52.62s,40.89333,0.0,+40d53m36.0s,13.624,,13.61,,13.691,,13.748,,13.072,0.024,12.929,0.026,12.877,0.033,13.613,,cumulative,Done,11111111111111111000000000000000,FALSE POSITIVE,FALSE POSITIVE,1,1434.0,955.04895,10690.468,-1.0,Claret (2011 A&A 529 75) ATLAS LS,0.0,0.0,0.2797,0.2672,Mandel and Agol (2002 ApJ 580 171),2584.7,,,131.8411582,4.09e-05,-4.09e-05,0.0,,,,,,205.64,50.47,-93.82,0.0237,,,0.54,0.005,-0.004,5.00453,0.00216,-0.00216,,,,358893.0,70.6,-70.6,0.938905082,4.7e-08,-4.7e-08,0.627086,0.001417,-0.002833,2.4492,0.019,-0.019,77.26,,,4281.0,,,8615.0,239.0,-376.0,3.784,0.405,-0.108,-0.22,0.4,-0.35,3.003,0.737,-1.37,2.002,0.353,-0.471,,,,q1_q17_dr25_stellar,0.0,19.481283381,6e-09,40.89333186,7e-08,-0.05385,0.00025,0.00669,0.00025,0.0,0.47,-0.05,0.63,0.01,0.067,0.045,0.067,0.046,0.067,0.016,0.068,-0.004,0.068,0.017,0.069,SWEET_EB---MOD_SEC_ALT---CENT_NOFITS,2018-08-16 00:00:00,1.0,q1_q17_dr25_tce,005/005621/005621294/dv/kplr005621294-001-20160209194854_dvs.pdf,q1_q17_dr25_sup_koi,q1_q17_dr25_koi,2454964.841,4.09e-05,-4.09e-05,005/005621/005621294/dv/kplr005621294-20160209194854_dvr.pdf,0,1,0,0,79148.54,57817.35,-59569.95,0.31528,0.00244,-0.00202,LS+MCMC,0.0,0
9790965,K07231.01,,298.91162,0.0,19h55m38.79s,46.586578,0.0,+46d35m11.7s,13.756,,13.36,,13.23,,13.198,,12.262,0.027,12.097,0.029,11.952,0.02,13.388,,cumulative,Done,11111101110111011000000000000000,FALSE POSITIVE,FALSE POSITIVE,2,1301.0,225.16553,2205.003,-1.0,Claret (2011 A&A 529 75) ATLAS LS,0.0,0.0,0.3105,0.2893,Mandel and Agol (2002 ApJ 580 171),486.3,,,132.243022,0.000188,-0.000188,0.0,,,,,,91.21,24.31,-33.43,0.0184,,,1.216,0.024,-0.027,3.8281,0.0239,-0.0239,,,,26189.8,71.6,-71.6,0.82206761,1.98e-07,-1.98e-07,0.434803,0.017847,-0.027416,1.803,0.0401,-0.0401,47.61,,,2941.0,,,6531.0,175.0,-214.0,3.962,0.35,-0.15,-0.28,0.25,-0.3,1.921,0.512,-0.704,1.234,0.201,-0.221,,,,q1_q17_dr25_stellar,0.0,19.927441719,7e-08,46.58662842,6.7e-07,0.0156,0.0026,0.1743,0.0024,-0.0004,0.0012,0.0008,0.0018,-0.015,0.067,-0.009,0.067,0.017,0.067,-0.087,0.068,-0.009,0.067,0.088,0.068,LPP_ALT,2018-08-16 00:00:00,1.0,q1_q17_dr25_tce,009/009790/009790965/dv/kplr009790965-001-20160209194854_dvs.pdf,q1_q17_dr25_sup_koi,q1_q17_dr25_koi,2454965.243,0.000188,-0.000188,009/009790/009790965/dv/kplr009790965-20160209194854_dvr.pdf,1,0,0,0,17747.85,13897.55,-11513.42,0.16407,0.00365,-0.00737,LS+MCMC,0.0,0
12164770,K02088.01,,294.39557,0.0,19h37m34.94s,50.719589,0.0,+50d43m10.5s,15.033,,14.594,,14.488,,14.429,,13.569,0.022,13.307,0.022,13.22,0.035,14.651,,cumulative,Done,11111111111111111000000000000000,FALSE POSITIVE,FALSE POSITIVE,1,518.0,4.1119833,29.88787,0.4402,Claret (2011 A&A 529 75) ATLAS LS,0.0,0.0,0.302,0.319,Mandel and Agol (2002 ApJ 580 171),69.4,,,132.22517,0.00437,-0.00437,0.0,,,,,,25.55,8.26,-2.77,0.0389,,,1.195,0.446,-0.105,11.226,0.23,-0.23,,,,388.9,6.8,-6.8,2.63009438,1.249e-05,-1.249e-05,0.21442,0.427366,-0.143209,1.263,0.562,-0.562,18.9,,,1480.0,,,6338.0,153.0,-210.0,4.418,0.067,-0.216,-0.1,0.25,-0.3,1.091,0.353,-0.118,1.137,0.166,-0.149,,,,q1_q17_dr25_stellar,0.0,19.626216,1.2e-05,50.71929,0.0001,-5.29,0.41,-1.09,0.37,0.00147,0.00011,0.000315,0.0001,-5.2,1.0,-0.37,0.8,5.2,1.0,-5.3,1.0,-0.16,0.81,5.3,1.0,CENT_RESOLVED_OFFSET---EPHEM_MATCH,2018-08-16 00:00:00,1.0,q1_q17_dr25_tce,012/012164/012164770/dv/kplr012164770-001-20160209194854_dvs.pdf,q1_q17_dr25_sup_koi,q1_q17_dr25_koi,2454965.225,0.00437,-0.00437,012/012164/012164770/dv/kplr012164770-20160209194854_dvr.pdf,0,0,1,1,1135.97,1053.25,-346.37,0.00551,0.00735,-0.00149,LS+MCMC,0.0,0
8077137,K00274.01,Kepler-128 b,282.49222,0.0,18h49m58.13s,43.980209,0.0,+43d58m48.8s,11.697,,11.315,,11.258,,11.241,,10.373,0.021,10.094,0.019,10.109,0.011,11.39,,cumulative,Done,11111111111111111000000000000000,CONFIRMED,CANDIDATE,2,91.0,3.9642375,14.985938,0.994,Claret (2011 A&A 529 75) ATLAS LS,0.0,0.0,0.291,0.3469,Mandel and Agol (2002 ApJ 580 171),29.5,,,175.95371,0.00233,-0.00233,0.0,,,,,,1.42,0.09,-0.06,0.1231,,,0.02,0.385,-0.02,4.3349,0.0675,-0.0675,,,,77.8,2.9,-2.9,15.0896415,4.664e-05,-4.664e-05,0.008074,0.00025,-0.000185,26.81,3.9,-3.9,89.96,,,968.0,,,6063.0,85.0,-73.0,4.061,0.03,-0.03,-0.1,0.1,-0.1,1.613,0.098,-0.074,1.092,0.078,-0.05,,,,q1_q17_dr25_stellar,0.655,18.832815,1.9e-05,43.98032,0.00014,0.01,0.73,0.41,0.5,1e-06,3.6e-05,-1.2e-05,2.5e-05,0.55,0.78,0.36,0.39,0.66,0.63,0.71,0.65,0.48,0.43,0.86,0.59,CENT_SATURATED,2018-08-16 00:00:00,1.0,q1_q17_dr25_tce,008/008077/008077137/dv/kplr008077137-001-20160209194854_dvs.pdf,q1_q17_dr25_sup_koi,q1_q17_dr25_koi,2455008.954,0.00233,-0.00233,008/008077/008077137/dv/kplr008077137-20160209194854_dvr.pdf,0,0,0,0,207.64,39.38,-27.56,1.60067,0.23057,-0.42736,LS+MCMC,1.0,1
8076630,K02235.01,,282.21646,0.0,18h48m51.95s,43.93359,0.0,+43d56m00.9s,15.148,,14.579,,14.385,,14.284,,13.359,0.021,12.924,0.023,12.83,0.024,14.614,,cumulative,Done,11111111111111111000000000000000,FALSE POSITIVE,FALSE POSITIVE,1,1555.0,4.5241294,24.422718,0.9767,Claret (2011 A&A 529 75) ATLAS LS,0.0,0.0,0.3058,0.3352,Mandel and Agol (2002 ApJ 580 171),41.7,,,131.80744,0.00156,-0.00156,0.0,,,,,,1.88,0.21,-0.16,0.0156,,,0.994,0.11,-0.015,2.4318,0.0872,-0.0872,,,,232.5,7.0,-7.0,0.861643331,1.54e-06,-1.54e-06,0.025042,0.096898,-0.006447,1.211,0.107,-0.107,34.79,,,1613.0,,,5506.0,164.0,-164.0,4.596,0.071,-0.065,-0.9,0.3,-0.3,0.688,0.078,-0.058,0.682,0.068,-0.034,,,,q1_q17_dr25_stellar,0.0,18.814328,1.2e-05,43.93301,0.00013,-4.0,0.47,-2.07,0.46,0.000555,7.1e-05,0.000304,7e-05,-8.71,0.26,-1.47,0.21,8.83,0.29,-8.85,0.3,-1.46,0.23,8.98,0.33,CENT_RESOLVED_OFFSET,2018-08-16 00:00:00,1.0,q1_q17_dr25_tce,008/008076/008076630/dv/kplr008076630-001-20160209194854_dvs.pdf,q1_q17_dr25_sup_koi,q1_q17_dr25_koi,2454964.807,0.00156,-0.00156,008/008076/008076630/dv/kplr008076630-20160209194854_dvr.pdf,0,0,1,0,1599.85,630.37,-411.2,0.04521,0.00401,-0.00643,LS+MCMC,0.0,0
9965957,K01911.01,Kepler-1011 b,297.40155,0.0,19h49m36.37s,46.824001,0.0,+46d49m26.4s,15.872,,15.117,,14.906,,14.813,,13.832,0.025,13.432,0.024,13.361,0.031,15.196,,cumulative,Done,11111101110111011000000000000000,CONFIRMED,CANDIDATE,1,186.0,5.088588,30.750694,0.2449,Claret (2011 A&A 529 75) ATLAS LS,0.0,0.0,0.2111,0.4955,Mandel and Agol (2002 ApJ 580 171),31.8,,,136.75617,0.00153,-0.00153,0.0,,,,,,3.14,0.77,-0.26,0.0633,,,0.921,0.017,-0.666,1.7948,0.048,-0.048,,,,733.8,28.1,-28.1,5.75321539,1.184e-05,-1.184e-05,0.03095,1.4e-05,-0.006223,11.38,5.6,-5.6,85.36,,,920.0,,,5445.0,180.0,-164.0,4.51,0.033,-0.176,0.48,0.05,-0.25,0.929,0.229,-0.076,1.017,0.074,-0.101,,,,q1_q17_dr25_stellar,0.006,19.826786,1.1e-05,46.82414,0.00012,0.59,0.39,0.52,0.43,-0.00057,0.0003,-0.00032,0.00032,0.03,0.12,0.04,0.15,0.05,0.14,0.02,0.12,0.13,0.15,0.14,0.15,NO_COMMENT,2018-08-16 00:00:00,1.0,q1_q17_dr25_tce,009/009965/009965957/dv/kplr009965957-001-20160209194854_dvs.pdf,q1_q17_dr25_sup_koi,q1_q17_dr25_koi,2454969.756,0.00153,-0.00153,009/009965/009965957/dv/kplr009965957-20160209194854_dvr.pdf,0,0,0,0,169.44,130.41,-43.04,0.84337,11.61531,-0.20556,LS+MCMC,1.0,1
12021625,K02996.01,Kepler-1404 b,296.00943,0.0,19h44m02.26s,50.498379,0.0,+50d29m54.2s,16.325,,15.65,,15.415,,15.308,,14.315,0.025,13.876,0.027,13.756,0.054,15.688,,cumulative,Done,11111111111111111000000000000000,CONFIRMED,CANDIDATE,1,83.0,4.0237303,11.741651,0.3542,Claret (2011 A&A 529 75) ATLAS LS,0.0,0.0,0.2665,0.398,Mandel and Agol (2002 ApJ 580 171),14.8,,,141.81212,0.00678,-0.00678,0.0,,,,,,1.77,0.3,-0.14,0.1143,,,0.604,0.338,-0.387,2.435,0.251,-0.251,,,,556.7,47.3,-47.3,15.9314412,0.0001331,-0.0001331,0.022469,7.1e-05,-0.002362,41.2,14.3,-14.3,89.16,,,596.0,,,5380.0,160.0,-160.0,4.616,0.035,-0.105,-0.4,0.35,-0.3,0.721,0.123,-0.057,0.786,0.084,-0.076,,,,q1_q17_dr25_stellar,0.33,19.734017,3e-05,50.4985,0.0003,1.9,1.0,0.4,1.1,-0.00066,0.00054,7e-05,0.00058,-0.14,0.26,0.11,0.28,0.17,0.27,-0.06,0.18,0.21,0.38,0.21,0.35,NO_COMMENT,2018-08-16 00:00:00,1.0,q1_q17_dr25_tce,012/012021/012021625/dv/kplr012021625-001-20160209194854_dvs.pdf,q1_q17_dr25_sup_koi,q1_q17_dr25_koi,2454974.812,0.00678,-0.00678,012/012021/012021625/dv/kplr012021625-20160209194854_dvr.pdf,0,0,0,0,29.83,16.14,-7.4,5.22683,5.43796,-1.90574,LS+MCMC,1.0,1
7427764,K04364.01,Kepler-1595 b,285.72272,0.0,19h02m53.45s,43.00948,0.0,+43d00m34.1s,16.085,,15.381,,15.174,,15.05,,14.04,0.03,13.609,0.038,13.527,0.039,15.448,,cumulative,Done,11111111111111111000000000000000,CONFIRMED,CANDIDATE,1,288.0,2.8715417,10.996368,0.5471,Claret (2011 A&A 529 75) ATLAS LS,0.0,0.0,0.2396,0.4415,Mandel and Agol (2002 ApJ 580 171),9.9,,,132.26068,0.0076,-0.0076,0.0,,,,,,1.22,0.24,-0.13,0.051,,,0.365,0.094,-0.365,2.271,0.227,-0.227,,,,201.8,23.7,-23.7,4.56383697,4.582e-05,-4.582e-05,0.013,0.000815,-0.001022,14.52,6.2,-6.2,88.56,,,980.0,,,5408.0,160.0,-160.0,4.496,0.07,-0.13,-0.06,0.3,-0.3,0.861,0.168,-0.09,0.848,0.097,-0.073,,,,q1_q17_dr25_stellar,0.256,19.048177,2.9e-05,43.00979,0.00028,-0.1,1.1,1.1,1.0,4e-05,0.00023,-0.00019,0.0002,-0.45,0.59,0.06,0.41,0.45,0.55,-0.37,0.54,0.17,0.41,0.41,0.38,NO_COMMENT,2018-08-16 00:00:00,1.0,q1_q17_dr25_tce,007/007427/007427764/dv/kplr007427764-001-20160209194854_dvs.pdf,q1_q17_dr25_sup_koi,q1_q17_dr25_koi,2454965.261,0.0076,-0.0076,007/007427/007427764/dv/kplr007427764-20160209194854_dvr.pdf,0,0,0,0,218.18,132.0,-63.03,2.78257,1.18273,-1.4709,LS+MCMC,1.0,1
6182846,K03591.01,,283.0733,0.0,18h52m17.59s,41.53867,0.0,+41d32m19.2s,15.197,,14.76,,14.626,,14.586,,13.798,0.03,13.458,0.038,13.363,0.038,14.798,,cumulative,Done,11110111011101110000000000000000,FALSE POSITIVE,FALSE POSITIVE,1,163.0,296.79712,1948.7997,-1.0,Claret (2011 A&A 529 75) ATLAS LS,0.0,0.0,0.3032,0.3147,Mandel and Agol (2002 ApJ 580 171),154.4,,,134.702264,0.000689,-0.000689,0.0,,,,,,51.77,17.86,-5.61,0.0687,,,1.039,0.189,-0.122,4.7439,0.0391,-0.0391,,,,83326.0,661.0,-661.0,6.399101307,5.396e-06,-5.396e-06,0.479811,0.149884,-0.100624,10.929,0.943,-0.943,84.55,,,1042.0,,,6233.0,175.0,-197.0,4.472,0.056,-0.224,-0.24,0.25,-0.3,0.988,0.341,-0.107,1.054,0.144,-0.144,,,,q1_q17_dr25_stellar,0.0,18.871611916,4e-08,41.54176871,9.3e-07,2.3409,0.0016,11.1554,0.0034,-0.168,0.081,-0.75,0.11,0.023,0.068,0.199,0.067,0.2,0.067,1.952,0.068,7.766,0.068,8.008,0.068,MOD_SEC_DV---MOD_SEC_ALT---MOD_ODDEVEN_DV---MOD_ODDEVEN_ALT---DEEP_V_SHAPED---SEASONAL_DEPTH_DV---SEASONAL_DEPTH_ALT---CENT_RESOLVED_OFFSET---EPHEM_MATCH,2018-08-16 00:00:00,1.0,q1_q17_dr25_tce,006/006182/006182846/dv/kplr006182846-001-20160209194854_dvs.pdf,q1_q17_dr25_sup_koi,q1_q17_dr25_koi,2454967.702,0.000689,-0.000689,006/006182/006182846/dv/kplr006182846-20160209194854_dvr.pdf,0,1,1,1,279.38,285.34,-84.02,0.60307,0.05204,-0.05905,LS+MCMC,0.0,0
7777818,K04380.01,,298.94901,0.0,19h55m47.76s,43.441715,0.0,+43d26m30.2s,13.68,,13.323,,13.257,,,,12.068,0.027,11.814,0.031,11.752,0.021,13.384,,cumulative,Done,11111111111111111000000000000000,FALSE POSITIVE,FALSE POSITIVE,1,230.0,3.603645,14.013821,0.1196,Claret (2011 A&A 529 75) ATLAS LS,0.0,0.0,0.311,0.2938,Mandel and Agol (2002 ApJ 580 171),16.4,,,136.77178,0.00601,-0.00601,0.0,,,,,,1.7,0.51,-0.56,0.07,,,0.66,0.29,-0.455,2.222,0.181,-0.181,,,,72.8,5.6,-5.6,5.78159956,4.522e-05,-4.522e-05,0.008268,0.002173,-0.00048,15.17,6.5,-6.5,87.51,,,1475.0,,,6443.0,181.0,-227.0,4.023,0.299,-0.161,-0.06,0.25,-0.3,1.884,0.559,-0.622,1.371,0.193,-0.289,,,,q1_q17_dr25_stellar,0.0,19.930324,2.8e-05,43.44084,0.00027,15.3,1.1,-3.16,0.96,-0.001101,7.6e-05,0.0002,6.8e-05,8.61,0.14,-2.353,0.073,8.93,0.13,8.76,0.12,-2.389,0.074,9.08,0.11,CENT_CROWDED,2018-08-16 00:00:00,1.0,q1_q17_dr25_tce,007/007777/007777818/dv/kplr007777818-001-20160209194854_dvs.pdf,q1_q17_dr25_sup_koi,q1_q17_dr25_koi,2454969.772,0.00601,-0.00601,007/007777/007777818/dv/kplr007777818-20160209194854_dvr.pdf,0,0,1,0,1117.19,981.46,-682.91,1.9774,3.37845,-0.20909,LS+MCMC,1.0,0
6276791,K04477.01,,289.10422,0.0,19h16m25.01s,41.69014,0.0,+41d41m24.5s,16.008,,15.41,,15.234,,15.147,,14.196,0.029,13.838,0.038,13.727,0.048,15.466,,cumulative,Done,11111111111111111000000000000000,CANDIDATE,CANDIDATE,2,249.0,2.8018146,8.380222,0.4849,Claret (2011 A&A 529 75) ATLAS LS,0.0,0.0,0.2676,0.3928,Mandel and Agol (2002 ApJ 580 171),11.5,,,135.9927,0.00532,-0.00532,0.0,,,,,,1.22,0.33,-0.11,0.0587,,,0.357,0.094,-0.357,2.24,0.155,-0.155,,,,197.2,18.7,-18.7,5.30179786,4.201e-05,-4.201e-05,0.012946,0.000607,-0.000878,17.16,5.0,-5.0,88.81,,,973.0,,,5749.0,153.0,-170.0,4.547,0.033,-0.187,-0.1,0.3,-0.3,0.864,0.234,-0.078,0.961,0.095,-0.116,,,,q1_q17_dr25_stellar,0.675,19.273585,4.2e-05,41.69012,0.00042,-1.2,1.7,-0.1,1.5,0.00018,0.00027,-1e-05,0.00024,0.17,0.52,0.08,0.7,0.18,0.72,0.1,0.57,-0.01,0.69,0.1,0.52,NO_COMMENT,2018-08-16 00:00:00,2.0,q1_q17_dr25_tce,006/006276/006276791/dv/kplr006276791-002-20160209194854_dvs.pdf,q1_q17_dr25_sup_koi,q1_q17_dr25_koi,2454968.993,0.00532,-0.00532,006/006276/006276791/dv/kplr006276791-20160209194854_dvr.pdf,0,0,0,0,211.8,168.16,-56.35,3.3996,0.98795,-1.38974,LS+MCMC,0.999,1
8637903,K08276.01,,296.40787,0.0,19h45m37.89s,44.77364,0.0,+44d46m25.1s,14.309,,13.936,,13.858,,13.824,,12.986,0.022,12.758,0.018,12.693,0.023,13.993,,cumulative,Done,11111111111111111000000000000000,CANDIDATE,CANDIDATE,1,3.0,4.86515,7.5261946,0.7385,Claret (2011 A&A 529 75) ATLAS LS,0.0,0.0,0.3103,0.2947,Mandel and Agol (2002 ApJ 580 171),21.2,,,343.64827,0.00907,-0.00907,0.0,,,,,,3.23,1.0,-0.41,1.1068,,,0.877,0.091,-0.63,12.071,0.331,-0.331,,,,548.4,29.5,-29.5,385.858683,0.005261,-0.005261,0.024721,0.000339,-0.003734,129.4,61.0,-61.0,89.61,,,300.0,,,6551.0,149.0,-216.0,4.367,0.065,-0.195,-0.08,0.25,-0.3,1.195,0.372,-0.149,1.215,0.17,-0.17,,,,q1_q17_dr25_stellar,0.642,19.760519,1.7e-05,44.7737,0.00016,-0.22,0.65,0.23,0.57,0.00011,0.00038,-0.00013,0.00035,0.41,0.15,-0.519,0.079,0.66,0.13,0.39,0.17,-0.516,0.092,0.65,0.16,NO_COMMENT,2018-08-16 00:00:00,1.0,q1_q17_dr25_tce,008/008637/008637903/dv/kplr008637903-001-20160209194854_dvs.pdf,q1_q17_dr25_sup_koi,q1_q17_dr25_koi,2455176.648,0.00907,-0.00907,008/008637/008637903/dv/kplr008637903-20160209194854_dvr.pdf,0,0,0,0,1.92,1.69,-0.63,0.27541,1.81848,-0.22919,LS+MCMC,0.541,1
3449540,K04982.01,,292.93695,0.0,19h31m44.87s,38.593071,0.0,+38d35m35.1s,14.533,,14.159,,14.05,,14.011,,13.193,0.023,12.941,0.024,12.891,0.033,14.194,,cumulative,Done,11111111111111111000000000000000,FALSE POSITIVE,FALSE POSITIVE,1,841.0,2582.198,31474.16,-1.0,Claret (2011 A&A 529 75) ATLAS LS,0.0,0.0,0.2842,0.3538,Mandel and Agol (2002 ApJ 580 171),4679.3,,,132.4945147,2.41e-05,-2.41e-05,0.0,,,,,,360.08,112.9,-48.4,0.0245,,,0.496,0.003,-0.001,4.88602,0.00038,-0.00038,,,,402550.0,0.0,0.0,1.606003121,4.6e-08,-4.6e-08,0.651794,0.000559,-0.001502,4.0927,0.00261,-0.00261,83.03,,,3359.0,,,5297.0,69.0,-37.0,2.909,0.121,-0.148,-1.74,0.15,-0.15,5.059,1.586,-0.68,0.757,0.21,-0.015,,,,q1_q17_dr25_stellar,0.0,19.529131763,9e-09,38.59301306,1.1e-07,0.07442,0.00039,-0.20498,0.00041,0.03,0.13,0.01,0.16,0.023,0.067,0.046,0.067,0.051,0.067,0.021,0.068,0.026,0.069,0.033,0.069,PLANET_IN_STAR---MOD_ODDEVEN_DV---MOD_ODDEVEN_ALT---DEEP_V_SHAPED,2018-08-16 00:00:00,1.0,q1_q17_dr25_tce,003/003449/003449540/dv/kplr003449540-001-20160209194854_dvs.pdf,q1_q17_dr25_sup_koi,q1_q17_dr25_koi,2454965.495,2.41e-05,-2.41e-05,003/003449/003449540/dv/kplr003449540-20160209194854_dvr.pdf,0,1,0,0,30041.73,24542.64,-8155.62,0.5028,0.00032,-0.00395,LS+MCMC,0.0,0
7588436,K06888.01,,284.17172,0.0,18h56m41.21s,43.200809,0.0,+43d12m02.9s,13.196,,12.792,,12.694,,12.661,,11.83,0.02,11.564,0.018,11.542,0.019,12.845,,cumulative,Done,11111111111111111000000000000000,FALSE POSITIVE,FALSE POSITIVE,1,58.0,6.368076,7.4262424,,Claret (2011 A&A 529 75) ATLAS LS,0.0,0.0,0.302,0.3169,Mandel and Agol (2002 ApJ 580 171),8.1,,,139.7612,0.0153,-0.0153,0.0,,,,,,0.84,0.37,-0.09,0.1607,,,0.3153,0.1412,-0.3153,3.416,0.443,-0.443,,,,62.3,9.4,-9.4,23.3924063,0.0003839,-0.0003839,0.007321,0.000292,-0.000988,50.1,24.3,-24.3,89.38,,,701.0,,,6221.0,150.0,-183.0,4.4,0.074,-0.074,-0.24,0.26,-0.32,1.05,0.463,-0.114,1.008,0.181,-0.11,,,,stellar_q1_q17,0.033,18.94472,4.4e-05,43.20071,0.00043,-2.4,1.7,-0.3,1.5,0.00014,0.0001,4.3e-05,9.2e-05,0.62,0.7,-1.1,1.1,1.24,0.98,0.73,0.86,-0.57,0.96,0.93,0.92,LPP_ALT_TOO_HIGH---KIC_OFFSET,2018-08-16 00:00:00,1.0,q1_q17_dr24_tce,007/007588/007588436/dv/kplr007588436-001-20141002224145_dvs.pdf,q1_q17_dr25_sup_koi,q1_q17_dr24_koi,2454972.761,0.0153,-0.0153,007/007588/007588436/dv/kplr007588436-20141002224145_dvr.pdf,1,0,0,0,57.23,73.47,-16.87,4.33661,6.30902,-4.25672,MCMC,,0
9447166,K03296.01,Kepler-1459 b,282.42303,0.0,18h49m41.53s,46.014019,0.0,+46d00m50.5s,15.419,,14.513,,14.236,,14.085,,13.005,0.023,12.497,0.023,12.384,0.015,14.591,,cumulative,Done,11111111111111111000000000000000,CONFIRMED,CANDIDATE,1,20.0,3.9161606,11.619394,0.6984,Claret (2011 A&A 529 75) ATLAS LS,0.0,0.0,0.1017,0.6385,Mandel and Agol (2002 ApJ 580 171),16.2,,,166.0137,0.0124,-0.0124,0.0,,,,,,1.96,0.06,-0.12,0.2829,,,0.954,0.002,-0.671,6.842,0.299,-0.299,,,,341.7,25.1,-25.1,62.869463,0.001024,-0.001024,0.022926,0.000116,-0.006166,25.9,12.8,-12.8,87.89,,,349.0,,,4762.0,85.0,-76.0,4.535,0.056,-0.016,0.2,0.15,-0.15,0.781,0.026,-0.045,0.762,0.042,-0.027,,,,q1_q17_dr25_stellar,0.0,18.828272,3.4e-05,46.01341,0.00032,2.6,1.3,-2.2,1.2,-0.00098,0.00043,0.00067,0.00039,0.27,0.61,-0.78,0.57,0.82,0.57,0.14,0.9,-0.84,0.73,0.85,0.65,NO_COMMENT,2018-08-16 00:00:00,1.0,q1_q17_dr25_tce,009/009447/009447166/dv/kplr009447166-001-20160209194854_dvs.pdf,q1_q17_dr25_sup_koi,q1_q17_dr25_koi,2454999.014,0.0124,-0.0124,009/009447/009447166/dv/kplr009447166-20160209194854_dvr.pdf,0,0,0,0,3.51,0.51,-0.59,0.08338,2.80476,-0.02322,LS+MCMC,0.956,1
10341781,K08289.01,,292.71887,0.0,19h30m52.53s,47.47094,0.0,+47d28m15.4s,16.368,,15.401,,14.975,,14.775,,13.534,0.042,13.01,0.031,12.909,0.035,15.393,,cumulative,Done,00011111111111111000000000000000,FALSE POSITIVE,FALSE POSITIVE,1,1223.0,3.113232,7.412799,0.316,Claret (2011 A&A 529 75) ATLAS LS,0.0,0.0,0.0722,0.674,Mandel and Agol (2002 ApJ 580 171),14.3,,,131.5372,0.0198,-0.0198,0.0,,,,,,0.75,0.05,-0.07,0.0165,,,0.119,0.342,-0.119,4.76,0.498,-0.498,,,,126.2,11.6,-11.6,0.93371211,1.862e-05,-1.862e-05,0.009887,0.000728,-0.000515,1.625,0.278,-0.278,85.8,,,1318.0,,,4604.0,165.0,-165.0,4.591,0.054,-0.027,-0.06,0.3,-0.3,0.696,0.045,-0.062,0.69,0.068,-0.056,,,,q1_q17_dr25_stellar,0.0,19.5145982,4.2e-06,47.470522,5.1e-05,0.23,0.15,-1.5,0.18,-9.2e-05,1.2e-05,-0.000102,1.4e-05,0.37,0.63,5.02,0.79,5.03,0.79,-1.16,0.62,1.62,0.87,1.99,0.74,CENT_KIC_POS---HALO_GHOST---EPHEM_MATCH,2018-08-16 00:00:00,1.0,q1_q17_dr25_tce,010/010341/010341781/dv/kplr010341781-001-20160209194854_dvs.pdf,q1_q17_dr25_sup_koi,q1_q17_dr25_koi,2454964.537,0.0198,-0.0198,010/010341/010341781/dv/kplr010341781-20160209194854_dvr.pdf,0,0,1,1,715.48,218.17,-202.43,0.09307,0.01594,-0.03974,LS+MCMC,0.0,0
6877673,K06784.01,,295.76584,0.0,19h43m03.80s,42.391331,0.0,+42d23m28.8s,14.098,,13.628,,13.495,,13.431,,12.543,0.021,12.24,0.019,12.182,0.016,13.676,,cumulative,Done,11111111111111111000000000000000,FALSE POSITIVE,FALSE POSITIVE,1,0.0,7098.6797,26927.043,-1.0,Claret (2011 A&A 529 75) ATLAS LS,0.0,0.0,0.2965,0.3342,Mandel and Agol (2002 ApJ 580 171),4263.6,,,156.0924573,8.59e-05,-8.59e-05,0.0,,,,,,51.31,15.4,-6.61,0.2134,,,0.298,0.002,-0.001,15.5723,0.00564,-0.00564,,,,261730.0,82.8,-82.8,36.75892725,3.96e-06,-3.96e-06,0.479913,0.000103,-0.000148,26.1542,0.0136,-0.0136,89.35,,,575.0,,,6085.0,164.0,-182.0,4.438,0.084,-0.196,-0.32,0.3,-0.3,0.979,0.294,-0.126,0.959,0.128,-0.116,,,,q1_q17_dr25_stellar,0.0,19.717720772,1e-08,42.39132225,1.1e-07,-0.04898,0.00038,-0.02789,0.0004,-0.004,0.01,-0.004,0.014,-0.003,0.067,0.006,0.067,0.007,0.067,-0.022,0.067,0.008,0.067,0.023,0.067,MOD_SEC_ALT---MOD_ODDEVEN_ALT---HAS_SEC_TCE---CENT_NOFITS,2018-08-16 00:00:00,1.0,q1_q17_dr25_tce,006/006877/006877673/dv/kplr006877673-001-20160209194854_dvs.pdf,q1_q17_dr25_sup_koi,q1_q17_dr25_koi,2454989.092,8.59e-05,-8.59e-05,006/006877/006877673/dv/kplr006877673-20160209194854_dvr.pdf,0,1,0,0,25.82,22.74,-8.46,0.25047,0.00013,-0.00062,LS+MCMC,0.0,0
11450414,K01992.03,Kepler-347 d,289.19958,0.0,19h16m47.90s,49.305721,0.0,+49d18m20.6s,14.944,,14.454,,14.329,,14.292,,13.391,0.026,13.076,0.031,13.047,0.029,14.513,,cumulative,Done,11111111111111111000000000000000,CONFIRMED,CANDIDATE,3,15.0,4.681905,11.244823,0.73,Claret (2011 A&A 529 75) ATLAS LS,0.0,0.0,0.2286,0.4641,Mandel and Agol (2002 ApJ 580 171),12.9,,,181.351,0.0198,-0.0198,0.0,,,,,,3.04,0.45,-0.71,0.3802,,,0.944,0.026,-0.679,9.331,0.38,-0.38,,,,270.2,21.6,-21.6,85.517344,0.001846,-0.001846,0.019208,2.6e-05,-0.004798,27.0,13.5,-13.5,88.0,,,482.0,,,5592.0,75.0,-75.0,4.115,0.195,-0.09,0.16,0.15,-0.15,1.451,0.211,-0.342,1.0,0.072,-0.072,,,,q1_q17_dr25_stellar,0.001,19.279969,3.2e-05,49.30623,0.00033,-0.1,1.1,1.8,1.2,2e-05,0.0003,-0.0006,0.00032,-0.46,0.81,1.91,0.55,1.96,0.49,-0.64,0.89,1.5,0.37,1.63,0.49,CENT_UNRESOLVED_OFFSET,2018-08-16 00:00:00,3.0,q1_q17_dr25_tce,011/011450/011450414/dv/kplr011450414-003-20160209194854_dvs.pdf,q1_q17_dr25_sup_koi,q1_q17_dr25_koi,2455014.351,0.0198,-0.0198,011/011450/011450414/dv/kplr011450414-20160209194854_dvr.pdf,0,0,0,0,12.75,4.89,-5.7,0.05079,1.1666,-0.03338,LS+MCMC,0.017,1
8560475,K05543.01,,291.97943,0.0,19h27m55.06s,44.69516,0.0,+44d41m42.6s,14.412,,13.512,,13.195,,13.006,,11.869,0.022,11.299,0.019,11.157,0.018,13.56,,cumulative,Done,11100100010001000000000000000000,FALSE POSITIVE,FALSE POSITIVE,1,65.0,5.04324,23.761446,0.267,Claret (2011 A&A 529 75) ATLAS LS,0.0,0.0,0.1778,0.5473,Mandel and Agol (2002 ApJ 580 171),18.3,,,133.31055,0.00244,-0.00244,0.0,,,,,,91.09,4.01,-34.07,0.1116,,,0.979,0.032,-0.699,2.061,0.13,-0.13,,,,937.0,57.4,-57.4,7.41505161,2.712e-05,-2.712e-05,0.045667,0.008731,-0.018849,10.13,5.0,-5.0,84.45,,,2815.0,,,4989.0,122.0,-244.0,2.442,0.033,-0.033,0.07,0.15,-0.6,18.266,0.804,-6.832,3.366,0.104,-2.087,,,,q1_q17_dr25_stellar,0.082,19.4652893,5.1e-06,44.695188,5.5e-05,-0.21,0.2,0.1,0.2,0.00028,0.0002,-0.0001,0.00021,-0.4,0.26,-0.07,0.17,0.4,0.28,-0.37,0.25,-0.08,0.16,0.38,0.27,NO_COMMENT,2018-08-16 00:00:00,1.0,q1_q17_dr25_tce,008/008560/008560475/dv/kplr008560475-001-20160209194854_dvs.pdf,q1_q17_dr25_sup_koi,q1_q17_dr25_koi,2454966.311,0.00244,-0.00244,008/008560/008560475/dv/kplr008560475-20160209194854_dvr.pdf,0,1,0,0,14853.21,2978.97,-10090.87,0.35748,17.74467,-0.16489,LS+MCMC,1.0,0
7448023,K07839.01,,292.75653,0.0,19h31m01.57s,43.036888,0.0,+43d02m12.8s,16.644,,15.69,,15.264,,15.026,,13.849,0.021,13.229,0.02,13.111,0.034,15.678,,cumulative,Done,01111111111111111000000000000000,FALSE POSITIVE,FALSE POSITIVE,1,2305.0,3.4131775,9.451874,0.979,Claret (2011 A&A 529 75) ATLAS LS,0.0,0.0,0.1142,0.6188,Mandel and Agol (2002 ApJ 580 171),12.9,,,131.77983,0.00464,-0.00464,0.0,,,,,,0.68,0.04,-0.06,0.0119,,,0.414,0.056,-0.414,1.981,0.164,-0.164,,,,94.0,8.9,-8.9,0.566816802,4.545e-06,-4.545e-06,0.008803,0.000435,-0.000687,2.123,0.885,-0.885,78.74,,,1585.0,,,4665.0,139.0,-139.0,4.584,0.054,-0.027,-0.08,0.3,-0.3,0.704,0.046,-0.064,0.695,0.077,-0.051,,,,q1_q17_dr25_stellar,0.021,19.517083,3.1e-05,43.0373,0.00033,-0.7,1.2,1.5,1.2,7e-05,0.00011,-0.00015,0.0001,6.01,0.71,2.83,0.46,6.64,0.8,6.15,0.72,2.63,0.51,6.69,0.83,CENT_RESOLVED_OFFSET---EPHEM_MATCH,2018-08-16 00:00:00,1.0,q1_q17_dr25_tce,007/007448/007448023/dv/kplr007448023-001-20160209194854_dvs.pdf,q1_q17_dr25_sup_koi,q1_q17_dr25_koi,2454964.78,0.00464,-0.00464,007/007448/007448023/dv/kplr007448023-20160209194854_dvr.pdf,0,0,1,1,1483.43,410.0,-397.17,0.56331,0.23489,-0.24634,LS+MCMC,0.0,0
8689793,K01893.01,Kepler-1003 b,292.02045,0.0,19h28m04.91s,44.876221,0.0,+44d52m34.4s,14.466,,14.014,,13.876,,13.825,,12.95,0.022,12.637,0.018,12.623,0.028,14.053,,cumulative,Done,11111111111111111000000000000000,CONFIRMED,CANDIDATE,1,377.0,4.669016,36.35022,0.0966,Claret (2011 A&A 529 75) ATLAS LS,0.0,0.0,0.2979,0.3238,Mandel and Agol (2002 ApJ 580 171),40.8,,,131.80398,0.00159,-0.00159,0.0,,,,,,1.29,0.37,-0.1,0.0444,,,0.331,0.093,-0.331,2.1004,0.0428,-0.0428,,,,232.9,6.7,-6.7,3.554856338,6.658e-06,-6.658e-06,0.014177,0.000249,-0.000377,12.41,3.0,-3.0,88.47,,,1157.0,,,6068.0,163.0,-181.0,4.565,0.036,-0.204,-0.5,0.3,-0.3,0.831,0.24,-0.06,0.931,0.089,-0.119,,,,q1_q17_dr25_stellar,0.006,19.4680512,9.4e-06,44.876151,9.8e-05,0.81,0.36,-0.25,0.35,-0.000168,8.2e-05,6.4e-05,8.1e-05,-0.39,0.19,0.05,0.27,0.39,0.21,-0.43,0.17,0.13,0.25,0.45,0.21,NO_COMMENT,2018-08-16 00:00:00,1.0,q1_q17_dr25_tce,008/008689/008689793/dv/kplr008689793-001-20160209194854_dvs.pdf,q1_q17_dr25_sup_koi,q1_q17_dr25_koi,2454964.804,0.00159,-0.00159,008/008689/008689793/dv/kplr008689793-20160209194854_dvr.pdf,0,0,0,0,425.04,359.93,-100.9,2.86343,0.68927,-0.522,LS+MCMC,1.0,1
9532637,K03842.01,,294.35965,0.0,19h37m26.32s,46.125389,0.0,+46d07m31.4s,18.562,,17.453,,16.978,,16.694,,15.602,0.061,15.047,0.073,15.171,0.162,17.453,,cumulative,Done,00000100111111000000000000000000,FALSE POSITIVE,FALSE POSITIVE,1,0.0,149.12463,1587.1338,-1.0,Claret (2011 A&A 529 75) ATLAS LS,0.0,0.0,0.0775,0.666,Mandel and Agol (2002 ApJ 580 171),806.5,,,132.022402,0.000114,-0.000114,0.0,,,,,,44.79,3.24,-3.92,0.0123,,,0.506,0.021,-0.018,1.93053,0.00408,-0.00408,,,,358049.0,552.0,-552.0,0.61496383,7.7e-08,-7.7e-08,0.618606,0.010192,-0.009012,3.8819,0.0495,-0.0495,82.51,,,1460.0,,,4509.0,157.0,-157.0,4.612,0.052,-0.028,-0.16,0.3,-0.3,0.663,0.048,-0.058,0.656,0.072,-0.054,,,,q1_q17_dr25_stellar,,19.62397947,6.8e-08,46.12526306,7.7e-07,0.1299,0.0025,-0.457,0.0028,,,0.0,2.7,-0.012,0.067,-0.012,0.067,0.017,0.067,0.063,0.077,-0.275,0.098,0.282,0.097,SAME_NTL_PERIOD---CENT_NOFITS,2018-08-16 00:00:00,3.0,q1_q17_dr25_tce,009/009532/009532637/dv/kplr009532637-003-20160209194854_dvs.pdf,q1_q17_dr25_sup_koi,q1_q17_dr25_koi,2454965.022,0.000114,-0.000114,009/009532/009532637/dv/kplr009532637-20160209194854_dvr.pdf,1,0,0,0,1074.84,342.64,-298.12,2.92611,0.03732,-0.03258,LS+MCMC,0.0,0
4049108,K00495.01,,289.31018,0.0,19h17m14.44s,39.132221,0.0,+39d07m56.0s,15.483,,14.847,,14.612,,14.548,,13.552,0.022,13.107,0.022,13.055,0.029,14.873,,cumulative,Done,11111111111111111000000000000000,FALSE POSITIVE,FALSE POSITIVE,1,282.0,10.676049,55.547523,0.5068,Claret (2011 A&A 529 75) ATLAS LS,0.0,0.0,0.2521,0.421,Mandel and Agol (2002 ApJ 580 171),67.3,,,169.63529,0.0013,-0.0013,0.0,,,,,,3.35,0.61,-0.37,0.0519,,,0.979,0.129,-0.019,3.4587,0.0853,-0.0853,,,,744.4,14.7,-14.7,4.804469031,7.651e-06,-7.651e-06,0.037977,0.104799,-0.006077,3.8,1.7,-1.7,75.06,,,953.0,,,5470.0,162.0,-162.0,4.528,0.067,-0.114,-0.28,0.3,-0.3,0.809,0.147,-0.09,0.805,0.098,-0.071,,,,q1_q17_dr25_stellar,0.0,,,,,192.81,0.29,-31.83,0.17,-0.1383,0.00021,0.02273,0.00014,,,,,,,,,,,,,CENT_RESOLVED_OFFSET---EPHEM_MATCH,2018-08-16 00:00:00,1.0,q1_q17_dr25_tce,004/004049/004049108/dv/kplr004049108-001-20160209194854_dvs.pdf,q1_q17_dr25_sup_koi,q1_q17_dr25_koi,2455002.635,0.0013,-0.0013,004/004049/004049108/dv/kplr004049108-20160209194854_dvr.pdf,0,0,1,1,194.68,110.84,-58.33,0.04488,0.02014,-0.01677,LS+MCMC,0.0,0
8543278,K07052.01,,283.94864,0.0,18h55m47.67s,44.669498,0.0,+44d40m10.2s,15.271,,14.558,,14.324,,14.19,,13.224,0.031,12.718,0.033,12.575,0.029,14.608,,cumulative,Done,11111111111111111000000000000000,FALSE POSITIVE,FALSE POSITIVE,1,173.0,328.5489,2562.812,0.0101,Claret (2011 A&A 529 75) ATLAS LS,0.0,0.0,0.1908,0.5172,Mandel and Agol (2002 ApJ 580 171),907.2,,,135.0113297,6.75e-05,-6.75e-05,0.0,,,,,,18.8,2.43,-1.21,0.0669,,,0.899,0.15,-0.007,2.46338,0.00361,-0.00361,,,,44575.7,45.4,-45.4,7.549299761,6.29e-07,-6.29e-07,0.27158,0.104989,-0.005372,21.089,0.0864,-0.0864,87.56,,,690.0,,,5085.0,136.0,-151.0,4.679,0.028,-0.077,-0.58,0.3,-0.3,0.634,0.082,-0.041,0.699,0.068,-0.061,,,,q1_q17_dr25_stellar,,18.92990808,1.2e-07,44.66947173,9.9e-07,-0.0198,0.0048,-0.1018,0.0036,,,-0.0127,0.0037,-0.315,0.076,0.065,0.07,0.322,0.077,-0.188,0.071,0.093,0.069,0.21,0.071,MOD_SEC_DV---MOD_SEC_ALT---DEEP_V_SHAPED---HAS_SEC_TCE,2018-08-16 00:00:00,1.0,q1_q17_dr25_tce,008/008543/008543278/dv/kplr008543278-001-20160209194854_dvs.pdf,q1_q17_dr25_sup_koi,q1_q17_dr25_koi,2454968.011,6.75e-05,-6.75e-05,008/008543/008543278/dv/kplr008543278-20160209194854_dvr.pdf,0,1,0,0,53.74,22.43,-12.07,3.11324,0.01275,-0.16611,LS+MCMC,0.0,0
9210828,K07147.01,,288.44455,0.0,19h13m46.69s,45.612671,0.0,+45d36m45.6s,13.888,,13.175,,12.935,,12.804,,11.777,0.022,11.31,0.019,11.219,0.013,13.221,,cumulative,Done,11111111111111111000000000000000,FALSE POSITIVE,FALSE POSITIVE,1,813.0,247.4392,2801.3472,0.002,Claret (2011 A&A 529 75) ATLAS LS,0.0,0.0,0.1908,0.5172,Mandel and Agol (2002 ApJ 580 171),548.3,,,131.581313,0.000116,-0.000116,0.0,,,,,,35.67,3.54,-3.21,0.0149,,,0.94,0.07,-0.048,2.70353,0.00619,-0.00619,,,,118533.0,169.0,-169.0,0.82820657,1.17e-07,-1.17e-07,0.498721,0.042599,-0.047219,2.9688,0.0752,-0.0752,71.53,,,1473.0,,,5033.0,136.0,-151.0,4.611,0.066,-0.038,-0.66,0.35,-0.3,0.655,0.065,-0.059,0.638,0.076,-0.032,,,,q1_q17_dr25_stellar,,19.229624434,1.9e-08,45.61237513,2.5e-07,-0.43688,0.00073,-1.06152,0.00091,,,,,-0.04,0.52,-0.1,0.67,0.1,0.81,-0.024,0.067,-0.143,0.068,0.145,0.068,SWEET_EB---MOD_SEC_DV---MOD_SEC_ALT---DEEP_V_SHAPED---HAS_SEC_TCE---CENT_KIC_POS,2018-08-16 00:00:00,1.0,q1_q17_dr25_tce,009/009210/009210828/dv/kplr009210828-001-20160209194854_dvs.pdf,q1_q17_dr25_sup_koi,q1_q17_dr25_koi,2454964.581,0.000116,-0.000116,009/009210/009210828/dv/kplr009210828-20160209194854_dvr.pdf,0,1,0,0,1109.75,382.1,-296.32,0.72166,0.01828,-0.03754,LS+MCMC,0.0,0
7695445,K06906.01,,295.90744,0.0,19h43m37.79s,43.385979,0.0,+43d23m09.5s,13.434,,13.079,,13.017,,12.993,,12.119,0.02,11.968,0.018,11.913,0.016,13.142,,cumulative,Done,11111111111111111000000000000000,FALSE POSITIVE,FALSE POSITIVE,1,766.0,29.82535,10.168651,,Claret (2011 A&A 529 75) ATLAS LS,0.0,0.0,0.3162,0.2831,Mandel and Agol (2002 ApJ 580 171),20.8,,,132.8574,0.0127,-0.0127,0.0,,,,,,140.49,85.54,-29.95,0.0308,,,1.855,0.0034,-0.6454,10.405,0.77,-0.77,,,,451.0,28.7,-28.7,1.74336627,2.789e-05,-2.789e-05,0.870432,0.002755,-0.617445,1.8859,0.0122,-0.0122,10.31,,,2029.0,,,6640.0,159.0,-241.0,4.208,0.141,-0.141,-0.08,0.24,-0.34,1.478,0.9,-0.315,1.291,0.284,-0.236,,,,stellar_q1_q17,0.178,19.72715953,9.8e-07,43.385973,1.2e-05,-0.124,0.039,-0.027,0.043,1e-05,0.00045,-1e-05,0.00062,-0.054,0.074,0.02,0.12,0.06,0.11,-0.101,0.075,0.04,0.11,0.11,0.1,,2018-08-16 00:00:00,1.0,q1_q17_dr24_tce,007/007695/007695445/dv/kplr007695445-001-20141002224145_dvs.pdf,q1_q17_dr25_sup_koi,q1_q17_dr24_koi,2454965.857,0.0127,-0.0127,007/007695/007695445/dv/kplr007695445-20141002224145_dvr.pdf,1,0,0,0,4006.15,7393.99,-1866.64,0.04175,0.00027,-0.02611,MCMC,,0
7771181,K04797.01,,297.34842,0.0,19h49m23.62s,43.421219,0.0,+43d25m16.4s,16.577,,15.671,,15.314,,15.149,,14.0,0.034,13.437,0.035,13.334,0.039,15.693,,cumulative,Done,00011111111111111000000000000000,CANDIDATE,CANDIDATE,1,114.0,4.0497146,8.071398,0.615,Claret (2011 A&A 529 75) ATLAS LS,0.0,0.0,0.1263,0.6019,Mandel and Agol (2002 ApJ 580 171),8.6,,,137.71181,0.0077,-0.0077,0.0,,,,,,1.26,0.11,-0.12,0.0797,,,0.401,0.068,-0.401,1.425,0.328,-0.328,,,,329.7,63.1,-63.1,9.97202023,8.645e-05,-8.645e-05,0.016575,0.002444,-0.001619,50.0,21.4,-21.4,89.54,,,627.0,,,4810.0,173.0,-173.0,4.584,0.06,-0.035,-0.26,0.3,-0.3,0.696,0.06,-0.066,0.677,0.086,-0.053,,,,q1_q17_dr25_stellar,0.592,19.823187,2.3e-05,43.42067,0.00025,-1.6,0.9,-1.99,0.91,0.00018,0.00034,0.00013,0.00035,0.55,0.76,0.06,0.52,0.55,0.74,-0.06,0.87,-1.27,0.44,1.27,0.44,NO_COMMENT,2018-08-16 00:00:00,1.0,q1_q17_dr25_tce,007/007771/007771181/dv/kplr007771181-001-20160209194854_dvs.pdf,q1_q17_dr25_sup_koi,q1_q17_dr25_koi,2454970.712,0.0077,-0.0077,007/007771/007771181/dv/kplr007771181-20160209194854_dvr.pdf,0,0,0,0,36.53,13.12,-10.68,23.70896,61.07553,-23.18905,LS+MCMC,0.944,1
7975727,K00418.01,,296.89938,0.0,19h47m35.85s,43.707218,0.0,+43d42m26.0s,15.117,,14.431,,14.206,,14.074,,13.063,0.022,12.691,0.021,12.583,0.024,14.479,,cumulative,Done,11111111111111111000000000000000,FALSE POSITIVE,FALSE POSITIVE,1,57.0,134.63127,852.9356,0.5369,Claret (2011 A&A 529 75) ATLAS LS,0.0,0.0,0.2175,0.4767,Mandel and Agol (2002 ApJ 580 171),944.4,,,172.797099,0.000139,-0.000139,0.0,,,,,,9.94,1.44,-1.3,0.1413,,,0.8,0.002,-0.002,5.349,0.0104,-0.0104,,,,11929.1,15.9,-15.9,22.418319842,3.823e-06,-3.823e-06,0.111908,0.000144,-0.000217,24.756,0.281,-0.281,88.15,,,563.0,,,5324.0,175.0,-143.0,4.491,0.11,-0.11,-0.3,0.35,-0.3,0.813,0.118,-0.106,0.746,0.113,-0.052,,,,q1_q17_dr25_stellar,0.0,19.79329077,3.3e-07,43.7072642,4e-06,-0.048,0.013,0.159,0.014,0.00019,0.00053,0.0008,0.00072,0.021,0.068,-0.004,0.067,0.022,0.068,0.03,0.068,-0.007,0.067,0.031,0.068,MOD_SEC_DV---MOD_SEC_ALT---HAS_SEC_TCE,2018-08-16 00:00:00,1.0,q1_q17_dr25_tce,007/007975/007975727/dv/kplr007975727-001-20160209194854_dvs.pdf,q1_q17_dr25_sup_koi,q1_q17_dr25_koi,2455005.797,0.000139,-0.000139,007/007975/007975727/dv/kplr007975727-20160209194854_dvr.pdf,0,1,0,0,23.8,11.73,-7.66,0.57108,0.00648,-0.00807,LS+MCMC,0.0,0
8364119,K07024.01,,291.27377,0.0,19h25m05.70s,44.371239,0.0,+44d22m16.5s,12.882,,12.36,,12.204,,12.156,,11.239,0.025,10.883,0.019,10.831,0.014,12.408,,cumulative,Done,11111111111111111000000000000000,FALSE POSITIVE,FALSE POSITIVE,1,0.0,5263.6807,32753.13,-1.0,Claret (2011 A&A 529 75) ATLAS LS,0.0,0.0,0.2665,0.398,Mandel and Agol (2002 ApJ 580 171),3786.7,,,137.9876592,3.09e-05,-3.09e-05,0.0,,,,,,50.46,11.17,-3.71,0.0722,,,0.613,0.005,-0.005,5.01919,0.00089,-0.00089,,,,315131.0,25.7,-25.7,7.73591011,2.93e-07,-2.93e-07,0.605584,0.002153,-0.003388,17.5066,0.099,-0.099,87.99,,,806.0,,,5623.0,152.0,-152.0,4.596,0.036,-0.144,-0.4,0.3,-0.3,0.763,0.169,-0.056,0.853,0.08,-0.097,,,,q1_q17_dr25_stellar,,19.41825516,6e-09,44.3712373,7e-08,0.12196,0.00023,-0.00971,0.00025,,,,,-0.003,0.067,-0.006,0.067,0.006,0.067,0.063,0.067,-0.019,0.068,0.066,0.067,MOD_SEC_ALT---MOD_ODDEVEN_ALT---HAS_SEC_TCE---CENT_NOFITS,2018-08-16 00:00:00,1.0,q1_q17_dr25_tce,008/008364/008364119/dv/kplr008364119-001-20160209194854_dvs.pdf,q1_q17_dr25_sup_koi,q1_q17_dr25_koi,2454970.988,3.09e-05,-3.09e-05,008/008364/008364119/dv/kplr008364119-20160209194854_dvr.pdf,0,1,0,0,99.92,65.95,-23.04,1.69605,0.00959,-0.01099,LS+MCMC,0.0,0
10081899,K08196.01,,294.46457,0.0,19h37m51.50s,47.045441,0.0,+47d02m43.6s,16.97,,15.542,,14.554,,14.025,,12.72,0.024,12.183,0.021,11.916,0.019,15.279,,cumulative,Done,11111111111111111000000000000000,FALSE POSITIVE,FALSE POSITIVE,1,3.0,9.240001,9.760221,0.0003,Claret (2011 A&A 529 75) ATLAS LS,0.0,0.0,0.3775,0.3402,Mandel and Agol (2002 ApJ 580 171),10.5,,,190.3389,0.0763,-0.0763,0.0,,,,,,0.8,0.07,-0.1,0.8695,,,0.007,0.436,-0.007,17.77,2.6,-2.6,,,,648.1,74.3,-74.3,522.64613,0.05285,-0.05285,0.022942,0.001173,-0.002145,230.0,113.0,-113.0,90.0,,,92.0,,,3439.0,41.0,-41.0,4.939,0.044,-0.036,-0.1,0.1,-0.1,0.318,0.03,-0.037,0.32,0.038,-0.042,,,,q1_q17_dr25_stellar,0.002,19.630976,1.9e-05,47.04566,0.00021,0.16,0.72,0.79,0.75,-0.00033,0.00071,-0.00116,0.00079,-0.467,0.084,1.5,1.1,1.6,1.0,-0.768,0.067,1.14,0.98,1.37,0.81,INDIV_TRANS_SKYE---INCONSISTENT_TRANS---CENT_FEW_DIFFS,2018-08-16 00:00:00,1.0,q1_q17_dr25_tce,010/010081/010081899/dv/kplr010081899-001-20160209194854_dvs.pdf,q1_q17_dr25_sup_koi,q1_q17_dr25_koi,2455023.339,0.0763,-0.0763,010/010081/010081899/dv/kplr010081899-20160209194854_dvr.pdf,1,0,0,0,0.02,0.0,-0.01,0.84129,1.23906,-0.45259,LS+MCMC,0.0,0
5473535,K03894.01,,298.14502,0.0,19h52m34.80s,40.69809,0.0,+40d41m53.1s,14.948,,14.524,,14.416,,14.332,,13.543,0.026,13.189,0.028,13.167,0.033,14.576,,cumulative,Done,11111111111111111000000000000000,FALSE POSITIVE,FALSE POSITIVE,1,802.0,3.7891088,30.03405,0.764,Claret (2011 A&A 529 75) ATLAS LS,0.0,0.0,0.3124,0.2859,Mandel and Agol (2002 ApJ 580 171),33.4,,,131.67166,0.0019,-0.0019,0.0,,,,,,23.42,7.39,-2.47,0.0285,,,1.186,6.5,-0.139,2.3135,0.0984,-0.0984,,,,316.4,11.4,-11.4,1.673662758,3.796e-06,-3.796e-06,0.203697,6.498641,-0.133326,1.641,0.818,-0.818,43.69,,,1729.0,,,6444.0,155.0,-222.0,4.433,0.065,-0.195,-0.3,0.25,-0.3,1.053,0.332,-0.111,1.094,0.152,-0.137,,,,q1_q17_dr25_stellar,0.0,19.876289,1.4e-05,40.69819,0.00015,-1.83,0.56,0.35,0.54,0.00057,0.00016,-0.00013,0.00015,-3.49,0.11,0.88,0.18,3.6,0.13,-3.38,0.11,0.85,0.18,3.48,0.13,MOD_SEC_DV---MOD_SEC_ALT---HAS_SEC_TCE---CENT_UNRESOLVED_OFFSET,2018-08-16 00:00:00,1.0,q1_q17_dr25_tce,005/005473/005473535/dv/kplr005473535-001-20160209194854_dvs.pdf,q1_q17_dr25_sup_koi,q1_q17_dr25_koi,2454964.672,0.0019,-0.0019,005/005473/005473535/dv/kplr005473535-20160209194854_dvr.pdf,0,1,1,0,2106.67,1901.35,-641.32,0.02982,3.53873,-0.00476,LS+MCMC,0.0,0
4454219,K06416.01,,288.56314,0.0,19h14m15.15s,39.541649,0.0,+39d32m29.9s,18.477,,17.41,,16.981,,,,13.374,0.022,12.827,0.023,12.53,0.025,17.431,,cumulative,Done,00000000000000001000000000000000,FALSE POSITIVE,FALSE POSITIVE,1,21.0,114.21489,366.59155,0.0,Claret (2011 A&A 529 75) ATLAS LS,0.0,0.0,0.2622,0.4035,Mandel and Agol (2002 ApJ 580 171),86.8,,,131.6062,0.054,-0.054,0.0,,,,,,53.32,0.0,0.0,0.0225,,,0.985,6.836,-0.177,2.235,0.0374,-0.0374,,,,99376.0,1318.0,-1318.0,1.22578134,4.591e-05,-4.591e-05,0.488258,6.718613,-0.141307,4.82,2.4,-2.4,78.2,,,1701.0,,,5780.0,,,4.438,,,0.0,0.0,0.0,1.0,,,1.0,,,,,,Solar,0.0,19.23755114,6.2e-07,39.5415741,5e-06,0.364,0.026,-0.262,0.018,-0.02,0.3,0.0,0.38,0.065,0.067,0.054,0.067,0.085,0.067,0.331,0.067,-0.091,0.067,0.344,0.067,DEPTH_ODDEVEN_DV---DEPTH_ODDEVEN_ALT---MOD_ODDEVEN_DV---DEEP_V_SHAPED---CENT_FEW_DIFFS,2018-08-16 00:00:00,1.0,q1_q17_dr25_tce,004/004454/004454219/dv/kplr004454219-001-20160209194854_dvs.pdf,q1_q17_dr25_sup_koi,q1_q17_dr25_koi,2454964.606,0.054,-0.054,004/004454/004454219/dv/kplr004454219-20160209194854_dvr.pdf,0,1,0,0,1973.12,0.0,0.0,1.40959,35.09084,-0.06086,LS+MCMC,0.0,0
3098810,K01878.01,Kepler-1773 b,286.22324,0.0,19h04m53.58s,38.258171,0.0,+38d15m29.4s,13.345,,12.926,,12.835,,12.807,,11.97,0.02,11.753,0.022,11.692,0.02,12.988,,cumulative,Done,11111111111111111000000000000000,CONFIRMED,CANDIDATE,1,33.0,9.909991,34.757805,0.0081,Claret (2011 A&A 529 75) ATLAS LS,0.0,0.0,0.3016,0.3403,Mandel and Agol (2002 ApJ 580 171),39.3,,,142.69218,0.002,-0.002,0.0,,,,,,3.44,0.58,-0.34,0.2489,,,0.949,0.051,-0.675,3.158,0.127,-0.127,,,,436.1,12.5,-12.5,40.80957343,9.427e-05,-9.427e-05,0.024227,0.001351,-0.005096,38.1,18.8,-18.8,88.57,,,623.0,,,6183.0,110.0,-134.0,4.301,0.066,-0.114,0.26,0.15,-0.15,1.3,0.219,-0.128,1.241,0.088,-0.088,,,,q1_q17_dr25_stellar,0.273,19.0815442,8.5e-06,38.25805,0.00012,-0.19,0.36,-0.45,0.43,5e-05,0.00016,0.00015,0.00019,0.01,0.13,0.18,0.22,0.18,0.22,0.02,0.13,0.24,0.22,0.24,0.22,NO_COMMENT,2018-08-16 00:00:00,1.0,q1_q17_dr25_tce,003/003098/003098810/dv/kplr003098810-001-20160209194854_dvs.pdf,q1_q17_dr25_sup_koi,q1_q17_dr25_koi,2454975.692,0.002,-0.002,003/003098/003098810/dv/kplr003098810-20160209194854_dvr.pdf,0,0,0,0,35.68,16.6,-9.11,0.63026,14.91947,-0.95236,LS+MCMC,1.0,1
10091110,K03627.02,,297.46631,0.0,19h49m51.91s,47.023232,0.0,+47d01m23.6s,15.688,,15.196,,15.037,,14.987,,14.11,0.026,13.74,0.028,13.755,0.045,15.232,,cumulative,Done,00011101110111011000000000000000,FALSE POSITIVE,FALSE POSITIVE,2,93.0,90.12858,599.1376,0.8064,Claret (2011 A&A 529 75) ATLAS LS,0.0,0.0,0.3032,0.3147,Mandel and Agol (2002 ApJ 580 171),389.8,,,137.654769,0.000321,-0.000321,0.0,,,,,,44.86,14.54,-4.84,0.0834,,,1.225,0.377,-0.144,3.9954,0.0135,-0.0135,,,,20083.7,60.5,-60.5,8.529991199,3.073e-06,-3.073e-06,0.414572,0.353034,-0.124644,11.62,2.4,-2.4,83.95,,,940.0,,,6185.0,197.0,-240.0,4.472,0.054,-0.216,-0.18,0.25,-0.35,0.991,0.321,-0.107,1.06,0.144,-0.144,,,,q1_q17_dr25_stellar,0.0,19.83108119,4.7e-07,47.0231401,4.9e-06,-0.203,0.017,-0.324,0.018,0.0082,0.0019,0.0029,0.0028,-0.083,0.068,-0.083,0.068,0.118,0.068,-0.214,0.069,-0.224,0.068,0.31,0.07,DEEP_V_SHAPED,2018-08-16 00:00:00,2.0,q1_q17_dr25_tce,010/010091/010091110/dv/kplr010091110-002-20160209194854_dvs.pdf,q1_q17_dr25_sup_koi,q1_q17_dr25_koi,2454970.655,0.000321,-0.000321,010/010091/010091110/dv/kplr010091110-20160209194854_dvr.pdf,0,1,0,0,184.92,182.51,-59.32,0.40776,0.0836,-0.0211,LS+MCMC,0.0,0
10535807,K07337.01,,292.15167,0.0,19h28m36.40s,47.719501,0.0,+47d43m10.2s,14.201,,13.83,,13.732,,13.682,,12.828,0.022,12.597,0.02,12.503,0.027,13.873,,cumulative,Done,11111111111111111000000000000000,FALSE POSITIVE,FALSE POSITIVE,1,907.0,292.64322,3952.0674,-1.0,Claret (2011 A&A 529 75) ATLAS LS,0.0,0.0,0.3071,0.2866,Mandel and Agol (2002 ApJ 580 171),554.4,,,132.699429,0.000162,-0.000162,0.0,,,,,,59.19,15.99,-10.64,0.0256,,,1.103,0.036,-0.035,3.4913,0.00927,-0.00927,,,,59134.0,119.0,-119.0,1.481655821,2.88e-07,-2.88e-07,0.461726,0.028836,-0.029088,3.3472,0.0488,-0.0488,70.76,,,1935.0,,,6478.0,162.0,-210.0,4.307,0.139,-0.186,-0.46,0.25,-0.3,1.174,0.317,-0.211,1.018,0.159,-0.106,,,,q1_q17_dr25_stellar,0.0,19.476777917,3.7e-08,47.71949332,3.2e-07,-0.0285,0.0013,-0.0241,0.0011,0.0042,0.0046,-0.001,0.0068,-0.04,0.067,0.014,0.067,0.043,0.067,-0.024,0.068,-0.029,0.068,0.038,0.069,SWEET_EB,2018-08-16 00:00:00,1.0,q1_q17_dr25_tce,010/010535/010535807/dv/kplr010535807-001-20160209194854_dvs.pdf,q1_q17_dr25_sup_koi,q1_q17_dr25_koi,2454965.699,0.000162,-0.000162,010/010535/010535807/dv/kplr010535807-20160209194854_dvr.pdf,0,1,0,0,3314.58,2586.83,-1359.81,0.32314,0.00471,-0.0095,LS+MCMC,0.0,0
12506770,K01577.01,Kepler-895 b,289.29065,0.0,19h17m09.76s,51.40889,0.0,+51d24m32.0s,17.156,,15.934,,15.488,,15.24,,14.092,0.036,13.453,0.043,13.387,0.039,15.988,,cumulative,Done,11111111111111111000000000000000,CONFIRMED,CANDIDATE,1,472.0,3.7419364,17.98488,0.7165,Claret (2011 A&A 529 75) ATLAS LS,0.0,0.0,0.101,0.6443,Mandel and Agol (2002 ApJ 580 171),22.4,,,133.7314,0.00203,-0.00203,0.0,,,,,,1.41,0.06,-0.08,0.0328,,,0.043,0.41,-0.043,1.6271,0.0701,-0.0701,,,,599.6,30.1,-30.1,2.806243488,7.519e-06,-7.519e-06,0.022156,0.000981,-0.000681,13.469,0.562,-0.562,89.82,,,771.0,,,4153.0,83.0,-91.0,4.684,0.023,-0.025,-0.22,0.15,-0.15,0.581,0.027,-0.03,0.595,0.028,-0.036,,,,q1_q17_dr25_stellar,0.007,19.286046,1.8e-05,51.40901,0.00015,0.12,0.61,0.42,0.52,0.00053,0.00037,0.00044,0.00032,-0.29,0.52,-0.05,0.28,0.29,0.54,0.03,0.53,0.37,0.31,0.37,0.33,CENT_KIC_POS,2018-08-16 00:00:00,1.0,q1_q17_dr25_tce,012/012506/012506770/dv/kplr012506770-001-20160209194854_dvs.pdf,q1_q17_dr25_sup_koi,q1_q17_dr25_koi,2454966.731,0.00203,-0.00203,012/012506/012506770/dv/kplr012506770-20160209194854_dvr.pdf,0,0,0,0,83.53,15.48,-14.77,5.86933,0.2451,-2.57501,LS+MCMC,1.0,1
12023078,K02888.01,,296.58734,0.0,19h46m20.96s,50.490761,0.0,+50d29m26.7s,13.286,,12.608,,12.378,,12.267,,11.318,0.022,10.881,0.029,10.798,0.019,12.65,,cumulative,Done,11111111111111111000000000000000,FALSE POSITIVE,FALSE POSITIVE,1,2140.0,3.620935,17.20829,0.9877,Claret (2011 A&A 529 75) ATLAS LS,0.0,0.0,0.2591,0.4099,Mandel and Agol (2002 ApJ 580 171),40.6,,,131.990423,0.000896,-0.000896,0.0,,,,,,13.89,4.25,-9.22,0.0156,,,1.027,0.428,-0.045,1.4053,0.0579,-0.0579,,,,128.1,3.9,-3.9,0.623441939,6.98e-07,-6.98e-07,0.044292,0.425505,-0.030005,1.216,0.449,-0.449,32.41,,,3219.0,,,5385.0,177.0,-161.0,3.639,0.864,-0.216,-0.26,0.35,-0.3,2.871,0.88,-1.906,1.309,0.19,-0.442,,,,q1_q17_dr25_stellar,0.0,,,,,105.34,0.56,-5.72,0.52,-0.006631,3.5e-05,0.000357,3.3e-05,9.784,0.08,-2.381,0.08,10.069,0.077,9.723,0.087,-2.311,0.075,9.994,0.084,MOD_SEC_DV---MOD_SEC_ALT---CENT_RESOLVED_OFFSET---HALO_GHOST---EPHEM_MATCH,2018-08-16 00:00:00,1.0,q1_q17_dr25_tce,012/012023/012023078/dv/kplr012023078-001-20160209194854_dvs.pdf,q1_q17_dr25_sup_koi,q1_q17_dr25_koi,2454964.99,0.000896,-0.000896,012/012023/012023078/dv/kplr012023078-20160209194854_dvr.pdf,0,1,1,1,25489.88,24029.67,-22939.38,0.0876,0.09699,-0.0096,LS+MCMC,0.0,0
8262210,K01073.01,,300.32898,0.0,20h01m18.96s,44.151119,0.0,+44d09m04.0s,14.708,,13.916,,13.617,,,,13.049,0.023,12.643,0.025,12.54,0.028,13.945,,cumulative,Done,01111111111111111000000000000000,FALSE POSITIVE,FALSE POSITIVE,1,809.0,4.5347495,13.162593,0.7811,Claret (2011 A&A 529 75) ATLAS LS,0.0,0.0,0.2357,0.4484,Mandel and Agol (2002 ApJ 580 171),19.3,,,178.52846,0.00496,-0.00496,0.0,,,,,,1.25,0.38,-0.35,0.0259,,,0.448,0.02,-0.448,2.394,0.149,-0.149,,,,104.1,6.6,-6.6,1.613001111,9.026e-06,-9.026e-06,0.009463,0.000333,-0.000489,4.71,1.2,-1.2,84.54,,,1680.0,,,5580.0,182.0,-182.0,4.223,0.282,-0.188,-0.04,0.3,-0.25,1.205,0.368,-0.335,0.886,0.122,-0.081,,,,q1_q17_dr25_stellar,0.0,20.021917,2.9e-05,44.1476,0.0003,-0.6,1.1,-12.7,1.1,7.7e-05,9.1e-05,0.000989,8.7e-05,0.53,0.13,-10.56,0.49,10.57,0.5,0.62,0.16,-10.62,0.48,10.64,0.48,MOD_SEC_DV---CENT_RESOLVED_OFFSET---EPHEM_MATCH,2018-08-16 00:00:00,1.0,q1_q17_dr25_tce,008/008262/008262210/dv/kplr008262210-001-20160209194854_dvs.pdf,q1_q17_dr25_sup_koi,q1_q17_dr25_koi,2455011.528,0.00496,-0.00496,008/008262/008262210/dv/kplr008262210-20160209194854_dvr.pdf,0,1,1,1,1878.1,1760.7,-1020.71,0.75856,0.38481,-0.2662,LS+MCMC,0.0,0
10909127,K02200.01,Kepler-1138 b,285.89923,0.0,19h03m35.82s,48.307301,0.0,+48d18m26.3s,15.888,,15.323,,15.124,,15.046,,14.135,0.03,13.775,0.046,13.754,0.045,15.353,,cumulative,Done,11111110111011101000000000000000,CONFIRMED,CANDIDATE,1,325.0,3.3279424,16.098915,0.6539,Claret (2011 A&A 529 75) ATLAS LS,0.0,0.0,0.2291,0.4603,Mandel and Agol (2002 ApJ 580 171),20.1,,,132.67813,0.0025,-0.0025,0.0,,,,,,1.69,0.18,-0.06,0.0415,,,0.793,0.124,-0.55,1.6686,0.0835,-0.0835,,,,325.4,19.3,-19.3,3.17059731,1.001e-05,-1.001e-05,0.018398,0.00263,-0.002133,9.31,4.0,-4.0,85.11,,,1080.0,,,5431.0,81.0,-81.0,4.563,0.011,-0.088,0.12,0.15,-0.15,0.843,0.086,-0.033,0.945,0.037,-0.065,,,,q1_q17_dr25_stellar,0.021,19.059979,2.2e-05,48.30703,0.00019,1.1,0.77,-0.98,0.69,-0.00027,0.00025,0.00029,0.00022,0.2,0.51,-0.05,0.38,0.21,0.51,0.32,0.51,-0.06,0.38,0.33,0.51,NO_COMMENT,2018-08-16 00:00:00,1.0,q1_q17_dr25_tce,010/010909/010909127/dv/kplr010909127-001-20160209194854_dvs.pdf,q1_q17_dr25_sup_koi,q1_q17_dr25_koi,2454965.678,0.0025,-0.0025,010/010909/010909127/dv/kplr010909127-20160209194854_dvr.pdf,0,0,0,0,321.28,92.7,-41.96,1.52041,4.6096,-1.14945,LS+MCMC,1.0,1
5716244,K06619.01,,294.96027,0.0,19h39m50.46s,40.98698,0.0,+40d59m13.1s,15.918,,15.369,,15.211,,15.122,,14.172,0.034,13.833,0.043,13.776,0.055,15.423,,cumulative,Done,11111011101110111000000000000000,FALSE POSITIVE,FALSE POSITIVE,1,809.0,360.2912,2587.2346,0.611,Claret (2011 A&A 529 75) ATLAS LS,0.0,0.0,0.2916,0.3447,Mandel and Agol (2002 ApJ 580 171),700.5,,,132.785555,0.000176,-0.000176,0.0,,,,,,24.3,6.62,-2.36,0.0236,,,0.692,0.004,-0.002,5.045,0.015,-0.015,,,,61867.0,127.0,-127.0,1.330333096,2.82e-07,-2.82e-07,0.24559,0.00041,-0.000539,2.28216,0.00772,-0.00772,72.35,,,1634.0,,,5984.0,167.0,-209.0,4.521,0.048,-0.192,-0.2,0.3,-0.3,0.906,0.247,-0.088,0.993,0.118,-0.131,,,,q1_q17_dr25_stellar,0.0,19.664017342,5.4e-08,40.9869638,1.1e-06,-0.0268,0.0022,-0.0585,0.0038,-0.001,0.025,-0.037,0.034,-0.102,0.091,0.49,0.11,0.5,0.11,0.048,0.068,-0.03,0.067,0.056,0.068,SWEET_EB---MOD_SEC_DV---PLANET_OCCULT_DV---MOD_SEC_ALT---HAS_SEC_TCE,2018-08-16 00:00:00,1.0,q1_q17_dr25_tce,005/005716/005716244/dv/kplr005716244-001-20160209194854_dvs.pdf,q1_q17_dr25_sup_koi,q1_q17_dr25_koi,2454965.786,0.000176,-0.000176,005/005716/005716244/dv/kplr005716244-20160209194854_dvr.pdf,0,1,0,0,1691.25,1366.66,-495.34,0.12705,0.00043,-0.00223,LS+MCMC,0.672,0
6707908,K02014.01,,296.05042,0.0,19h44m12.10s,42.113239,0.0,+42d06m47.7s,16.181,,15.511,,15.352,,15.188,,14.287,0.025,13.84,0.031,13.783,0.046,15.601,,cumulative,Done,01111111111111111000000000000000,FALSE POSITIVE,FALSE POSITIVE,1,523.0,4.2764206,34.02757,0.0,Claret (2011 A&A 529 75) ATLAS LS,0.0,0.0,0.2622,0.4035,Mandel and Agol (2002 ApJ 580 171),42.6,,,132.32097,0.00129,-0.00129,0.0,,,,,,24.3,7.12,-2.37,0.0353,,,1.223,12.53,-0.044,1.9559,0.0639,-0.0639,,,,704.5,20.1,-20.1,2.466070972,3.827e-06,-3.827e-06,0.251698,12.48062,-0.041228,2.85,1.4,-1.4,64.63,,,1260.0,,,5708.0,169.0,-186.0,4.529,0.048,-0.192,-0.04,0.25,-0.3,0.884,0.259,-0.086,0.963,0.102,-0.114,,,,q1_q17_dr25_stellar,0.009,19.7366736,9.3e-06,42.113326,9.9e-05,-0.82,0.37,0.31,0.36,0.00033,0.00023,-0.00027,0.00022,0.17,0.35,0.35,0.15,0.39,0.26,-0.08,0.19,0.26,0.17,0.27,0.17,NO_COMMENT,2018-08-16 00:00:00,1.0,q1_q17_dr25_tce,006/006707/006707908/dv/kplr006707908-001-20160209194854_dvs.pdf,q1_q17_dr25_sup_koi,q1_q17_dr25_koi,2454965.321,0.00129,-0.00129,006/006707/006707908/dv/kplr006707908-20160209194854_dvr.pdf,0,1,0,0,595.8,523.57,-170.54,0.07227,11.13482,-0.00616,LS+MCMC,0.998,0
10026502,K04706.01,Kepler-1620 b,297.27087,0.0,19h49m05.01s,46.928421,0.0,+46d55m42.3s,14.041,,13.578,,13.494,,13.417,,12.559,0.022,12.283,0.018,12.198,0.02,13.658,,cumulative,Done,11111101110111011000000000000000,CONFIRMED,CANDIDATE,1,11.0,4.6524043,10.029045,0.786,Claret (2011 A&A 529 75) ATLAS LS,0.0,0.0,0.3032,0.3147,Mandel and Agol (2002 ApJ 580 171),10.3,,,206.3499,0.0147,-0.0147,0.0,,,,,,1.31,0.42,-0.15,0.4322,,,0.084,0.367,-0.084,5.991,0.47,-0.47,,,,152.5,17.3,-17.3,101.952048,0.001733,-0.001733,0.011344,0.000736,-0.000772,131.03,6.1,-6.1,89.96,,,428.0,,,6210.0,169.0,-225.0,4.407,0.087,-0.203,-0.18,0.25,-0.3,1.054,0.339,-0.121,1.028,0.158,-0.115,,,,q1_q17_dr25_stellar,0.587,19.818084,3.6e-05,46.92844,0.00034,0.9,1.3,0.1,1.2,-0.00016,0.00023,-1e-05,0.00021,1.87,0.5,1.42,0.46,2.34,0.67,1.83,0.58,1.65,0.62,2.46,0.83,NO_COMMENT,2018-08-16 00:00:00,1.0,q1_q17_dr25_tce,010/010026/010026502/dv/kplr010026502-001-20160209194854_dvs.pdf,q1_q17_dr25_sup_koi,q1_q17_dr25_koi,2455039.35,0.0147,-0.0147,010/010026/010026502/dv/kplr010026502-20160209194854_dvr.pdf,0,0,0,0,7.92,7.47,-2.57,4.09448,0.19011,-2.25899,LS+MCMC,0.665,1
3542117,K04987.01,,290.72061,0.0,19h22m52.95s,38.697578,0.0,+38d41m51.3s,16.576,,15.153,,14.239,,13.789,,12.431,0.026,11.748,0.023,11.574,0.022,14.94,,cumulative,Done,00011111111111111000000000000000,FALSE POSITIVE,FALSE POSITIVE,1,93.0,3.9258118,9.08259,0.8421,Claret (2011 A&A 529 75) ATLAS LS,0.0,0.0,0.3775,0.3402,Mandel and Agol (2002 ApJ 580 171),7.8,,,143.1278,0.0134,-0.0134,0.0,,,,,,1.03,0.11,-0.12,0.0782,,,0.035,0.432,-0.035,3.549,0.362,-0.362,,,,731.0,103.0,-103.0,12.5748872,0.0002383,-0.0002383,0.024352,0.001904,-0.002251,27.7,13.8,-13.8,89.93,,,349.0,,,3552.0,57.0,-71.0,4.867,0.045,-0.04,-0.1,0.1,-0.1,0.387,0.04,-0.044,0.406,0.042,-0.052,,,,q1_q17_dr25_stellar,0.031,19.3813442,1.3e-06,38.696534,2.5e-05,-1.258,0.056,-3.766,0.089,2e-05,0.00016,-8e-05,0.00021,-0.74,0.49,2.13,0.34,2.25,0.36,-2.3,0.42,-3.18,0.53,3.92,0.54,CENT_KIC_POS,2018-08-16 00:00:00,1.0,q1_q17_dr25_tce,003/003542/003542117/dv/kplr003542117-001-20160209194854_dvs.pdf,q1_q17_dr25_sup_koi,q1_q17_dr25_koi,2454976.128,0.0134,-0.0134,003/003542/003542117/dv/kplr003542117-20160209194854_dvr.pdf,0,0,1,0,3.49,1.04,-0.96,2.54701,11.44999,-0.95683,LS+MCMC,1.0,0
10917043,K02770.01,,290.25385,0.0,19h21m00.92s,48.360821,0.0,+48d21m39.0s,16.612,,15.521,,15.107,,14.882,,13.766,0.028,13.175,0.042,13.052,0.032,15.558,,cumulative,Done,11111111111111111000000000000000,CANDIDATE,CANDIDATE,1,7.0,9.07475,19.161308,0.3517,Claret (2011 A&A 529 75) ATLAS LS,0.0,0.0,0.0775,0.666,Mandel and Agol (2002 ApJ 580 171),24.3,,,284.18824,0.00674,-0.00674,0.0,,,,,,2.11,0.18,-0.17,0.5898,,,0.008,0.42,-0.008,8.681,0.215,-0.215,,,,1248.7,59.9,-59.9,205.385912,0.002047,-0.002047,0.030926,0.001642,-0.000779,186.32,6.8,-6.8,90.0,,,200.0,,,4400.0,157.0,-157.0,4.659,0.035,-0.039,-0.2,0.3,-0.3,0.624,0.055,-0.05,0.646,0.062,-0.062,,,,q1_q17_dr25_stellar,0.001,19.350209,1.8e-05,48.36062,0.00012,-1.7,0.65,-0.71,0.42,-0.00116,0.00082,0.00086,0.00059,2.7,2.1,0.26,0.32,2.7,2.1,-0.32,0.19,0.0,0.22,0.32,0.19,CENT_KIC_POS,2018-08-16 00:00:00,1.0,q1_q17_dr25_tce,010/010917/010917043/dv/kplr010917043-001-20160209194854_dvs.pdf,q1_q17_dr25_sup_koi,q1_q17_dr25_koi,2455117.188,0.00674,-0.00674,010/010917/010917043/dv/kplr010917043-20160209194854_dvr.pdf,0,0,0,0,0.38,0.13,-0.11,2.90062,0.10617,-1.03479,LS+MCMC,1.0,1
6386784,K06700.01,,297.93439,0.0,19h51m44.25s,41.792912,0.0,+41d47m34.5s,12.225,,11.912,,11.825,,11.798,,10.933,0.021,10.755,0.024,10.711,0.02,11.945,,cumulative,Done,11111111111111111000000000000000,FALSE POSITIVE,FALSE POSITIVE,1,672.0,3.4447978,10.36154,0.0306,Claret (2011 A&A 529 75) ATLAS LS,0.0,0.0,0.3088,0.2774,Mandel and Agol (2002 ApJ 580 171),14.2,,,132.87321,0.00823,-0.00823,0.0,,,,,,0.75,0.16,-0.18,0.033,,,0.564,0.405,-0.345,3.58,0.222,-0.222,,,,18.0,1.5,-1.5,1.99567242,1.836e-05,-1.836e-05,0.004048,0.000135,-0.000259,3.61,1.4,-1.4,81.02,,,2137.0,,,6773.0,183.0,-224.0,4.063,0.21,-0.123,-0.4,0.3,-0.3,1.69,0.365,-0.406,1.207,0.189,-0.17,,,,q1_q17_dr25_stellar,0.0,19.862295,2.8e-05,41.79389,0.00024,0.1,1.1,3.54,0.88,1e-06,1.9e-05,-5.9e-05,1.5e-05,1.8,1.2,2.0,1.5,2.7,1.7,1.9,1.1,2.1,1.4,2.9,1.6,EPHEM_MATCH,2018-08-16 00:00:00,1.0,q1_q17_dr25_tce,006/006386/006386784/dv/kplr006386784-001-20160209194854_dvs.pdf,q1_q17_dr25_sup_koi,q1_q17_dr25_koi,2454965.873,0.00823,-0.00823,006/006386/006386784/dv/kplr006386784-20160209194854_dvr.pdf,0,0,0,1,4939.44,3185.91,-2447.08,0.22429,0.26078,-0.00594,LS+MCMC,0.0,0
5475494,K03969.01,,298.52603,0.0,19h54m06.25s,40.612091,0.0,+40d36m43.5s,15.548,,15.106,,14.973,,14.94,,14.109,0.026,13.851,0.032,13.795,0.042,15.145,,cumulative,Done,11111111111111111000000000000000,FALSE POSITIVE,FALSE POSITIVE,1,1818.0,3.991783,19.574312,0.9791,Claret (2011 A&A 529 75) ATLAS LS,0.0,0.0,0.302,0.319,Mandel and Agol (2002 ApJ 580 171),27.2,,,132.08341,0.00145,-0.00145,0.0,,,,,,1.84,0.5,-0.22,0.0167,,,0.689,0.064,-0.498,1.1148,0.0589,-0.0589,,,,247.3,12.4,-12.4,0.73619448,1.282e-06,-1.282e-06,0.015429,0.00365,-0.000674,3.85,1.8,-1.8,79.68,,,2268.0,,,6355.0,172.0,-211.0,4.418,0.06,-0.18,-0.12,0.25,-0.3,1.09,0.297,-0.127,1.134,0.15,-0.15,,,,q1_q17_dr25_stellar,0.0,19.901864,1.5e-05,40.61287,0.00015,5.25,0.63,2.8,0.56,-0.0009,0.00012,-0.0007,0.0001,3.59,0.21,2.44,0.25,4.34,0.31,3.55,0.24,2.33,0.29,4.25,0.35,MOD_SEC_DV---MOD_SEC_ALT---HAS_SEC_TCE---CENT_UNRESOLVED_OFFSET,2018-08-16 00:00:00,1.0,q1_q17_dr25_tce,005/005475/005475494/dv/kplr005475494-001-20160209194854_dvs.pdf,q1_q17_dr25_sup_koi,q1_q17_dr25_koi,2454965.083,0.00145,-0.00145,005/005475/005475494/dv/kplr005475494-20160209194854_dvr.pdf,0,1,1,0,6218.56,4985.68,-1977.91,1.98932,3.63101,-1.76106,LS+MCMC,0.0,0
9079915,K07922.01,,287.89935,0.0,19h11m35.84s,45.417488,0.0,+45d25m03.0s,13.777,,13.449,,13.399,,13.403,,12.603,0.021,12.403,0.021,12.354,0.015,13.513,,cumulative,Done,11111111111111111000000000000000,FALSE POSITIVE,FALSE POSITIVE,1,1638.0,3.3211937,9.043147,1.0,Claret (2011 A&A 529 75) ATLAS LS,0.0,0.0,0.3169,0.2751,Mandel and Agol (2002 ApJ 580 171),7.4,,,132.20817,0.00413,-0.00413,0.0,,,,,,0.83,0.27,-0.09,0.0183,,,0.664,0.105,-0.519,0.841,0.192,-0.192,,,,39.3,7.5,-7.5,0.812678859,4.141e-06,-4.141e-06,0.006146,0.003932,-0.001862,5.64,2.8,-2.8,83.24,,,2403.0,,,6636.0,161.0,-221.0,4.349,0.065,-0.195,-0.06,0.25,-0.3,1.236,0.397,-0.132,1.251,0.187,-0.168,,,,q1_q17_dr25_stellar,0.0,19.193219,2.8e-05,45.41907,0.00031,-2.7,1.1,5.7,1.1,8.7e-05,3.6e-05,-0.00019,3.8e-05,-0.46,0.32,2.71,0.49,2.75,0.49,-0.52,0.33,2.95,0.52,3.0,0.48,CENT_UNRESOLVED_OFFSET,2018-08-16 00:00:00,1.0,q1_q17_dr25_tce,009/009079/009079915/dv/kplr009079915-001-20160209194854_dvs.pdf,q1_q17_dr25_sup_koi,q1_q17_dr25_koi,2454965.208,0.00413,-0.00413,009/009079/009079915/dv/kplr009079915-20160209194854_dvr.pdf,0,0,1,0,7917.14,7293.49,-2401.06,5.13361,512.96436,-3.90933,LS+MCMC,0.007,0
11560037,K03874.01,,292.35748,0.0,19h29m25.80s,49.514511,0.0,+49d30m52.2s,15.969,,15.4,,15.221,,15.122,,14.158,0.026,13.787,0.036,13.727,0.053,15.446,,cumulative,Done,11111111111111111000000000000000,FALSE POSITIVE,FALSE POSITIVE,1,1825.0,5.890401,37.948864,0.3603,Claret (2011 A&A 529 75) ATLAS LS,0.0,0.0,0.2916,0.3447,Mandel and Agol (2002 ApJ 580 171),86.1,,,131.992658,0.000394,-0.000394,0.0,,,,,,4.28,1.24,-0.77,0.0246,,,0.824,0.047,-0.575,0.8222,0.0348,-0.0348,,,,1346.4,29.4,-29.4,1.466535757,7.16e-07,-7.16e-07,0.038383,0.00366,-0.003608,8.66,3.9,-3.9,84.54,,,1671.0,,,5888.0,159.0,-177.0,4.387,0.128,-0.192,-0.22,0.3,-0.3,1.02,0.296,-0.182,0.924,0.131,-0.098,,,,q1_q17_dr25_stellar,0.052,19.4905078,5.5e-06,49.514491,4.9e-05,0.34,0.19,-0.07,0.18,-0.00027,0.00016,-4e-05,0.00015,0.04,0.12,0.19,0.14,0.19,0.15,0.05,0.12,0.13,0.15,0.14,0.16,MOD_ODDEVEN_DV---MOD_ODDEVEN_ALT,2018-08-16 00:00:00,1.0,q1_q17_dr25_tce,011/011560/011560037/dv/kplr011560037-001-20160209194854_dvs.pdf,q1_q17_dr25_sup_koi,q1_q17_dr25_koi,2454964.993,0.000394,-0.000394,011/011560/011560037/dv/kplr011560037-20160209194854_dvr.pdf,0,1,0,0,1849.31,1575.29,-744.53,5.71501,20.40788,-3.67937,LS+MCMC,0.0,0
6677256,K01243.01,,287.14944,0.0,19h08m35.87s,42.105209,0.0,+42d06m18.8s,14.885,,14.462,,14.365,,14.304,,13.44,0.023,13.152,0.022,13.115,0.024,14.521,,cumulative,Done,00011111111111111000000000000000,FALSE POSITIVE,FALSE POSITIVE,1,364.0,4.4584374,26.694933,0.3747,Claret (2011 A&A 529 75) ATLAS LS,0.0,0.0,0.302,0.319,Mandel and Agol (2002 ApJ 580 171),32.0,,,356.41184,0.00191,-0.00191,0.0,,,,,,1.88,0.61,-0.26,0.0436,,,0.506,0.048,-0.443,1.7895,0.0683,-0.0683,,,,238.8,9.2,-9.2,3.125814002,8.551e-06,-8.551e-06,0.014604,0.000186,-0.000656,11.75,4.4,-4.4,87.53,,,1460.0,,,6358.0,179.0,-246.0,4.346,0.101,-0.203,-0.1,0.25,-0.3,1.181,0.381,-0.163,1.125,0.185,-0.152,,,,q1_q17_dr25_stellar,,,,,,82.16,0.48,234.83,0.65,,,-0.05643,0.00016,,,,,,,,,,,,,MOD_SEC_ALT---HAS_SEC_TCE---CENT_RESOLVED_OFFSET---EPHEM_MATCH,2018-08-16 00:00:00,1.0,q1_q17_dr25_tce,006/006677/006677256/dv/kplr006677256-001-20160209194854_dvs.pdf,q1_q17_dr25_sup_koi,q1_q17_dr25_koi,2455189.412,0.00191,-0.00191,006/006677/006677256/dv/kplr006677256-20160209194854_dvr.pdf,0,1,1,1,1073.04,1024.5,-392.17,3.14445,2.36135,-0.15483,LS+MCMC,0.0,0
10717220,K06228.01,Kepler-1644 b,285.47504,0.0,19h01m54.01s,48.034931,0.0,+48d02m05.8s,14.714,,14.166,,14.012,,13.924,,12.989,0.026,12.579,0.031,12.552,0.027,14.223,,cumulative,Done,11111110111011101000000000000000,CONFIRMED,CANDIDATE,1,54.0,6.100839,16.050957,0.0758,Claret (2011 A&A 529 75) ATLAS LS,0.0,0.0,0.2787,0.3728,Mandel and Agol (2002 ApJ 580 171),19.7,,,133.96316,0.00581,-0.00581,0.0,,,,,,1.88,0.48,-0.16,0.142,,,0.832,0.022,-0.574,4.751,0.159,-0.159,,,,417.6,24.1,-24.1,21.0907909,0.0001467,-0.0001467,0.021087,0.002547,-0.002495,20.08,9.3,-9.3,87.63,,,606.0,,,5723.0,154.0,-154.0,4.546,0.055,-0.165,-0.36,0.3,-0.3,0.818,0.205,-0.073,0.857,0.098,-0.089,,,,q1_q17_dr25_stellar,0.253,19.031678,1e-05,48.034955,9.7e-05,0.29,0.36,0.09,0.35,-0.00013,0.00016,-0.00011,0.00016,-0.01,0.18,-0.04,0.2,0.04,0.19,0.02,0.18,-0.22,0.2,0.22,0.2,NO_COMMENT,2018-08-16 00:00:00,1.0,q1_q17_dr25_tce,010/010717/010717220/dv/kplr010717220-001-20160209194854_dvs.pdf,q1_q17_dr25_sup_koi,q1_q17_dr25_koi,2454966.963,0.00581,-0.00581,010/010717/010717220/dv/kplr010717220-20160209194854_dvr.pdf,0,0,0,0,31.86,23.55,-8.17,0.34445,1.42992,-0.25423,LS+MCMC,1.0,1
8766268,K08168.01,,296.42264,0.0,19h45m41.43s,44.976181,0.0,+44d58m34.3s,16.202,,15.586,,15.418,,15.325,,14.381,0.029,13.948,0.033,14.067,0.061,15.654,,cumulative,Done,00011111111111111000000000000000,FALSE POSITIVE,FALSE POSITIVE,1,217.0,3.363193,7.268483,0.723,Claret (2011 A&A 529 75) ATLAS LS,0.0,0.0,0.2676,0.3928,Mandel and Agol (2002 ApJ 580 171),8.7,,,135.5479,0.0149,-0.0149,0.0,,,,,,1.13,0.36,-0.11,0.059,,,0.192,0.272,-0.192,3.341,0.379,-0.379,,,,167.5,22.9,-22.9,5.29731736,9.176e-05,-9.176e-05,0.011831,0.000911,-0.000968,12.05,6.0,-6.0,89.09,,,989.0,,,5815.0,184.0,-204.0,4.54,0.037,-0.213,-0.12,0.3,-0.3,0.877,0.278,-0.087,0.973,0.116,-0.116,,,,q1_q17_dr25_stellar,0.0,19.761585,3.4e-05,44.97553,0.00037,2.9,1.3,-2.3,1.3,-0.00049,0.0002,0.00037,0.00021,-2.0,1.0,0.3,1.0,2.0,1.1,-2.12,1.0,0.4,1.1,2.1,1.0,HALO_GHOST---EPHEM_MATCH,2018-08-16 00:00:00,1.0,q1_q17_dr25_tce,008/008766/008766268/dv/kplr008766268-001-20160209194854_dvs.pdf,q1_q17_dr25_sup_koi,q1_q17_dr25_koi,2454968.548,0.0149,-0.0149,008/008766/008766268/dv/kplr008766268-20160209194854_dvr.pdf,0,0,1,1,226.1,218.1,-67.06,1.17954,8.83713,-0.40019,LS+MCMC,0.0,0
11512246,K00168.03,Kepler-23 b,294.21893,0.0,19h36m52.54s,49.479221,0.0,+49d28m45.2s,13.89,,13.43,,13.244,,13.216,,12.353,0.021,12.047,0.017,11.998,0.019,13.438,,cumulative,Done,11111111111111111000000000000000,CONFIRMED,CANDIDATE,3,170.0,5.449663,21.704592,0.4115,Claret (2011 A&A 529 75) ATLAS LS,0.0,0.0,0.2638,0.4046,Mandel and Agol (2002 ApJ 580 171),33.8,,,138.32271,0.00206,-0.00206,0.0,,,,,,1.72,0.11,-0.07,0.0733,,,0.079,0.32,-0.079,5.1462,0.0519,-0.0519,,,,131.0,4.1,-4.1,7.10695741,1.74e-05,-1.74e-05,0.01039,0.000332,-0.000158,10.643,0.55,-0.55,89.57,,,1157.0,,,5761.0,86.0,-69.0,4.091,0.018,-0.018,0.06,0.2,-0.15,1.518,0.092,-0.061,1.036,0.101,-0.059,,,,q1_q17_dr25_stellar,,19.614599,1.4e-05,49.47899,0.00015,0.12,0.5,-0.84,0.55,-1e-06,5.3e-05,,,-0.02,0.31,-0.75,0.42,0.75,0.42,0.06,0.32,-0.61,0.4,0.61,0.39,NO_COMMENT,2018-08-16 00:00:00,3.0,q1_q17_dr25_tce,011/011512/011512246/dv/kplr011512246-003-20160209194854_dvs.pdf,q1_q17_dr25_sup_koi,q1_q17_dr25_koi,2454971.323,0.00206,-0.00206,011/011512/011512246/dv/kplr011512246-20160209194854_dvr.pdf,0,0,0,0,422.8,81.84,-51.63,0.45155,0.02332,-0.10514,LS+MCMC,0.996,1
5650314,K03731.01,,299.17062,0.0,19h56m40.95s,40.871059,0.0,+40d52m15.8s,16.955,,15.877,,15.485,,15.312,,14.219,0.026,13.572,0.03,13.517,0.036,15.926,,cumulative,Done,00011111111111111000000000000000,FALSE POSITIVE,FALSE POSITIVE,1,1064.0,62.73239,577.5421,0.1057,Claret (2011 A&A 529 75) ATLAS LS,0.0,0.0,0.1142,0.6188,Mandel and Agol (2002 ApJ 580 171),284.0,,,131.835891,0.000413,-0.000413,0.0,,,,,,28.73,3.17,-1.93,0.0182,,,1.269,0.267,-0.175,4.2844,0.0196,-0.0196,,,,9886.5,40.5,-40.5,1.070272827,4.94e-07,-4.94e-07,0.402965,0.255156,-0.156604,1.744,0.806,-0.806,43.29,,,1224.0,,,4628.0,162.0,-162.0,4.651,0.024,-0.056,-0.1,0.3,-0.3,0.653,0.072,-0.044,0.723,0.051,-0.076,,,,q1_q17_dr25_stellar,0.0,19.94475378,3.3e-07,40.8693516,4.2e-06,1.869,0.013,-6.15,0.015,-0.019,0.001,0.0547,0.0014,0.26,0.1,-1.96,0.16,1.97,0.17,1.74,0.58,-2.42,0.98,3.0,1.1,CENT_RESOLVED_OFFSET,2018-08-16 00:00:00,1.0,q1_q17_dr25_tce,005/005650/005650314/dv/kplr005650314-001-20160209194854_dvs.pdf,q1_q17_dr25_sup_koi,q1_q17_dr25_koi,2454964.836,0.000413,-0.000413,005/005650/005650314/dv/kplr005650314-20160209194854_dvr.pdf,0,0,1,0,528.52,219.1,-129.89,0.08753,0.04046,-0.01829,LS+MCMC,0.086,0
6784235,K00863.01,Kepler-708 b,293.81647,0.0,19h35m15.95s,42.212502,0.0,+42d12m45.0s,16.067,,15.477,,15.304,,15.2,,14.32,0.028,13.958,0.029,13.871,0.052,15.533,,cumulative,Done,11111111111111111000000000000000,CONFIRMED,CANDIDATE,1,430.0,5.8711963,55.665585,0.8648,Claret (2011 A&A 529 75) ATLAS LS,0.0,0.0,0.2868,0.3588,Mandel and Agol (2002 ApJ 580 171),64.8,,,172.147959,0.000988,-0.000988,0.0,,,,,,2.62,0.78,-0.26,0.0426,,,0.026,0.366,-0.026,2.1814,0.0324,-0.0324,,,,781.2,14.3,-14.3,3.167893418,3.869e-06,-3.869e-06,0.025513,0.000588,-0.000292,11.389,0.58,-0.58,89.87,,,1221.0,,,5895.0,164.0,-184.0,4.503,0.05,-0.2,-0.02,0.25,-0.3,0.94,0.282,-0.094,1.026,0.115,-0.14,,,,q1_q17_dr25_stellar,0.683,19.5877665,5.9e-06,42.212514,6.3e-05,0.1,0.24,0.05,0.23,-9e-05,0.00018,5e-05,0.00018,-0.003,0.093,-0.07,0.11,0.07,0.11,-0.039,0.092,0.06,0.11,0.07,0.11,NO_COMMENT,2018-08-16 00:00:00,1.0,q1_q17_dr25_tce,006/006784/006784235/dv/kplr006784235-001-20160209194854_dvs.pdf,q1_q17_dr25_sup_koi,q1_q17_dr25_koi,2455005.148,0.000988,-0.000988,006/006784/006784235/dv/kplr006784235-20160209194854_dvr.pdf,0,0,0,0,526.23,466.28,-150.76,2.78453,0.14181,-0.7097,LS+MCMC,1.0,1
4768846,K02077.01,,297.13702,0.0,19h48m32.88s,39.891842,0.0,+39d53m30.6s,13.693,,13.257,,13.129,,13.12,,12.326,0.024,11.998,0.022,11.992,0.02,13.298,,cumulative,Done,11111111111111111000000000000000,FALSE POSITIVE,FALSE POSITIVE,1,1069.0,3.8324585,24.388678,1.0,Claret (2011 A&A 529 75) ATLAS LS,0.0,0.0,0.3033,0.3133,Mandel and Agol (2002 ApJ 580 171),11.4,,,132.18633,0.00806,-0.00806,0.0,,,,,,2.89,0.46,-1.08,0.0252,,,0.547,0.05,-0.45,2.67,0.297,-0.297,,,,117.6,13.7,-13.7,1.25483232,1.243e-05,-1.243e-05,0.010278,0.000631,-0.000717,3.14,1.5,-1.5,79.96,,,2748.0,,,6168.0,170.0,-170.0,3.75,0.308,-0.082,-0.16,0.3,-0.3,2.572,0.411,-0.958,1.358,0.224,-0.299,,,,q1_q17_dr25_stellar,0.0,19.809233,1e-05,39.89062,0.00011,4.11,0.42,-4.39,0.38,-0.000371,3.8e-05,0.000376,3.4e-05,4.71,0.32,-5.56,0.26,7.29,0.38,4.76,0.33,-5.84,0.27,7.54,0.39,MOD_SEC_DV---MOD_SEC_ALT---HAS_SEC_TCE---CENT_RESOLVED_OFFSET---HALO_GHOST,2018-08-16 00:00:00,1.0,q1_q17_dr25_tce,004/004768/004768846/dv/kplr004768846-001-20160209194854_dvs.pdf,q1_q17_dr25_sup_koi,q1_q17_dr25_koi,2454965.186,0.00806,-0.00806,004/004768/004768846/dv/kplr004768846-20160209194854_dvr.pdf,0,1,1,0,13493.55,6742.33,-8741.95,0.37104,0.54381,-0.11631,LS+MCMC,0.0,0
7501646,K02572.01,,281.59235,0.0,18h46m22.16s,43.177879,0.0,+43d10m40.4s,16.063,,15.387,,15.29,,15.22,,14.273,0.027,13.93,0.026,13.876,0.044,15.522,,cumulative,Done,00011111111111111000000000000000,CANDIDATE,CANDIDATE,1,181.0,4.101644,15.772048,0.4101,Claret (2011 A&A 529 75) ATLAS LS,0.0,0.0,0.2514,0.4282,Mandel and Agol (2002 ApJ 580 171),17.9,,,136.91384,0.00453,-0.00453,0.0,,,,,,2.15,0.52,-0.21,0.0691,,,0.234,0.243,-0.234,1.949,0.147,-0.147,,,,502.8,33.8,-33.8,6.37705295,3.206e-05,-3.206e-05,0.02038,0.000962,-0.001093,24.83,3.4,-3.4,89.46,,,935.0,,,5672.0,160.0,-200.0,4.503,0.044,-0.176,0.36,0.1,-0.3,0.965,0.233,-0.093,1.08,0.089,-0.133,,,,q1_q17_dr25_stellar,0.008,18.772853,1.3e-05,43.17797,0.00011,1.14,0.52,0.33,0.41,0.00056,0.00028,-0.00011,0.00023,0.2,1.5,0.66,0.35,0.7,0.63,0.25,0.27,0.02,0.34,0.25,0.29,CENT_KIC_POS,2018-08-16 00:00:00,1.0,q1_q17_dr25_tce,007/007501/007501646/dv/kplr007501646-001-20160209194854_dvs.pdf,q1_q17_dr25_sup_koi,q1_q17_dr25_koi,2454969.914,0.00453,-0.00453,007/007501/007501646/dv/kplr007501646-20160209194854_dvr.pdf,0,0,0,0,180.66,130.54,-52.88,7.11987,0.96726,-3.786,LS+MCMC,1.0,1
11336883,K01445.01,Kepler-853 b,283.9368,0.0,18h55m44.83s,49.110329,0.0,+49d06m37.2s,12.578,,12.251,,12.209,,12.212,,11.406,0.024,11.171,0.02,11.151,0.016,12.32,,cumulative,Done,11111110111011101000000000000000,CONFIRMED,CANDIDATE,3,153.0,5.009158,27.370365,0.0088,Claret (2011 A&A 529 75) ATLAS LS,0.0,0.0,0.3052,0.3236,Mandel and Agol (2002 ApJ 580 171),36.3,,,135.67854,0.00301,-0.00301,0.0,,,,,,1.61,0.31,-0.28,0.0779,,,0.573,0.362,-0.355,4.6766,0.0866,-0.0866,,,,112.8,3.4,-3.4,7.16893064,2.574e-05,-2.574e-05,0.010094,0.0016,-0.000348,9.77,3.2,-3.2,86.64,,,1187.0,,,6221.0,113.0,-138.0,4.198,0.13,-0.13,0.08,0.15,-0.15,1.458,0.281,-0.255,1.225,0.094,-0.117,,,,q1_q17_dr25_stellar,0.091,18.92913,1e-05,49.1104,0.0001,0.34,0.35,0.25,0.37,-3.9e-05,3.8e-05,-3.7e-05,3.9e-05,0.03,0.3,-0.19,0.26,0.19,0.26,0.04,0.31,-0.34,0.27,0.34,0.26,NO_COMMENT,2018-08-16 00:00:00,1.0,q1_q17_dr25_tce,011/011336/011336883/dv/kplr011336883-001-20160209194854_dvs.pdf,q1_q17_dr25_sup_koi,q1_q17_dr25_koi,2454968.679,0.00301,-0.00301,011/011336/011336883/dv/kplr011336883-20160209194854_dvr.pdf,0,0,0,0,469.56,248.31,-177.32,0.34348,0.2231,-0.26893,LS+MCMC,0.998,1
6586746,K02747.01,Kepler-1335 b,284.83841,0.0,18h59m21.22s,42.070431,0.0,+42d04m13.6s,16.101,,15.251,,14.999,,14.833,,13.787,0.023,13.276,0.027,13.134,0.034,15.329,,cumulative,Done,11110111011101110000000000000000,CONFIRMED,CANDIDATE,1,165.0,3.8875394,16.726444,0.0147,Claret (2011 A&A 529 75) ATLAS LS,0.0,0.0,0.1496,0.5746,Mandel and Agol (2002 ApJ 580 171),20.1,,,132.82928,0.00337,-0.00337,0.0,,,,,,1.55,0.14,-0.16,0.0615,,,0.232,0.211,-0.232,2.39,0.106,-0.106,,,,378.7,21.7,-21.7,6.26404774,2.81e-05,-2.81e-05,0.017429,0.000667,-0.000858,19.85,2.8,-2.8,89.33,,,809.0,,,5032.0,151.0,-151.0,4.511,0.077,-0.056,0.08,0.25,-0.3,0.817,0.071,-0.085,0.789,0.078,-0.057,,,,q1_q17_dr25_stellar,0.502,18.989242,2e-05,42.07042,0.00024,0.61,0.8,-0.02,0.86,-0.00023,0.0003,-7e-05,0.00032,0.07,0.15,0.21,0.21,0.22,0.21,0.09,0.17,-0.01,0.16,0.09,0.17,NO_COMMENT,2018-08-16 00:00:00,1.0,q1_q17_dr25_tce,006/006586/006586746/dv/kplr006586746-001-20160209194854_dvs.pdf,q1_q17_dr25_sup_koi,q1_q17_dr25_koi,2454965.829,0.00337,-0.00337,006/006586/006586746/dv/kplr006586746-20160209194854_dvr.pdf,0,0,0,0,101.27,33.38,-29.31,3.76794,0.53773,-1.39266,LS+MCMC,1.0,1
7748487,K03394.01,,290.23602,0.0,19h20m56.64s,43.47065,0.0,+43d28m14.3s,15.931,,15.439,,15.303,,15.255,,14.351,0.029,14.076,0.034,13.961,0.047,15.491,,cumulative,Done,11111111111111111000000000000000,CANDIDATE,CANDIDATE,1,83.0,4.005751,12.770859,0.1448,Claret (2011 A&A 529 75) ATLAS LS,0.0,0.0,0.3024,0.3288,Mandel and Agol (2002 ApJ 580 171),14.1,,,135.9482,0.0109,-0.0109,0.0,,,,,,1.79,0.55,-0.19,0.1286,,,0.565,0.396,-0.343,5.382,0.278,-0.278,,,,257.1,21.0,-21.0,15.5764061,0.0001815,-0.0001815,0.015214,0.000262,-0.00128,18.67,7.7,-7.7,88.27,,,793.0,,,6214.0,186.0,-224.0,4.442,0.052,-0.208,0.07,0.25,-0.35,1.076,0.335,-0.112,1.169,0.141,-0.173,,,,q1_q17_dr25_stellar,0.58,19.349074,2.8e-05,43.47078,0.0003,0.2,1.1,0.5,1.1,-9e-05,0.00027,-0.00013,0.00026,0.26,0.24,0.69,0.48,0.74,0.46,0.27,0.32,0.71,0.55,0.76,0.46,NO_COMMENT,2018-08-16 00:00:00,1.0,q1_q17_dr25_tce,007/007748/007748487/dv/kplr007748487-001-20160209194854_dvs.pdf,q1_q17_dr25_sup_koi,q1_q17_dr25_koi,2454968.948,0.0109,-0.0109,007/007748/007748487/dv/kplr007748487-20160209194854_dvr.pdf,0,0,0,0,93.42,87.34,-28.68,0.50757,0.41665,-0.09323,LS+MCMC,0.997,1
9594184,K05696.01,,294.25906,0.0,19h37m02.17s,46.221199,0.0,+46d13m16.3s,17.437,,16.449,,16.131,,15.894,,14.929,0.035,14.371,0.046,14.213,0.068,16.523,,cumulative,Done,00000111111101111000000000000000,FALSE POSITIVE,FALSE POSITIVE,1,21.0,4.021903,8.758779,0.0741,Claret (2011 A&A 529 75) ATLAS LS,0.0,0.0,0.153,0.5684,Mandel and Agol (2002 ApJ 580 171),7.4,,,141.1113,0.0305,-0.0305,0.0,,,,,,2.19,0.17,-0.22,0.2141,,,0.035,0.42,-0.035,4.649,0.671,-0.671,,,,886.0,142.0,-142.0,42.093314,0.001327,-0.001327,0.026338,0.001984,-0.003252,71.0,18.1,-18.1,89.97,,,407.0,,,4885.0,174.0,-174.0,4.541,0.072,-0.044,-0.02,0.25,-0.3,0.763,0.059,-0.079,0.738,0.083,-0.06,,,,q1_q17_dr25_stellar,0.241,19.61722,4.8e-05,46.2213,0.0004,-1.9,1.8,0.4,1.4,0.0021,0.0016,-0.0004,0.0013,-4.16,0.69,-2.53,0.53,4.87,0.72,-4.09,0.68,-2.68,0.49,4.89,0.69,CENT_RESOLVED_OFFSET,2018-08-16 00:00:00,1.0,q1_q17_dr25_tce,009/009594/009594184/dv/kplr009594184-001-20160209194854_dvs.pdf,q1_q17_dr25_sup_koi,q1_q17_dr25_koi,2454974.111,0.0305,-0.0305,009/009594/009594184/dv/kplr009594184-20160209194854_dvr.pdf,0,0,1,0,6.47,2.17,-1.97,3.81464,0.97087,-2.65965,LS+MCMC,0.507,0
3554600,K00803.01,,293.94116,0.0,19h35m45.88s,38.601101,0.0,+38d36m04.0s,16.125,,15.509,,15.316,,15.222,,14.282,0.028,13.905,0.036,13.841,0.051,15.559,,cumulative,Done,01111011101110111000000000000000,FALSE POSITIVE,FALSE POSITIVE,1,143.0,4.5001316,12.162734,0.0016,Claret (2011 A&A 529 75) ATLAS LS,0.0,0.0,0.2711,0.3858,Mandel and Agol (2002 ApJ 580 171),14.2,,,171.7982,0.0105,-0.0105,0.0,,,,,,17.47,4.12,-1.65,0.0731,,,1.175,33.63,-0.911,6.222,0.731,-0.731,,,,322.6,28.2,-28.2,7.544039,0.0001023,-0.0001023,0.194187,33.64184,-0.905118,2.28,1.1,-1.1,58.94,,,838.0,,,5657.0,152.0,-169.0,4.567,0.038,-0.152,-0.18,0.3,-0.3,0.824,0.194,-0.078,0.919,0.083,-0.104,,,,q1_q17_dr25_stellar,,19.596854,2.2e-05,38.6029,0.00026,32.76,0.93,6.49,0.95,,,-0.00203,0.00023,,,,,,,,,,,,,SAME_NTL_PERIOD---CENT_RESOLVED_OFFSET,2018-08-16 00:00:00,2.0,q1_q17_dr25_tce,003/003554/003554600/dv/kplr003554600-002-20160209194854_dvs.pdf,q1_q17_dr25_sup_koi,q1_q17_dr25_koi,2455004.798,0.0105,-0.0105,003/003554/003554600/dv/kplr003554600-20160209194854_dvr.pdf,1,0,1,0,116.46,81.18,-31.91,0.00393,15.04747,-0.00489,LS+MCMC,0.0,0
3858919,K05990.01,,293.70291,0.0,19h34m48.70s,38.956291,0.0,+38d57m22.6s,16.592,,15.945,,15.744,,15.63,,14.769,0.048,14.371,0.049,14.393,0.082,15.999,,cumulative,Done,00011011101110111000000000000000,FALSE POSITIVE,FALSE POSITIVE,1,33.0,3.9235106,11.206927,0.1786,Claret (2011 A&A 529 75) ATLAS LS,0.0,0.0,0.2622,0.4035,Mandel and Agol (2002 ApJ 580 171),14.0,,,154.8689,0.0205,-0.0205,0.0,,,,,,2.03,0.51,-0.18,0.1696,,,0.142,0.317,-0.142,10.977,0.622,-0.622,,,,557.8,47.1,-47.1,25.9522913,0.0008463,-0.0008463,0.02145,0.001075,-0.001296,18.28,3.2,-3.2,89.55,,,567.0,,,5692.0,177.0,-197.0,4.547,0.032,-0.179,-0.04,0.3,-0.3,0.866,0.217,-0.078,0.965,0.094,-0.115,,,,q1_q17_dr25_stellar,0.0,19.5802269,1e-05,38.956411,9.9e-05,1.41,0.42,0.43,0.36,0.00127,0.00022,-0.00101,0.0002,-11.4,1.1,4.69,0.53,12.3,1.0,-3.42,0.59,2.62,0.5,4.31,0.47,SAME_NTL_PERIOD---CENT_RESOLVED_OFFSET---HALO_GHOST---EPHEM_MATCH,2018-08-16 00:00:00,2.0,q1_q17_dr25_tce,003/003858/003858919/dv/kplr003858919-002-20160209194854_dvs.pdf,q1_q17_dr25_sup_koi,q1_q17_dr25_koi,2454987.869,0.0205,-0.0205,003/003858/003858919/dv/kplr003858919-20160209194854_dvr.pdf,1,0,1,1,24.49,18.81,-6.88,0.17154,0.03003,-0.0689,LS+MCMC,0.0,0
6037581,K01916.03,Kepler-336 b,290.23764,0.0,19h20m57.03s,41.331379,0.0,+41d19m53.0s,14.012,,13.549,,13.42,,13.356,,12.488,0.019,12.194,0.018,12.144,0.022,13.598,,cumulative,Done,11111111111111111000000000000000,CONFIRMED,CANDIDATE,3,621.0,4.208786,16.003586,0.9686,Claret (2011 A&A 529 75) ATLAS LS,0.0,0.0,0.2555,0.4191,Mandel and Agol (2002 ApJ 580 171),20.2,,,132.35465,0.00381,-0.00381,0.0,,,,,,1.01,0.17,-0.17,0.0322,,,0.248,0.22,-0.248,2.55,0.118,-0.118,,,,63.3,3.5,-3.5,2.0248205,1.002e-05,-1.002e-05,0.007277,0.000266,-0.000304,5.954,0.623,-0.623,87.61,,,1625.0,,,5865.0,105.0,-117.0,4.266,0.137,-0.112,0.16,0.15,-0.15,1.272,0.213,-0.213,1.088,0.089,-0.089,,,,q1_q17_dr25_stellar,,19.349183,1.4e-05,41.33098,0.00015,0.29,0.59,-1.44,0.53,,,9.9e-05,3.6e-05,-0.72,0.32,-0.07,0.36,0.73,0.34,-0.79,0.32,-0.05,0.41,0.79,0.34,NO_COMMENT,2018-08-16 00:00:00,3.0,q1_q17_dr25_tce,006/006037/006037581/dv/kplr006037581-003-20160209194854_dvs.pdf,q1_q17_dr25_sup_koi,q1_q17_dr25_koi,2454965.355,0.00381,-0.00381,006/006037/006037581/dv/kplr006037581-20160209194854_dvr.pdf,0,0,0,0,1652.5,765.44,-595.79,0.97398,0.10188,-0.43104,LS+MCMC,0.933,1
9153570,K02625.01,Kepler-1295 b,291.39786,0.0,19h25m35.49s,45.588558,0.0,+45d35m18.8s,16.491,,15.844,,15.632,,15.575,,14.563,0.032,14.227,0.039,14.092,0.051,15.89,,cumulative,Done,11111111111111111000000000000000,CONFIRMED,CANDIDATE,1,348.0,3.2230823,11.01746,0.8106,Claret (2011 A&A 529 75) ATLAS LS,0.0,0.0,0.2396,0.4415,Mandel and Agol (2002 ApJ 580 171),11.4,,,132.57465,0.00548,-0.00548,0.0,,,,,,1.37,0.32,-0.12,0.0464,,,0.306,0.145,-0.306,1.973,0.169,-0.169,,,,281.0,29.2,-29.2,3.81371423,2.544e-05,-2.544e-05,0.015334,0.000833,-0.001101,14.31,4.7,-4.7,88.78,,,1029.0,,,5547.0,166.0,-166.0,4.571,0.028,-0.152,-0.1,0.3,-0.3,0.82,0.188,-0.075,0.918,0.081,-0.102,,,,q1_q17_dr25_stellar,0.0,19.426494,2.9e-05,45.58959,0.00031,-1.1,1.1,3.7,1.1,0.00038,0.00031,-0.00103,0.00032,-0.81,0.67,-0.31,0.78,0.87,0.74,-0.8,0.59,-0.34,0.78,0.87,0.68,NO_COMMENT,2018-08-16 00:00:00,1.0,q1_q17_dr25_tce,009/009153/009153570/dv/kplr009153570-001-20160209194854_dvs.pdf,q1_q17_dr25_sup_koi,q1_q17_dr25_koi,2454965.575,0.00548,-0.00548,009/009153/009153570/dv/kplr009153570-20160209194854_dvr.pdf,0,0,0,0,264.63,185.31,-71.19,3.81156,1.24447,-1.7443,LS+MCMC,0.95,1
8410727,K01148.01,Kepler-270 b,282.2001,0.0,18h48m48.02s,44.422298,0.0,+44d25m20.3s,14.232,,13.841,,13.769,,13.66,,12.938,0.021,12.614,0.023,12.627,0.019,13.908,,cumulative,Done,11111111111111111000000000000000,CONFIRMED,CANDIDATE,2,120.0,4.4611506,23.003267,0.5141,Claret (2011 A&A 529 75) ATLAS LS,0.0,0.0,0.2891,0.3589,Mandel and Agol (2002 ApJ 580 171),27.7,,,135.39622,0.00365,-0.00365,0.0,,,,,,2.07,0.37,-0.37,0.1045,,,0.755,0.011,-0.543,5.046,0.111,-0.111,,,,182.3,7.1,-7.1,11.47609015,5.083e-05,-5.083e-05,0.013423,0.002793,-0.001102,11.78,4.8,-4.8,86.33,,,984.0,,,6071.0,121.0,-133.0,4.202,0.149,-0.122,0.1,0.15,-0.15,1.41,0.252,-0.252,1.156,0.104,-0.093,,,,q1_q17_dr25_stellar,1.0,18.813333,1.3e-05,44.42233,0.00014,-0.25,0.5,0.1,0.5,0.0,9.2e-05,0.0,9.2e-05,0.23,0.21,0.18,0.2,0.29,0.21,0.28,0.22,0.16,0.18,0.32,0.21,NO_COMMENT,2018-08-16 00:00:00,1.0,q1_q17_dr25_tce,008/008410/008410727/dv/kplr008410727-001-20160209194854_dvs.pdf,q1_q17_dr25_sup_koi,q1_q17_dr25_koi,2454968.396,0.00365,-0.00365,008/008410/008410727/dv/kplr008410727-20160209194854_dvr.pdf,0,0,0,0,221.34,111.44,-84.71,0.23497,0.48173,-0.03734,LS+MCMC,1.0,1
5952366,K03947.01,,289.27658,0.0,19h17m06.38s,41.259754,0.0,+41d15m35.1s,,,13.38,,17.88,,,,17.372,0.305,16.395,0.266,15.237,0.154,13.38,,cumulative,Done,11111111111111111000000000000000,FALSE POSITIVE,FALSE POSITIVE,2,1475.0,4.739108,26.05576,0.986,Claret (2011 A&A 529 75) ATLAS LS,0.0,0.0,0.2622,0.4035,Mandel and Agol (2002 ApJ 580 171),59.3,,,132.196318,0.000939,-0.000939,0.0,,,,,,35.74,0.0,0.0,0.0184,,,1.272,3.417,-0.105,2.1164,0.0478,-0.0478,,,,2299.0,45.3,-45.3,0.905679492,1.021e-06,-1.021e-06,0.327311,3.398386,-0.100526,1.793,0.878,-0.878,44.82,,,1882.0,,,5780.0,,,4.438,,,0.0,0.0,0.0,1.0,,,1.0,,,,,,Solar,0.001,19.2851616,8e-06,41.260087,8e-05,2.3,0.33,1.19,0.29,-0.00072,0.00042,-0.0005,0.00041,0.76,0.35,0.51,0.27,0.92,0.44,8.07,0.42,5.56,0.4,9.8,0.55,MOD_SEC_ALT---CENT_RESOLVED_OFFSET---HALO_GHOST---EPHEM_MATCH,2018-08-16 00:00:00,1.0,q1_q17_dr25_tce,005/005952/005952366/dv/kplr005952366-001-20160209194854_dvs.pdf,q1_q17_dr25_sup_koi,q1_q17_dr25_koi,2454965.196,0.000939,-0.000939,005/005952/005952366/dv/kplr005952366-20160209194854_dvr.pdf,0,1,1,1,2950.42,0.0,0.0,0.1329,2.92878,-0.02218,LS+MCMC,0.0,0
10810838,K00174.01,Kepler-482 b,296.82291,0.0,19h47m17.50s,48.107552,0.0,+48d06m27.2s,14.551,,13.716,,13.449,,13.227,,12.173,0.021,11.661,0.019,11.536,0.018,13.779,,cumulative,Done,11111101110111011000000000000000,CONFIRMED,CANDIDATE,1,19.0,15.571933,51.238586,0.758,Claret (2011 A&A 529 75) ATLAS LS,0.0,0.0,0.1196,0.6106,Mandel and Agol (2002 ApJ 580 171),59.4,,,144.83768,0.00136,-0.00136,0.0,,,,,,2.59,0.1,-0.16,0.2537,,,0.835,0.047,-0.572,3.4449,0.0661,-0.0661,,,,1037.0,20.2,-20.2,56.35407916,9.756e-05,-9.756e-05,0.033885,0.000141,-0.004432,76.2,34.8,-34.8,89.37,,,352.0,,,4802.0,96.0,-96.0,4.582,0.049,-0.017,-0.22,0.15,-0.15,0.701,0.027,-0.044,0.686,0.053,-0.026,,,,q1_q17_dr25_stellar,0.096,19.7882012,7e-06,48.107791,7.2e-05,0.28,0.25,0.87,0.26,-0.00018,0.00027,-0.00026,0.00028,0.1,0.15,-0.05,0.13,0.11,0.15,0.23,0.14,0.61,0.2,0.65,0.22,CENT_KIC_POS,2018-08-16 00:00:00,1.0,q1_q17_dr25_tce,010/010810/010810838/dv/kplr010810838-001-20160209194854_dvs.pdf,q1_q17_dr25_sup_koi,q1_q17_dr25_koi,2454977.838,0.00136,-0.00136,010/010810/010810838/dv/kplr010810838-20160209194854_dvr.pdf,0,0,0,0,3.63,0.61,-0.69,2.63903,9.64844,-0.08184,LS+MCMC,0.999,1
5380812,K06570.01,,296.56232,0.0,19h46m14.96s,40.590939,0.0,+40d35m27.4s,11.083,,10.867,,,,,,10.093,0.023,9.957,0.021,9.931,0.012,10.896,,cumulative,Done,11111111111111111000000000000000,CANDIDATE,CANDIDATE,1,23.0,9.640008,11.666008,,Claret (2011 A&A 529 75) ATLAS LS,0.0,0.0,0.3303,0.2666,Mandel and Agol (2002 ApJ 580 171),9.4,,,136.435,0.019,-0.019,0.0,,,,,,3.53,1.07,-1.23,0.1505,,,0.6311,0.3254,-0.428,4.149,0.676,-0.676,,,,161.7,23.4,-23.4,16.214474,0.0004365,-0.0004365,0.012247,0.000208,-0.001766,23.64,8.9,-8.9,88.24,,,1256.0,,,6801.0,200.0,-295.0,3.833,0.277,-0.277,0.06,0.2,-0.34,2.637,0.799,-0.917,1.727,0.258,-0.39,,,,stellar_q1_q17,0.006,19.7708211,2.3e-06,40.590965,2.5e-05,0.009,0.093,0.097,0.09,2e-05,0.00014,-8e-05,0.00018,-0.38,0.44,0.97,0.52,1.04,0.45,-0.49,0.42,1.25,0.51,1.34,0.58,EYEBALL---SATURATED,2018-08-16 00:00:00,4.0,q1_q17_dr24_tce,005/005380/005380812/dv/kplr005380812-004-20141002224145_dvs.pdf,q1_q17_dr25_sup_koi,q1_q17_dr24_koi,2454969.435,0.019,-0.019,005/005380/005380812/dv/kplr005380812-20141002224145_dvr.pdf,0,0,0,0,587.82,532.86,-378.39,0.9506,1.43775,-0.91008,MCMC,,1
3348090,K04112.01,,292.92432,0.0,19h31m41.84s,38.44228,0.0,+38d26m32.2s,13.788,,13.402,,13.326,,13.264,,12.4,0.021,12.155,0.021,12.114,0.023,13.464,,cumulative,Done,11111111111111111000000000000000,FALSE POSITIVE,FALSE POSITIVE,1,553.0,3.5316958,12.08656,0.0642,Claret (2011 A&A 529 75) ATLAS LS,0.0,0.0,0.312,0.2913,Mandel and Agol (2002 ApJ 580 171),14.9,,,132.89661,0.00444,-0.00444,0.0,,,,,,2.6,0.34,-1.03,0.0413,,,0.471,0.484,-0.264,2.088,0.153,-0.153,,,,60.5,4.7,-4.7,2.43585046,1.337e-05,-1.337e-05,0.007333,0.0002,-0.000508,7.96,3.6,-3.6,86.61,,,2544.0,,,6501.0,177.0,-196.0,3.613,0.328,-0.082,-0.22,0.35,-0.25,3.247,0.429,-1.288,1.579,0.209,-0.359,,,,q1_q17_dr25_stellar,0.0,19.529324,2.3e-05,38.43938,0.00028,43.84,0.97,-10.5,1.0,-0.002615,5.8e-05,0.000619,6e-05,9.75,0.15,-3.26,0.15,10.28,0.18,9.7,0.16,-3.1,0.17,10.18,0.2,CENT_RESOLVED_OFFSET,2018-08-16 00:00:00,1.0,q1_q17_dr25_tce,003/003348/003348090/dv/kplr003348090-001-20160209194854_dvs.pdf,q1_q17_dr25_sup_koi,q1_q17_dr25_koi,2454965.897,0.00444,-0.00444,003/003348/003348090/dv/kplr003348090-20160209194854_dvr.pdf,0,0,1,0,9880.82,4220.0,-6698.7,1.61063,0.72519,-0.65445,LS+MCMC,0.0,0
5959753,K00226.01,Kepler-496 b,291.6409,0.0,19h26m33.82s,41.241039,0.0,+41d14m27.7s,15.453,,14.764,,14.544,,14.414,,13.441,0.023,13.023,0.019,12.909,0.032,14.817,,cumulative,Done,11111111111111111000000000000000,CONFIRMED,CANDIDATE,1,162.0,7.1707487,56.046688,0.5603,Claret (2011 A&A 529 75) ATLAS LS,0.0,0.0,0.1451,0.582,Mandel and Agol (2002 ApJ 580 171),74.3,,,138.10788,0.00102,-0.00102,0.0,,,,,,2.42,0.11,-0.19,0.0747,,,0.333,0.098,-0.333,3.2747,0.0353,-0.0353,,,,836.1,12.7,-12.7,8.30865307,1.027e-05,-1.027e-05,0.026057,0.000409,-0.00075,18.82,4.0,-4.0,88.99,,,747.0,,,5022.0,80.0,-80.0,4.485,0.077,-0.033,0.18,0.15,-0.15,0.849,0.04,-0.066,0.804,0.052,-0.028,,,,q1_q17_dr25_stellar,0.002,19.4427149,5.9e-06,41.241024,5.7e-05,-0.45,0.24,-0.06,0.2,0.00031,0.00019,0.00024,0.00017,-0.034,0.092,0.093,0.092,0.099,0.092,0.053,0.094,0.344,0.093,0.348,0.093,NO_COMMENT,2018-08-16 00:00:00,1.0,q1_q17_dr25_tce,005/005959/005959753/dv/kplr005959753-001-20160209194854_dvs.pdf,q1_q17_dr25_sup_koi,q1_q17_dr25_koi,2454971.108,0.00102,-0.00102,005/005959/005959753/dv/kplr005959753-20160209194854_dvr.pdf,0,0,0,0,73.53,12.36,-14.88,1.82711,0.38397,-0.39749,LS+MCMC,1.0,1
9166700,K05632.01,,296.33813,0.0,19h45m21.15s,45.545109,0.0,+45d32m42.4s,11.423,,11.112,,11.039,,11.053,,10.289,0.02,10.089,0.019,10.031,0.015,11.154,,cumulative,Done,11111111111111111000000000000000,CANDIDATE,CANDIDATE,1,5.0,14.725141,29.013546,0.6588,Claret (2011 A&A 529 75) ATLAS LS,0.0,0.0,0.3103,0.2947,Mandel and Agol (2002 ApJ 580 171),27.0,,,134.96749,0.00516,-0.00516,0.0,,,,,,2.61,0.57,-0.31,0.8599,,,0.129,0.333,-0.128,6.371,0.145,-0.145,,,,437.3,18.6,-18.6,264.466625,0.00157,-0.00157,0.019316,0.000681,-0.000516,320.6,23.8,-23.8,89.98,,,346.0,,,6551.0,129.0,-194.0,4.337,0.073,-0.147,-0.1,0.25,-0.3,1.236,0.271,-0.146,1.213,0.135,-0.165,,,,q1_q17_dr25_stellar,0.701,19.7558721,8.7e-06,45.545077,9.3e-05,-0.1,0.33,-0.12,0.34,1e-05,0.00016,7e-05,0.00017,0.58,0.54,0.18,0.85,0.61,0.57,0.72,0.7,0.11,0.93,0.72,0.71,CENT_SATURATED,2018-08-16 00:00:00,1.0,q1_q17_dr25_tce,009/009166/009166700/dv/kplr009166700-001-20160209194854_dvs.pdf,q1_q17_dr25_sup_koi,q1_q17_dr25_koi,2454967.967,0.00516,-0.00516,009/009166/009166700/dv/kplr009166700-20160209194854_dvr.pdf,0,0,0,0,3.41,2.06,-1.06,8.91643,0.6618,-3.18788,LS+MCMC,0.928,1
5358241,K00829.02,Kepler-53 d,290.46176,0.0,19h21m50.82s,40.562462,0.0,+40d33m44.9s,15.867,,15.354,,15.179,,15.139,,14.252,0.027,13.906,0.032,13.807,0.051,15.386,,cumulative,Done,11111111111111111000000000000000,CONFIRMED,CANDIDATE,3,132.0,4.4869766,24.258644,0.3894,Claret (2011 A&A 529 75) ATLAS LS,0.0,0.0,0.2555,0.4191,Mandel and Agol (2002 ApJ 580 171),28.5,,,138.78608,0.0036,-0.0036,0.0,,,,,,2.76,0.43,-0.24,0.0902,,,0.949,0.028,-0.673,4.793,0.181,-0.181,,,,418.0,16.2,-16.2,9.75192101,4.829e-05,-4.829e-05,0.024042,0.000898,-0.005325,6.05,3.0,-3.0,80.97,,,870.0,,,5775.0,78.0,-78.0,4.405,0.066,-0.123,0.16,0.15,-0.15,1.053,0.161,-0.094,1.026,0.062,-0.062,,,,q1_q17_dr25_stellar,0.482,19.364104,1.2e-05,40.5626,0.00011,-0.58,0.48,0.5,0.4,-0.00013,0.0002,6e-05,0.00017,0.16,0.18,0.03,0.25,0.16,0.17,-0.06,0.14,0.41,0.2,0.42,0.19,NO_COMMENT,2018-08-16 00:00:00,3.0,q1_q17_dr25_tce,005/005358/005358241/dv/kplr005358241-003-20160209194854_dvs.pdf,q1_q17_dr25_sup_koi,q1_q17_dr25_koi,2454971.786,0.0036,-0.0036,005/005358/005358241/dv/kplr005358241-20160209194854_dvr.pdf,0,0,0,0,135.66,54.6,-29.09,0.044,1.05774,-0.03392,LS+MCMC,0.998,1
5966154,K00655.02,Kepler-201 c,293.62604,0.0,19h34m30.25s,41.27282,0.0,+41d16m22.2s,13.312,,12.958,,12.872,,12.868,,12.037,0.02,11.784,0.022,11.737,0.02,13.004,,cumulative,Done,11111111111111111000000000000000,CONFIRMED,CANDIDATE,2,10.0,12.480151,34.665714,0.188,Claret (2011 A&A 529 75) ATLAS LS,0.0,0.0,0.2826,0.3729,Mandel and Agol (2002 ApJ 580 171),46.3,,,176.41272,0.00589,-0.00589,0.0,,,,,,2.47,0.39,-0.23,0.5855,,,0.788,0.126,-0.552,12.091,0.152,-0.152,,,,360.6,8.1,-8.1,151.8851881,0.0009564,-0.0009564,0.019153,0.0019,-0.001674,62.0,30.9,-30.9,89.27,,,378.0,,,6034.0,109.0,-133.0,4.359,0.063,-0.117,0.24,0.15,-0.15,1.179,0.187,-0.109,1.164,0.073,-0.089,,,,q1_q17_dr25_stellar,0.095,19.5750671,8.4e-06,41.272802,8.4e-05,-0.09,0.34,-0.06,0.3,9e-05,0.00012,0.00011,0.00011,-0.28,0.44,-0.54,0.4,0.61,0.41,-0.26,0.44,-0.46,0.4,0.53,0.41,NO_COMMENT,2018-08-16 00:00:00,2.0,q1_q17_dr25_tce,005/005966/005966154/dv/kplr005966154-002-20160209194854_dvs.pdf,q1_q17_dr25_sup_koi,q1_q17_dr25_koi,2455009.413,0.00589,-0.00589,005/005966/005966154/dv/kplr005966154-20160209194854_dvr.pdf,0,0,0,0,4.81,2.13,-1.19,0.19534,0.48608,-0.02576,LS+MCMC,0.97,1
5372966,K00832.01,,294.74396,0.0,19h38m58.55s,40.53392,0.0,+40d32m02.1s,15.946,,15.348,,15.115,,14.988,,14.031,0.031,13.602,0.039,13.551,0.043,15.365,,cumulative,Done,11111011101110111000000000000000,FALSE POSITIVE,FALSE POSITIVE,1,117.0,230.37978,1748.3405,0.0415,Claret (2011 A&A 529 75) ATLAS LS,0.0,0.0,0.2865,0.3556,Mandel and Agol (2002 ApJ 580 171),1671.1,,,171.8214689,4.5e-05,-4.5e-05,0.0,,,,,,17.61,4.05,-1.87,0.081,,,0.377,0.009,-0.009,3.49949,0.00533,-0.00533,,,,44791.4,32.8,-32.8,9.286358079,5.46e-07,-5.46e-07,0.19639,0.000186,-0.00022,23.029,0.266,-0.266,89.06,,,796.0,,,5670.0,169.0,-169.0,4.523,0.066,-0.154,-0.4,0.3,-0.3,0.821,0.189,-0.087,0.82,0.106,-0.071,,,,q1_q17_dr25_stellar,0.0,19.64959487,1.6e-07,40.533934,2e-06,-0.1283,0.0067,0.0505,0.0072,-0.0022,0.0041,-0.0112,0.0054,-0.01,0.067,0.06,0.068,0.061,0.068,-0.097,0.069,-0.041,0.068,0.105,0.069,MOD_SEC_DV---MOD_SEC_ALT---HAS_SEC_TCE,2018-08-16 00:00:00,1.0,q1_q17_dr25_tce,005/005372/005372966/dv/kplr005372966-001-20160209194854_dvs.pdf,q1_q17_dr25_sup_koi,q1_q17_dr25_koi,2455004.821,4.5e-05,-4.5e-05,005/005372/005372966/dv/kplr005372966-20160209194854_dvr.pdf,0,1,0,0,95.03,66.72,-27.73,2.67897,0.03093,-0.03305,LS+MCMC,0.0,0
10854546,K02104.01,Kepler-1099 b,288.74994,0.0,19h14m59.99s,48.277168,0.0,+48d16m37.8s,15.606,,15.106,,14.941,,14.939,,14.097,0.028,13.728,0.036,13.697,0.046,15.141,,cumulative,Done,11111111111111111000000000000000,CONFIRMED,CANDIDATE,1,623.0,4.5342307,37.689274,0.8481,Claret (2011 A&A 529 75) ATLAS LS,0.0,0.0,0.3029,0.3239,Mandel and Agol (2002 ApJ 580 171),45.5,,,132.14107,0.00106,-0.00106,0.0,,,,,,2.41,0.8,-0.34,0.0337,,,0.207,0.256,-0.207,1.458,0.0366,-0.0366,,,,466.9,12.3,-12.3,2.168451063,2.811e-06,-2.811e-06,0.019923,0.000451,-0.000561,11.36,1.4,-1.4,88.96,,,1558.0,,,6153.0,193.0,-236.0,4.382,0.087,-0.217,0.02,0.25,-0.3,1.109,0.366,-0.157,1.077,0.181,-0.12,,,,q1_q17_dr25_stellar,0.015,19.249985,1e-05,48.277252,8.7e-05,-0.43,0.37,0.29,0.31,0.0003,0.00018,-0.00016,0.00015,-0.03,0.11,0.03,0.1,0.04,0.1,0.036,0.087,-0.03,0.11,0.05,0.11,NO_COMMENT,2018-08-16 00:00:00,1.0,q1_q17_dr25_tce,010/010854/010854546/dv/kplr010854546-001-20160209194854_dvs.pdf,q1_q17_dr25_sup_koi,q1_q17_dr25_koi,2454965.141,0.00106,-0.00106,010/010854/010854546/dv/kplr010854546-20160209194854_dvr.pdf,0,0,0,0,1389.18,1391.38,-513.74,5.9055,0.74713,-1.94161,LS+MCMC,1.0,1
3859363,K02887.01,,293.81381,0.0,19h35m15.31s,38.926201,0.0,+38d55m34.3s,15.554,,15.072,,14.913,,14.847,,13.939,0.026,13.631,0.028,13.658,0.046,15.105,,cumulative,Done,11111011101110111000000000000000,FALSE POSITIVE,FALSE POSITIVE,1,683.0,4.4989796,16.992588,0.0643,Claret (2011 A&A 529 75) ATLAS LS,0.0,0.0,0.3058,0.3071,Mandel and Agol (2002 ApJ 580 171),43.3,,,131.64081,0.00619,-0.00619,0.0,,,,,,23.41,7.29,-2.61,0.0266,,,1.198,0.206,-0.116,11.591,0.881,-0.881,,,,280.6,8.5,-8.5,1.56859048,1.162e-05,-1.162e-05,0.213988,0.200321,-0.117467,1.221,0.605,-0.605,11.22,,,1693.0,,,6248.0,175.0,-241.0,4.442,0.07,-0.21,-0.3,0.25,-0.3,1.002,0.312,-0.112,1.008,0.147,-0.12,,,,q1_q17_dr25_stellar,0.0,19.587117,2.1e-05,38.89781,0.00026,-19.8,0.88,-102.21,0.95,0.00382,0.00017,0.01945,0.00018,-4.052,0.091,-9.48,0.17,10.31,0.14,-3.715,0.086,-9.54,0.18,10.24,0.17,MOD_NONUNIQ_ALT---CENT_RESOLVED_OFFSET,2018-08-16 00:00:00,1.0,q1_q17_dr25_tce,003/003859/003859363/dv/kplr003859363-001-20160209194854_dvs.pdf,q1_q17_dr25_sup_koi,q1_q17_dr25_koi,2454964.641,0.00619,-0.00619,003/003859/003859363/dv/kplr003859363-20160209194854_dvr.pdf,1,0,1,0,1935.28,1781.67,-630.75,0.01401,0.00694,-0.00507,LS+MCMC,0.001,0
4540632,K06422.01,,284.04434,0.0,18h56m10.64s,39.661469,0.0,+39d39m41.3s,15.8,,14.929,,14.645,,14.483,,13.359,0.024,12.86,0.025,12.733,0.027,14.991,,cumulative,Done,11110111011101110000000000000000,FALSE POSITIVE,FALSE POSITIVE,1,0.0,2609.7896,9099.94,-1.0,Claret (2011 A&A 529 75) ATLAS LS,0.0,0.0,0.1591,0.5627,Mandel and Agol (2002 ApJ 580 171),1236.1,,,150.8616525,5.85e-05,-5.85e-05,0.0,,,,,,141.82,81.65,-89.75,0.1881,,,0.305,0.011,-0.006,3.073,0.0023,-0.0023,,,,560314.0,238.0,-238.0,31.005392846,2.187e-06,-2.187e-06,0.728004,0.000755,-0.00547,131.1,1.1,-1.1,89.87,,,682.0,,,5023.0,151.0,-151.0,3.9,0.7,-0.3,0.04,0.25,-0.25,1.784,1.027,-1.129,0.921,0.185,-0.151,,,,q1_q17_dr25_stellar,0.0,18.936277001,3.5e-08,39.66136804,3.5e-07,-0.4863,0.0015,-0.3671,0.0013,0.02,0.58,0.0,0.76,0.016,0.067,0.012,0.067,0.02,0.067,-0.124,0.071,-0.141,0.069,0.188,0.07,MOD_SEC_ALT---MOD_ODDEVEN_ALT---HAS_SEC_TCE---CENT_NOFITS,2018-08-16 00:00:00,1.0,q1_q17_dr25_tce,004/004540/004540632/dv/kplr004540632-001-20160209194854_dvs.pdf,q1_q17_dr25_sup_koi,q1_q17_dr25_koi,2454983.862,5.85e-05,-5.85e-05,004/004540/004540632/dv/kplr004540632-20160209194854_dvr.pdf,0,1,0,0,51.25,91.99,-45.14,44.34222,0.37141,-0.87841,LS+MCMC,0.0,0
8456679,K00102.01,Kepler-1990 b,299.70474,0.0,19h58m49.14s,44.435749,0.0,+44d26m08.7s,12.991,,12.576,,12.384,,12.357,,11.398,0.044,11.124,0.052,11.055,0.039,12.566,,cumulative,Done,11111111111111111000000000000000,CONFIRMED,CANDIDATE,2,772.0,25.635942,432.8909,1.0,Claret (2011 A&A 529 75) ATLAS LS,0.0,0.0,0.2555,0.4191,Mandel and Agol (2002 ApJ 580 171),473.2,,,135.060047,0.000136,-0.000136,0.0,,,,,,3.27,0.54,-0.33,0.0286,,,0.045,0.192,-0.045,2.2741,0.00554,-0.00554,,,,952.6,2.3,-2.3,1.73513619,2.82e-07,-2.82e-07,0.027957,0.000181,-6.5e-05,6.0158,0.0236,-0.0236,89.57,,,1554.0,,,5751.0,103.0,-114.0,4.391,0.08,-0.12,0.21,0.15,-0.15,1.071,0.177,-0.109,1.028,0.074,-0.067,,,,q1_q17_dr25_stellar,0.0,19.9803178,1e-06,44.435397,1.6e-05,0.042,0.039,-1.27,0.057,0.00014,3.7e-05,-0.001065,5.4e-05,-0.37,0.31,2.24,0.7,2.27,0.69,0.03,0.071,-0.065,0.078,0.072,0.074,CENT_KIC_POS,2018-08-16 00:00:00,1.0,q1_q17_dr25_tce,008/008456/008456679/dv/kplr008456679-001-20160209194854_dvs.pdf,q1_q17_dr25_sup_koi,q1_q17_dr25_koi,2454968.06,0.000136,-0.000136,008/008456/008456679/dv/kplr008456679-20160209194854_dvr.pdf,0,0,0,0,1372.87,628.45,-350.48,1.36796,0.00537,-0.2376,LS+MCMC,1.0,1
7379385,K02207.01,,296.4201,0.0,19h45m40.82s,42.936989,0.0,+42d56m13.2s,14.996,,14.509,,14.355,,14.273,,13.401,0.024,13.136,0.021,13.055,0.029,14.548,,cumulative,Done,11111111111111111000000000000000,FALSE POSITIVE,FALSE POSITIVE,1,21.0,8.811019,18.798174,0.0261,Claret (2011 A&A 529 75) ATLAS LS,0.0,0.0,0.3058,0.3071,Mandel and Agol (2002 ApJ 580 171),39.5,,,171.7451,0.0157,-0.0157,0.0,,,,,,2.44,0.74,-0.31,0.3222,,,0.938,0.028,-0.576,25.01,1.2,-1.2,,,,379.1,11.0,-11.0,67.230028,0.001448,-0.001448,0.02202,0.00051,-0.003668,8.38,4.1,-4.1,83.57,,,482.0,,,6157.0,171.0,-213.0,4.418,0.087,-0.203,-0.3,0.3,-0.3,1.016,0.305,-0.131,0.985,0.14,-0.115,,,,q1_q17_dr25_stellar,0.0,19.761591,1.2e-05,42.95505,0.00018,9.87,0.47,65.02,0.65,-0.00325,0.00016,-0.02164,0.00022,1.403,0.077,7.66,0.1,7.79,0.1,1.46,0.12,7.72,0.097,7.857,0.098,MOD_SEC_DV---MOD_SEC_ALT---CENT_RESOLVED_OFFSET,2018-08-16 00:00:00,1.0,q1_q17_dr25_tce,007/007379/007379385/dv/kplr007379385-001-20160209194854_dvs.pdf,q1_q17_dr25_sup_koi,q1_q17_dr25_koi,2455004.745,0.0157,-0.0157,007/007379/007379385/dv/kplr007379385-20160209194854_dvr.pdf,0,1,1,0,12.79,11.33,-4.36,0.00246,0.03715,-0.00139,LS+MCMC,0.0,0
9771576,K08185.01,,292.2626,0.0,19h29m03.02s,46.571239,0.0,+46d34m16.5s,15.611,,14.907,,14.69,,14.577,,13.544,0.022,13.159,0.018,13.07,0.033,14.966,,cumulative,Done,11111111111111111000000000000000,FALSE POSITIVE,FALSE POSITIVE,1,3.0,11.234146,11.356028,0.0485,Claret (2011 A&A 529 75) ATLAS LS,0.0,0.0,0.2043,0.4966,Mandel and Agol (2002 ApJ 580 171),13.7,,,481.1929,0.0367,-0.0367,0.0,,,,,,21.25,3.36,-1.82,1.0054,,,1.219,6.74,-0.205,21.6,2.6,-2.6,,,,893.9,86.9,-86.9,398.71694,0.02609,-0.02609,0.252342,6.729712,-0.197226,40.7,19.8,-19.8,88.28,,,205.0,,,5303.0,159.0,-143.0,4.594,0.035,-0.105,-0.12,0.3,-0.3,0.771,0.122,-0.066,0.861,0.07,-0.096,,,,q1_q17_dr25_stellar,0.0,19.484302,4.6e-05,46.57032,0.00031,4.8,1.7,-3.3,1.1,-0.0051,0.0018,0.0034,0.0012,,,,,,,,,,,,,MOD_NONUNIQ_ALT---INCONSISTENT_TRANS---CENT_FEW_DIFFS,2018-08-16 00:00:00,1.0,q1_q17_dr25_tce,009/009771/009771576/dv/kplr009771576-001-20160209194854_dvs.pdf,q1_q17_dr25_sup_koi,q1_q17_dr25_koi,2455314.193,0.0367,-0.0367,009/009771/009771576/dv/kplr009771576-20160209194854_dvr.pdf,1,0,0,0,0.42,0.21,-0.11,0.00801,0.10146,-0.00421,LS+MCMC,0.001,0
5364071,K00248.04,Kepler-49 e,292.29459,0.0,19h29m10.70s,40.591789,0.0,+40d35m30.4s,16.628,,15.264,,14.68,,14.342,,13.184,0.021,12.487,0.023,12.383,0.023,15.264,,cumulative,Done,11111111111111111000000000000000,CONFIRMED,CANDIDATE,4,61.0,6.3871775,20.641129,0.4977,Claret (2011 A&A 529 75) ATLAS LS,0.0,0.0,0.3037,0.4224,Mandel and Agol (2002 ApJ 580 171),27.6,,,141.26331,0.00209,-0.00209,0.0,,,,,,1.53,0.08,-0.12,0.112,,,0.014,0.387,-0.014,2.3052,0.0599,-0.0599,,,,813.8,31.5,-31.5,18.59611518,4.871e-05,-4.871e-05,0.025959,0.000896,-0.000537,63.23,4.7,-4.7,89.99,,,371.0,,,3834.0,77.0,-84.0,4.708,0.045,-0.021,-0.02,0.15,-0.15,0.539,0.03,-0.041,0.541,0.037,-0.037,,,,q1_q17_dr25_stellar,0.753,19.486294,1.1e-05,40.59176,0.00011,-0.51,0.44,-0.12,0.38,0.00016,0.00036,6e-05,0.00032,-0.15,0.11,-0.58,0.39,0.6,0.38,-0.3,0.16,-0.62,0.36,0.69,0.34,NO_COMMENT,2018-08-16 00:00:00,4.0,q1_q17_dr25_tce,005/005364/005364071/dv/kplr005364071-004-20160209194854_dvs.pdf,q1_q17_dr25_sup_koi,q1_q17_dr25_koi,2454974.263,0.00209,-0.00209,005/005364/005364071/dv/kplr005364071-20160209194854_dvr.pdf,0,0,0,0,4.48,0.92,-0.98,13.82558,1.02952,-4.24196,LS+MCMC,0.999,1
8156120,K00318.01,Kepler-522 b,288.15399,0.0,19h12m36.96s,44.068821,0.0,+44d04m07.8s,12.468,,12.148,,12.101,,12.084,,11.302,0.021,11.092,0.022,11.068,0.011,12.211,,cumulative,Done,11111111111111111000000000000000,CONFIRMED,CANDIDATE,1,35.0,17.112991,73.746,0.3669,Claret (2011 A&A 529 75) ATLAS LS,0.0,0.0,0.3077,0.344,Mandel and Agol (2002 ApJ 580 171),46.1,,,174.84868,0.00578,-0.00578,0.0,,,,,,8.56,1.57,-1.92,0.2551,,,0.905,0.032,-0.072,12.391,0.639,-0.639,,,,1388.2,36.3,-36.3,38.5833679,0.0003134,-0.0003134,0.040669,0.000804,-0.002809,12.24,5.2,-5.2,85.76,,,761.0,,,6273.0,113.0,-126.0,4.04,0.174,-0.116,0.44,0.05,-0.15,1.927,0.353,-0.431,1.486,0.126,-0.154,,,,q1_q17_dr25_stellar,,19.21026761,8e-07,44.0688266,9.2e-06,0.063,0.031,0.024,0.033,,,2.3e-05,9.9e-05,0.08,0.11,-0.03,0.1,0.09,0.11,0.08,0.11,-0.08,0.15,0.11,0.11,NO_COMMENT,2018-08-16 00:00:00,1.0,q1_q17_dr25_tce,008/008156/008156120/dv/kplr008156120-001-20160209194854_dvs.pdf,q1_q17_dr25_sup_koi,q1_q17_dr25_koi,2455007.849,0.00578,-0.00578,008/008156/008156120/dv/kplr008156120-20160209194854_dvr.pdf,0,0,0,0,79.08,39.82,-35.14,0.02329,0.01987,-0.0144,LS+MCMC,0.987,1
5091479,K07715.01,,289.44324,0.0,19h17m46.38s,40.253529,0.0,+40d15m12.7s,15.646,,15.142,,14.985,,14.895,,14.009,0.027,13.683,0.037,13.675,0.046,15.183,,cumulative,Done,11111111111111111000000000000000,CANDIDATE,CANDIDATE,1,52.0,3.3359299,7.249173,0.0014,Claret (2011 A&A 529 75) ATLAS LS,0.0,0.0,0.2965,0.3342,Mandel and Agol (2002 ApJ 580 171),8.5,,,140.2048,0.0288,-0.0288,0.0,,,,,,1.12,0.32,-0.11,0.1685,,,0.855,0.122,-0.606,7.78,1.0,-1.0,,,,123.0,19.7,-19.7,25.8616058,0.0008569,-0.0008569,0.011557,3.8e-05,-0.001836,13.76,6.9,-6.9,86.44,,,613.0,,,6067.0,164.0,-201.0,4.524,0.052,-0.208,-0.38,0.3,-0.3,0.884,0.26,-0.087,0.954,0.106,-0.118,,,,q1_q17_dr25_stellar,0.626,19.296199,3.3e-05,40.25329,0.00044,-0.7,1.4,-0.9,1.6,9e-05,0.00017,7e-05,0.0002,-0.23,0.76,-0.79,0.94,0.82,0.92,-0.2,0.76,-0.74,0.92,0.76,0.91,NO_COMMENT,2018-08-16 00:00:00,1.0,q1_q17_dr25_tce,005/005091/005091479/dv/kplr005091479-001-20160209194854_dvs.pdf,q1_q17_dr25_sup_koi,q1_q17_dr25_koi,2454973.205,0.0288,-0.0288,005/005091/005091479/dv/kplr005091479-20160209194854_dvr.pdf,0,0,0,0,33.37,28.82,-9.66,0.07364,1.14008,-0.05852,LS+MCMC,0.622,1
5020034,K03688.01,,294.30389,0.0,19h37m12.93s,40.192558,0.0,+40d11m33.2s,16.301,,15.813,,15.603,,15.466,,14.643,0.036,14.252,0.039,14.208,0.068,15.812,,cumulative,Done,00000001101110111000000000000000,FALSE POSITIVE,FALSE POSITIVE,1,284.0,267.4847,1967.3052,0.6508,Claret (2011 A&A 529 75) ATLAS LS,0.0,0.0,0.3105,0.2893,Mandel and Agol (2002 ApJ 580 171),347.3,,,132.58903,0.00123,-0.00123,0.0,,,,,,77.23,21.38,-21.39,0.0329,,,0.933,0.039,-0.023,7.5384,0.0365,-0.0365,,,,124646.0,434.0,-434.0,2.119107262,2.572e-06,-2.572e-06,0.496971,0.028965,-0.016396,2.7691,0.0854,-0.0854,70.31,,,1851.0,,,6381.0,177.0,-244.0,4.155,0.246,-0.164,-0.36,0.3,-0.3,1.423,0.394,-0.394,1.055,0.167,-0.152,,,,q1_q17_dr25_stellar,0.0,19.620316123,3.7e-08,40.19314057,4.5e-07,2.3439,0.0015,2.09,0.0016,0.063,0.057,0.058,0.074,-5.301,0.073,-4.382,0.069,6.878,0.075,-0.156,0.068,-0.117,0.067,0.195,0.068,SWEET_EB---MOD_SEC_ALT---DEEP_V_SHAPED---CENT_KIC_POS,2018-08-16 00:00:00,1.0,q1_q17_dr25_tce,005/005020/005020034/dv/kplr005020034-001-20160209194854_dvs.pdf,q1_q17_dr25_sup_koi,q1_q17_dr25_koi,2454965.589,0.00123,-0.00123,005/005020/005020034/dv/kplr005020034-20160209194854_dvr.pdf,0,1,0,0,2775.75,2273.32,-1533.89,0.08945,0.00276,-0.00178,LS+MCMC,0.0,0
4178606,K02728.01,Kepler-1326 b,296.22214,0.0,19h44m53.31s,39.268959,0.0,+39d16m08.3s,13.067,,12.781,,12.737,,12.735,,11.952,0.023,11.733,0.02,11.7,0.017,12.852,,cumulative,Done,11111011101110111000000000000000,CONFIRMED,CANDIDATE,1,25.0,7.970776,25.312183,0.4048,Claret (2011 A&A 529 75) ATLAS LS,0.0,0.0,0.318,0.2734,Mandel and Agol (2002 ApJ 580 171),30.5,,,131.61246,0.00582,-0.00582,0.0,,,,,,6.3,1.13,-2.09,0.2743,,,0.659,0.276,-0.441,7.773,0.169,-0.169,,,,512.6,19.3,-19.3,42.3520039,0.0003318,-0.0003318,0.021934,0.003715,-0.001015,32.5,11.5,-11.5,88.84,,,938.0,,,6864.0,184.0,-225.0,3.783,0.285,-0.095,-0.16,0.3,-0.25,2.632,0.471,-0.875,1.535,0.219,-0.267,,,,q1_q17_dr25_stellar,0.285,19.7481379,4.1e-06,39.268966,5.2e-05,-0.2,0.17,0.02,0.19,0.0001,0.00011,-2e-05,0.00012,0.05,0.18,-0.33,0.19,0.33,0.19,0.08,0.18,-0.27,0.17,0.28,0.2,NO_COMMENT,2018-08-16 00:00:00,1.0,q1_q17_dr25_tce,004/004178/004178606/dv/kplr004178606-001-20160209194854_dvs.pdf,q1_q17_dr25_sup_koi,q1_q17_dr25_koi,2454964.612,0.00582,-0.00582,004/004178/004178606/dv/kplr004178606-20160209194854_dvr.pdf,0,0,0,0,182.91,99.7,-111.57,0.3625,0.38463,-0.25245,LS+MCMC,0.999,1
3330684,K04533.01,,288.11703,0.0,19h12m28.09s,38.437733,0.0,+38d26m15.8s,17.219,,15.904,,15.359,,,,11.201,0.023,10.647,0.022,10.311,0.017,15.918,,cumulative,Done,11111111111111111000000000000000,FALSE POSITIVE,FALSE POSITIVE,1,1059.0,4.16659,9.864657,0.9469,Claret (2011 A&A 529 75) ATLAS LS,0.0,0.0,0.366,0.3573,Mandel and Agol (2002 ApJ 580 171),9.9,,,132.4274,0.00393,-0.00393,0.0,,,,,,0.14,0.0,0.0,0.0108,,,0.289,0.177,-0.289,1.244,0.117,-0.117,,,,109.7,10.5,-10.5,1.26132769,6.672e-06,-6.672e-06,0.009772,0.00047,-0.000642,7.52,1.0,-1.0,87.8,,,447.0,,,2900.0,0.0,0.0,5.224,0.0,0.0,0.0,0.0,0.0,0.132,0.0,0.0,0.107,0.0,0.0,,,,q1_q17_dr25_stellar,0.0,19.208032,2.6e-05,38.43439,0.00031,9.7,1.1,-12.0,1.1,-0.000522,9.2e-05,0.000794,9e-05,3.04,0.16,-3.53,0.2,4.66,0.23,6.43,0.12,-5.85,0.15,8.69,0.15,CENT_RESOLVED_OFFSET,2018-08-16 00:00:00,1.0,q1_q17_dr25_tce,003/003330/003330684/dv/kplr003330684-001-20160209194854_dvs.pdf,q1_q17_dr25_sup_koi,q1_q17_dr25_koi,2454965.427,0.00393,-0.00393,003/003330/003330684/dv/kplr003330684-20160209194854_dvr.pdf,0,0,1,0,9.46,0.0,0.0,5.05732,0.68193,-3.07859,LS+MCMC,0.001,0
5959719,K02498.01,Kepler-390 b,291.62878,0.0,19h26m30.91s,41.208599,0.0,+41d12m31.0s,14.559,,13.907,,13.678,,13.572,,12.584,0.021,12.194,0.018,12.075,0.023,13.942,,cumulative,Done,11111111111111111000000000000000,CONFIRMED,CANDIDATE,2,199.0,5.2868323,12.782846,0.7838,Claret (2011 A&A 529 75) ATLAS LS,0.0,0.0,0.2043,0.4966,Mandel and Agol (2002 ApJ 580 171),14.4,,,133.32953,0.0058,-0.0058,0.0,,,,,,0.73,0.04,-0.04,0.0647,,,0.148,0.321,-0.148,2.591,0.158,-0.158,,,,92.9,7.5,-7.5,6.73808701,4.473e-05,-4.473e-05,0.008644,0.000605,-0.000326,19.83,3.3,-3.3,89.57,,,786.0,,,5168.0,102.0,-102.0,4.566,0.036,-0.048,-0.12,0.15,-0.15,0.769,0.049,-0.04,0.793,0.045,-0.045,,,,q1_q17_dr25_stellar,0.0,19.441879,2.2e-05,41.20923,0.00025,-1.56,0.91,2.27,0.89,0.000147,7.9e-05,-0.000137,7.7e-05,-0.12,0.42,0.52,0.53,0.53,0.5,0.01,0.19,0.99,0.56,0.99,0.56,CENT_KIC_POS,2018-08-16 00:00:00,1.0,q1_q17_dr25_tce,005/005959/005959719/dv/kplr005959719-001-20160209194854_dvs.pdf,q1_q17_dr25_sup_koi,q1_q17_dr25_koi,2454966.33,0.0058,-0.0058,005/005959/005959719/dv/kplr005959719-20160209194854_dvr.pdf,0,0,0,0,90.19,20.15,-15.35,3.24733,0.5358,-1.48562,LS+MCMC,0.922,1
10785538,K01313.01,,286.66568,0.0,19h06m39.76s,48.144581,0.0,+48d08m40.5s,13.766,,13.292,,13.162,,13.118,,12.229,0.023,11.921,0.023,11.857,0.028,13.343,,cumulative,Done,11111110111011101000000000000000,FALSE POSITIVE,FALSE POSITIVE,1,2046.0,3.3603704,10.736804,0.8438,Claret (2011 A&A 529 75) ATLAS LS,0.0,0.0,0.2965,0.3342,Mandel and Agol (2002 ApJ 580 171),48.2,,,133.751976,0.000654,-0.000654,0.0,,,,,,1.52,0.43,-0.19,0.0125,,,0.967,0.033,-0.715,0.8907,0.022,-0.022,,,,143.8,4.2,-4.2,0.522457732,4.4e-07,-4.4e-07,0.014601,0.000683,-0.003175,1.695,0.839,-0.839,55.24,,,2308.0,,,5991.0,162.0,-180.0,4.459,0.084,-0.196,-0.26,0.3,-0.3,0.954,0.272,-0.117,0.956,0.122,-0.111,,,,q1_q17_dr25_stellar,,,,,,,,,,,,,,5.573,0.072,-0.569,0.077,5.602,0.072,5.557,0.072,-0.39,0.076,5.571,0.072,MOD_SEC_DV---MOD_SEC_ALT---CENT_RESOLVED_OFFSET---HALO_GHOST,2018-08-16 00:00:00,1.0,q1_q17_dr25_tce,010/010785/010785538/dv/kplr010785538-001-20160209194854_dvs.pdf,q1_q17_dr25_sup_koi,q1_q17_dr25_koi,2454966.752,0.000654,-0.000654,010/010785/010785538/dv/kplr010785538-20160209194854_dvr.pdf,0,1,1,0,6715.55,5624.49,-2140.01,0.33771,8.01855,-0.2834,LS+MCMC,0.0,0
8081389,K06958.01,,284.62198,0.0,18h58m29.28s,43.971981,0.0,+43d58m19.1s,14.187,,13.924,,13.843,,13.884,,12.907,0.022,12.56,0.021,12.549,0.027,13.99,,cumulative,Done,11111111111111111000000000000000,FALSE POSITIVE,FALSE POSITIVE,1,904.0,2015.1447,19628.61,0.0003,Claret (2011 A&A 529 75) ATLAS LS,0.0,0.0,0.3259,0.2559,Mandel and Agol (2002 ApJ 580 171),2309.2,,,132.0042975,5.16e-05,-5.16e-05,0.0,,,,,,115.45,36.34,-27.22,0.0282,,,0.455,0.006,-0.006,5.51392,0.00269,-0.00269,,,,417901.0,121.0,-121.0,1.489442254,9.2e-08,-9.2e-08,0.652608,0.001914,-0.003021,3.4405,0.0329,-0.0329,82.4,,,2328.0,,,6962.0,192.0,-288.0,4.148,0.162,-0.198,-0.24,0.25,-0.3,1.62,0.51,-0.382,1.352,0.202,-0.224,,,,q1_q17_dr25_stellar,,18.974798228,7e-09,43.9719645,8e-08,0.00886,0.00029,-0.05579,0.0003,,,-0.1,0.79,0.006,0.067,0.077,0.067,0.078,0.067,0.047,0.067,-0.11,0.068,0.12,0.068,SWEET_EB---MOD_SEC_DV---MOD_SEC_ALT---DEEP_V_SHAPED---HAS_SEC_TCE,2018-08-16 00:00:00,1.0,q1_q17_dr25_tce,008/008081/008081389/dv/kplr008081389-001-20160209194854_dvs.pdf,q1_q17_dr25_sup_koi,q1_q17_dr25_koi,2454965.004,5.16e-05,-5.16e-05,008/008081/008081389/dv/kplr008081389-20160209194854_dvr.pdf,0,1,0,0,6938.66,6435.44,-3516.54,0.34728,0.00332,-0.00195,LS+MCMC,0.0,0
3248019,K01759.01,,294.59683,0.0,19h38m23.24s,38.37014,0.0,+38d22m12.5s,15.843,,15.352,,15.191,,15.072,,14.189,0.031,13.864,0.044,13.875,0.059,15.387,,cumulative,Done,00111011101110111000000000000000,FALSE POSITIVE,FALSE POSITIVE,1,712.0,189.39723,2790.9045,0.0,Claret (2011 A&A 529 75) ATLAS LS,0.0,0.0,0.3058,0.3071,Mandel and Agol (2002 ApJ 580 171),1334.6,,,132.3674913,6.38e-05,-6.38e-05,0.0,,,,,,44.9,14.05,-7.01,0.0238,,,0.986,0.179,-0.014,3.14624,0.00279,-0.00279,,,,61690.8,26.1,-26.1,1.334104585,9.8e-08,-9.8e-08,0.379633,0.141892,-0.010959,3.325,0.283,-0.283,72.75,,,1880.0,,,6319.0,198.0,-242.0,4.373,0.105,-0.195,-0.32,0.25,-0.3,1.083,0.339,-0.169,1.007,0.158,-0.115,,,,q1_q17_dr25_stellar,0.0,19.639819234,5.2e-08,38.36978915,6.3e-07,1.2927,0.0022,-1.263,0.0023,0.0463,0.0085,-0.037,0.011,-2.54,0.28,2.8,0.32,3.78,0.42,0.078,0.069,0.067,0.068,0.103,0.068,MOD_ODDEVEN_DV---MOD_ODDEVEN_ALT---CENT_KIC_POS,2018-08-16 00:00:00,1.0,q1_q17_dr25_tce,003/003248/003248019/dv/kplr003248019-001-20160209194854_dvs.pdf,q1_q17_dr25_sup_koi,q1_q17_dr25_koi,2454965.367,6.38e-05,-6.38e-05,003/003248/003248019/dv/kplr003248019-20160209194854_dvr.pdf,0,1,0,0,2954.64,2808.3,-1154.51,0.39085,0.03321,-0.00796,LS+MCMC,0.0,0
6522242,K00855.01,Kepler-706 b,291.76041,0.0,19h27m02.50s,41.944069,0.0,+41d56m38.6s,15.775,,15.154,,14.947,,14.827,,13.805,0.025,13.413,0.025,13.307,0.038,15.196,,cumulative,Done,11111111111111111000000000000000,CONFIRMED,CANDIDATE,1,33.0,217.32286,904.6437,0.6138,Claret (2011 A&A 529 75) ATLAS LS,0.0,0.0,0.2665,0.398,Mandel and Agol (2002 ApJ 580 171),907.8,,,195.78745,0.000123,-0.000123,0.0,,,,,,11.38,2.07,-1.04,0.2162,,,0.377,0.016,-0.029,5.0264,0.0136,-0.0136,,,,22838.9,31.4,-31.4,41.408316686,6.58e-06,-6.58e-06,0.139516,0.000244,-0.000431,67.69,2.0,-2.0,89.68,,,453.0,,,5522.0,165.0,-148.0,4.586,0.048,-0.112,-0.46,0.3,-0.3,0.747,0.136,-0.068,0.786,0.094,-0.07,,,,q1_q17_dr25_stellar,0.0,19.45068503,4.1e-07,41.9441057,4.1e-06,-0.36,0.016,0.128,0.015,0.0092,0.0019,-0.0027,0.0025,-0.027,0.067,0.006,0.067,0.028,0.067,-0.275,0.068,0.086,0.067,0.289,0.068,NO_COMMENT,2018-08-16 00:00:00,1.0,q1_q17_dr25_tce,006/006522/006522242/dv/kplr006522242-001-20160209194854_dvs.pdf,q1_q17_dr25_sup_koi,q1_q17_dr25_koi,2455028.787,0.000123,-0.000123,006/006522/006522242/dv/kplr006522242-20160209194854_dvr.pdf,0,0,0,0,9.93,5.69,-2.57,3.42177,0.10004,-0.09238,LS+MCMC,0.974,1
8589754,K03518.01,,300.79001,0.0,20h03m09.60s,44.6534,0.0,+44d39m12.2s,14.447,,13.986,,13.811,,13.725,,12.862,0.028,12.609,0.029,12.479,,14.002,,cumulative,Done,00000001111111111000000000000000,FALSE POSITIVE,FALSE POSITIVE,1,175.0,2955.8267,15561.399,0.0,Claret (2011 A&A 529 75) ATLAS LS,0.0,0.0,0.3105,0.2893,Mandel and Agol (2002 ApJ 580 171),2427.5,,,133.013944,0.000129,-0.000129,0.0,,,,,,153.32,31.76,-68.77,0.0913,,,0.558,0.005,-0.005,6.19136,0.0034,-0.0034,,,,357832.0,178.0,-178.0,8.939461148,1.089e-06,-1.089e-06,0.631007,0.002486,-0.003018,16.9363,0.0479,-0.0479,88.11,,,1407.0,,,6461.0,181.0,-227.0,3.846,0.456,-0.114,-0.34,0.3,-0.3,2.225,0.461,-0.998,1.266,0.205,-0.273,,,,q1_q17_dr25_stellar,0.0,20.052691946,1.5e-08,44.65339547,1.5e-07,0.91986,0.00059,-0.01633,0.00054,-0.25,0.43,0.11,0.6,-0.005,0.072,-0.056,0.071,0.056,0.071,0.001,0.068,-0.021,0.068,0.021,0.068,DEPTH_ODDEVEN_DV---DEPTH_ODDEVEN_ALT---MOD_ODDEVEN_DV---MOD_ODDEVEN_ALT---DEEP_V_SHAPED,2018-08-16 00:00:00,1.0,q1_q17_dr25_tce,008/008589/008589754/dv/kplr008589754-001-20160209194854_dvs.pdf,q1_q17_dr25_sup_koi,q1_q17_dr25_koi,2454966.014,0.000129,-0.000129,008/008589/008589754/dv/kplr008589754-20160209194854_dvr.pdf,0,1,0,0,926.24,581.32,-682.11,1.14998,0.00325,-0.00346,LS+MCMC,0.0,0
5956342,K01052.01,Kepler-265 c,290.51047,0.0,19h22m02.51s,41.24482,0.0,+41d14m41.4s,15.803,,15.348,,15.201,,15.149,,14.252,0.028,13.935,0.034,13.897,0.051,15.381,,cumulative,Done,11111111111111111000000000000000,CONFIRMED,CANDIDATE,4,82.0,4.793642,24.106216,0.2145,Claret (2011 A&A 529 75) ATLAS LS,0.0,0.0,0.2787,0.3728,Mandel and Agol (2002 ApJ 580 171),29.8,,,143.33395,0.00388,-0.00388,0.0,,,,,,2.54,0.38,-0.41,0.1243,,,0.202,0.251,-0.202,4.645,0.113,-0.113,,,,568.9,20.5,-20.5,17.02902786,7.532e-05,-7.532e-05,0.021839,0.000718,-0.000538,28.06,2.6,-2.6,89.59,,,755.0,,,5839.0,105.0,-105.0,4.327,0.156,-0.104,-0.28,0.15,-0.15,1.067,0.156,-0.172,0.881,0.07,-0.051,,,,q1_q17_dr25_stellar,0.0,19.367391,1.7e-05,41.24499,0.00015,1.08,0.68,0.6,0.55,-0.00066,0.00039,-0.00054,0.00031,-0.01,0.24,0.43,0.27,0.43,0.27,-0.04,0.27,0.24,0.28,0.24,0.26,NO_COMMENT,2018-08-16 00:00:00,1.0,q1_q17_dr25_tce,005/005956/005956342/dv/kplr005956342-001-20160209194854_dvs.pdf,q1_q17_dr25_sup_koi,q1_q17_dr25_koi,2454976.334,0.00388,-0.00388,005/005956/005956342/dv/kplr005956342-20160209194854_dvr.pdf,0,0,0,0,76.66,31.49,-26.5,1.44107,0.13324,-0.52353,LS+MCMC,1.0,1
12004689,K07504.01,,286.43137,0.0,19h05m43.53s,50.40144,0.0,+50d24m05.2s,16.573,,15.851,,15.603,,15.442,,14.451,0.034,14.061,0.052,13.963,0.059,15.894,,cumulative,Done,1111110111011101000000000000000,FALSE POSITIVE,FALSE POSITIVE,1,406.0,7.49554,7.7261925,,Claret (2011 A&A 529 75) ATLAS LS,0.0,0.0,0.244,0.444,Mandel and Agol (2002 ApJ 580 171),7.8,,,132.8596,0.01,-0.01,0.0,,,,,,0.81,0.13,-0.05,0.0322,,,0.3286,0.1437,-0.3285,2.706,0.452,-0.452,,,,163.3,30.1,-30.1,2.5212708,3.112e-05,-3.112e-05,0.011675,0.001805,-0.000685,6.84,3.2,-3.2,87.09,,,1003.0,,,5110.0,157.0,-135.0,4.674,0.026,-0.026,-0.6,0.34,-0.3,0.637,0.097,-0.038,0.697,0.076,-0.06,,,,stellar_q1_q17,0.301,19.09536,5.1e-05,50.40147,0.00047,-2.2,1.8,0.1,1.7,0.00032,0.00036,1e-05,0.00035,2.3,1.1,3.2,1.0,3.9,1.1,2.2,1.2,3.31,0.93,4.0,1.2,EYEBALL---CLEAR_APO---TOO_FEW_QUARTERS---PARENT_IS_012004679-pri,2018-08-16 00:00:00,1.0,q1_q17_dr24_tce,012/012004/012004689/dv/kplr012004689-001-20141002224145_dvs.pdf,q1_q17_dr25_sup_koi,q1_q17_dr24_koi,2454965.86,0.01,-0.01,012/012004/012004689/dv/kplr012004689-20141002224145_dvr.pdf,0,0,0,1,238.81,119.07,-49.09,0.95244,1.75554,-0.89717,MCMC,,0
4037428,K05993.01,,285.14496,0.0,19h00m34.79s,39.186989,0.0,+39d11m13.2s,13.286,,12.834,,12.696,,12.617,,11.812,0.021,11.52,0.023,11.441,0.02,12.873,,cumulative,Done,11111111111111111000000000000000,FALSE POSITIVE,FALSE POSITIVE,1,314.0,296.03098,2931.091,0.4595,Claret (2011 A&A 529 75) ATLAS LS,0.0,0.0,0.2946,0.3268,Mandel and Agol (2002 ApJ 580 171),201.6,,,135.198495,0.000291,-0.000291,0.0,,,,,,29.95,8.57,-11.41,0.0495,,,0.924,0.483,-0.057,2.2075,0.0148,-0.0148,,,,22672.0,137.0,-137.0,4.264729569,1.5e-06,-1.5e-06,0.19358,0.403606,-0.029235,11.2,3.8,-3.8,85.27,,,1428.0,,,6052.0,163.0,-163.0,4.084,0.392,-0.168,-0.58,0.3,-0.25,1.417,0.405,-0.54,0.887,0.119,-0.089,,,,q1_q17_dr25_stellar,0.0,19.00966968,7.4e-08,39.18702769,9.5e-07,0.2084,0.0031,0.1357,0.0034,-0.00096,0.00094,-0.0004,0.0012,0.049,0.067,0.052,0.067,0.071,0.067,0.157,0.067,0.231,0.069,0.279,0.069,MOD_SEC_DV---MOD_SEC_ALT---DEEP_V_SHAPED---HAS_SEC_TCE,2018-08-16 00:00:00,1.0,q1_q17_dr25_tce,004/004037/004037428/dv/kplr004037428-001-20160209194854_dvs.pdf,q1_q17_dr25_sup_koi,q1_q17_dr25_koi,2454968.198,0.000291,-0.000291,004/004037/004037428/dv/kplr004037428-20160209194854_dvr.pdf,0,1,0,0,983.86,825.22,-645.98,1.45985,0.98152,-0.19663,LS+MCMC,0.292,0
8609450,K01278.03,Kepler-282 b,284.67728,0.0,18h58m42.55s,44.79768,0.0,+44d47m51.6s,15.632,,15.164,,15.02,,14.971,,14.08,0.028,13.718,0.027,13.65,0.046,15.204,,cumulative,Done,11111111111111111000000000000000,CONFIRMED,CANDIDATE,5,137.0,3.6763635,11.264972,0.2797,Claret (2011 A&A 529 75) ATLAS LS,0.0,0.0,0.2521,0.421,Mandel and Agol (2002 ApJ 580 171),13.2,,,138.0072,0.0145,-0.0145,0.0,,,,,,1.02,0.11,-0.1,0.0796,,,0.037,0.411,-0.037,4.907,0.279,-0.279,,,,140.0,11.6,-11.6,9.2207691,0.0001396,-0.0001396,0.010738,0.000475,-0.000721,14.511,0.943,-0.943,89.85,,,817.0,,,5600.0,112.0,-100.0,4.455,0.102,-0.077,-0.36,0.15,-0.15,0.872,0.088,-0.088,0.793,0.064,-0.035,,,,q1_q17_dr25_stellar,0.02,18.978447,3e-05,44.79809,0.00033,-1.5,1.2,1.5,1.2,0.00019,0.00016,-0.00021,0.00016,0.13,0.29,-1.48,0.52,1.49,0.52,0.08,0.3,-1.49,0.56,1.49,0.55,NO_COMMENT,2018-08-16 00:00:00,4.0,q1_q17_dr25_tce,008/008609/008609450/dv/kplr008609450-004-20160209194854_dvs.pdf,q1_q17_dr25_sup_koi,q1_q17_dr25_koi,2454971.007,0.0145,-0.0145,008/008609/008609450/dv/kplr008609450-20160209194854_dvr.pdf,0,0,0,0,105.63,32.94,-26.19,0.6798,0.04418,-0.31275,LS+MCMC,0.896,1
6584273,K03287.01,Kepler-1457 b,283.7706,0.0,18h55m04.94s,42.027241,0.0,+42d01m38.1s,14.481,,14.0,,13.88,,13.832,,12.944,0.022,12.608,0.019,12.542,0.027,14.06,,cumulative,Done,11110111011101110000000000000000,CONFIRMED,CANDIDATE,1,19.0,6.354747,19.658266,0.4541,Claret (2011 A&A 529 75) ATLAS LS,0.0,0.0,0.2965,0.3342,Mandel and Agol (2002 ApJ 580 171),21.9,,,143.77855,0.00724,-0.00724,0.0,,,,,,1.6,0.45,-0.14,0.2668,,,0.029,0.418,-0.029,7.712,0.21,-0.21,,,,330.0,17.5,-17.5,51.1104797,0.0004344,-0.0004344,0.016631,0.000683,-0.000558,51.45,3.6,-3.6,89.97,,,478.0,,,5968.0,143.0,-178.0,4.534,0.046,-0.184,-0.26,0.3,-0.3,0.881,0.246,-0.077,0.97,0.107,-0.118,,,,q1_q17_dr25_stellar,0.417,18.918027,1.5e-05,42.0273,0.00016,-0.54,0.61,0.21,0.57,0.00015,0.00022,-9e-05,0.00021,-0.02,0.28,-0.36,0.26,0.36,0.26,-0.04,0.28,-0.41,0.25,0.41,0.25,NO_COMMENT,2018-08-16 00:00:00,1.0,q1_q17_dr25_tce,006/006584/006584273/dv/kplr006584273-001-20160209194854_dvs.pdf,q1_q17_dr25_sup_koi,q1_q17_dr25_koi,2454976.779,0.00724,-0.00724,006/006584/006584273/dv/kplr006584273-20160209194854_dvr.pdf,0,0,0,0,12.38,9.89,-3.25,0.98634,0.06846,-0.37878,LS+MCMC,0.949,1
5791986,K00413.02,Kepler-151 c,292.16278,0.0,19h28m39.07s,41.023239,0.0,+41d01m23.7s,15.37,,14.697,,14.512,,14.395,,13.383,0.023,12.998,0.023,12.864,0.03,14.769,,cumulative,Done,11111111111111111000000000000000,CONFIRMED,CANDIDATE,2,52.0,6.1907396,25.773003,0.5882,Claret (2011 A&A 529 75) ATLAS LS,0.0,0.0,0.2396,0.4415,Mandel and Agol (2002 ApJ 580 171),31.9,,,146.77261,0.00251,-0.00251,0.0,,,,,,2.33,0.5,-0.22,0.1589,,,0.817,0.096,-0.565,3.2648,0.0828,-0.0828,,,,650.6,22.2,-22.2,24.67458244,8.145e-05,-8.145e-05,0.026266,0.00235,-0.002941,35.8,17.3,-17.3,88.69,,,544.0,,,5456.0,164.0,-164.0,4.562,0.045,-0.135,-0.1,0.3,-0.3,0.812,0.175,-0.075,0.878,0.082,-0.091,,,,q1_q17_dr25_stellar,0.052,19.47752,1e-05,41.02309,0.00011,0.06,0.42,-0.56,0.41,-9e-05,0.00028,0.00035,0.00027,-0.08,0.17,-0.06,0.15,0.1,0.19,-0.04,0.17,-0.17,0.16,0.17,0.18,NO_COMMENT,2018-08-16 00:00:00,2.0,q1_q17_dr25_tce,005/005791/005791986/dv/kplr005791986-002-20160209194854_dvs.pdf,q1_q17_dr25_sup_koi,q1_q17_dr25_koi,2454979.773,0.00251,-0.00251,005/005791/005791986/dv/kplr005791986-20160209194854_dvr.pdf,0,0,0,0,20.71,13.74,-5.61,1.43079,4.82738,-0.03353,LS+MCMC,1.0,1
10585887,K08293.01,,285.24338,0.0,19h00m58.41s,47.812592,0.0,+47d48m45.3s,15.342,,14.832,,14.67,,14.656,,13.727,0.025,13.333,0.027,13.281,0.045,14.872,,cumulative,Done,11111110111011101000000000000000,FALSE POSITIVE,FALSE POSITIVE,1,4.0,5.0638595,7.1533694,0.0239,Claret (2011 A&A 529 75) ATLAS LS,0.0,0.0,0.2916,0.3447,Mandel and Agol (2002 ApJ 580 171),6.8,,,288.2584,0.0341,-0.0341,0.0,,,,,,1.53,0.49,-0.19,1.0238,,,0.243,0.219,-0.243,11.3,2.6,-2.6,,,,247.8,77.9,-77.9,378.65484,0.02276,-0.02276,0.014468,0.004269,-0.000298,252.0,125.0,-125.0,89.94,,,258.0,,,6000.0,167.0,-209.0,4.463,0.07,-0.21,-0.16,0.3,-0.3,0.97,0.306,-0.123,0.996,0.144,-0.118,,,,q1_q17_dr25_stellar,0.362,19.016222,5.6e-05,47.81296,0.0006,-0.1,2.0,1.3,2.2,8e-05,0.00066,-0.00046,0.0007,-1.14,0.92,0.8,1.9,1.4,1.3,-1.14,0.93,0.7,1.9,1.4,1.3,MOD_NONUNIQ_ALT---CENT_FEW_DIFFS,2018-08-16 00:00:00,1.0,q1_q17_dr25_tce,010/010585/010585887/dv/kplr010585887-001-20160209194854_dvs.pdf,q1_q17_dr25_sup_koi,q1_q17_dr25_koi,2455121.258,0.0341,-0.0341,010/010585/010585887/dv/kplr010585887-20160209194854_dvr.pdf,1,0,0,0,1.04,0.97,-0.35,2.1126,47.2714,-1.9277,LS+MCMC,0.19,0
9541144,K07603.01,,297.28665,0.0,19h49m08.80s,46.139839,0.0,+46d08m23.4s,14.599,,13.881,,13.631,,13.494,,12.511,0.022,12.102,0.021,12.005,0.019,13.921,,cumulative,Done,11111101110111011000000000000000,FALSE POSITIVE,FALSE POSITIVE,1,1988.0,8.255462,7.411391,,Claret (2011 A&A 529 75) ATLAS LS,0.0,0.0,0.2423,0.4386,Mandel and Agol (2002 ApJ 580 171),7.0,,,131.7073,0.0145,-0.0145,0.0,,,,,,1.57,0.65,-0.88,0.0145,,,0.7718,0.1991,-0.5277,2.878,0.601,-0.601,,,,25.8,4.3,-4.3,0.536650344,7.98e-06,-7.98e-06,0.005103,0.002111,-0.000704,1.261,0.499,-0.499,52.14,,,3380.0,,,5490.0,185.0,-190.0,3.681,0.56,-0.56,-0.06,0.28,-0.32,2.825,1.158,-1.595,1.396,0.326,-0.475,,,,stellar_q1_q17,0.277,19.81911,2.9e-05,46.13964,0.00029,0.0,1.1,-0.7,1.0,1e-06,3.4e-05,2.8e-05,3.2e-05,1.62,0.72,-3.51,0.71,3.87,0.82,1.68,0.73,-3.39,0.75,3.78,0.86,SIG_SEC_IN_DV_MODEL_SHIFT---EYEBALL---CROWDED_DIFF---PARENT_IS_009541127-pri,2018-08-16 00:00:00,1.0,q1_q17_dr24_tce,009/009541/009541144/dv/kplr009541144-001-20141002224145_dvs.pdf,q1_q17_dr25_sup_koi,q1_q17_dr24_koi,2454964.707,0.0145,-0.0145,009/009541/009541144/dv/kplr009541144-20141002224145_dvr.pdf,0,1,0,1,30860.16,39181.42,-25778.73,0.13171,0.20846,-0.06093,MCMC,,0
3239671,K02066.01,Kepler-1678 b,292.59164,0.0,19h30m21.99s,38.399658,0.0,+38d23m58.8s,15.373,,14.86,,14.703,,14.613,,13.773,0.026,13.389,0.03,13.371,0.041,14.904,,cumulative,Done,11111111111111111000000000000000,CONFIRMED,CANDIDATE,1,9.0,11.1462345,23.204792,0.4109,Claret (2011 A&A 529 75) ATLAS LS,0.0,0.0,0.2327,0.4526,Mandel and Agol (2002 ApJ 580 171),26.4,,,263.08561,0.00512,-0.00512,0.0,,,,,,3.33,0.43,-0.29,0.5302,,,0.034,0.412,-0.034,6.854,0.168,-0.168,,,,1267.1,53.5,-53.5,147.97391,0.00116,-0.00116,0.032114,0.001391,-0.000762,170.1,13.3,-13.3,89.99,,,329.0,,,5578.0,100.0,-111.0,4.44,0.09,-0.099,0.0,0.15,-0.15,0.95,0.123,-0.082,0.905,0.062,-0.051,,,,q1_q17_dr25_stellar,0.644,19.506106,1.1e-05,38.3996,0.00013,-0.11,0.48,-0.2,0.48,-7e-05,0.00066,0.00031,0.00067,0.21,0.22,-0.08,0.31,0.22,0.3,0.18,0.22,-0.19,0.3,0.26,0.34,NO_COMMENT,2018-08-16 00:00:00,1.0,q1_q17_dr25_tce,003/003239/003239671/dv/kplr003239671-001-20160209194854_dvs.pdf,q1_q17_dr25_sup_koi,q1_q17_dr25_koi,2455096.086,0.00512,-0.00512,003/003239/003239671/dv/kplr003239671-20160209194854_dvr.pdf,0,0,0,0,2.78,1.03,-0.64,4.25487,0.33263,-1.34371,LS+MCMC,0.997,1
8121328,K03486.01,,298.82062,0.0,19h55m16.95s,43.909859,0.0,+43d54m35.5s,15.015,,14.334,,14.095,,13.962,,13.023,0.029,12.641,0.033,12.513,0.028,14.371,,cumulative,Done,11111111111111111000000000000000,CANDIDATE,CANDIDATE,1,71.0,4.5110664,14.969041,0.6664,Claret (2011 A&A 529 75) ATLAS LS,0.0,0.0,0.2434,0.4341,Mandel and Agol (2002 ApJ 580 171),19.1,,,145.7515,0.0159,-0.0159,0.0,,,,,,1.63,0.45,-0.24,0.129,,,0.98,0.049,-0.782,12.462,0.913,-0.913,,,,169.3,9.6,-9.6,19.0689513,0.0003439,-0.0003439,0.016821,0.001886,-0.005332,3.34,1.7,-1.7,72.95,,,627.0,,,5418.0,159.0,-159.0,4.436,0.133,-0.247,-0.2,0.35,-0.25,0.889,0.245,-0.132,0.788,0.122,-0.061,,,,q1_q17_dr25_stellar,0.927,19.921379,2.3e-05,43.90987,0.00022,0.14,0.88,0.03,0.81,-1e-05,0.00013,3e-05,0.00012,-0.05,0.63,-0.29,0.58,0.3,0.55,-0.8,0.62,-0.18,0.55,0.83,0.58,NO_COMMENT,2018-08-16 00:00:00,1.0,q1_q17_dr25_tce,008/008121/008121328/dv/kplr008121328-001-20160209194854_dvs.pdf,q1_q17_dr25_sup_koi,q1_q17_dr25_koi,2454978.751,0.0159,-0.0159,008/008121/008121328/dv/kplr008121328-20160209194854_dvr.pdf,0,0,0,0,36.63,30.27,-13.06,0.00194,0.15438,-0.00739,LS+MCMC,1.0,1
9597345,K00711.03,Kepler-218 d,295.41281,0.0,19h41m39.07s,46.266472,0.0,+46d15m59.3s,14.507,,13.891,,13.735,,13.652,,12.732,0.025,12.386,0.019,12.311,0.022,13.967,,cumulative,Done,11111111111111111000000000000000,CONFIRMED,CANDIDATE,3,11.0,15.564562,28.535248,0.4956,Claret (2011 A&A 529 75) ATLAS LS,0.0,0.0,0.2193,0.4785,Mandel and Agol (2002 ApJ 580 171),47.5,,,254.17788,0.00339,-0.00339,0.0,,,,,,2.69,0.41,-0.29,0.4865,,,0.004,0.411,-0.004,9.654,0.115,-0.115,,,,689.9,14.8,-14.8,124.5245224,0.0005536,-0.0005536,0.023514,0.000713,-0.000368,100.861,0.183,-0.183,90.0,,,356.0,,,5497.0,109.0,-109.0,4.394,0.09,-0.11,0.38,0.1,-0.15,1.046,0.161,-0.111,0.988,0.049,-0.055,,,,q1_q17_dr25_stellar,0.021,19.6941833,8.5e-06,46.26664,0.00011,-0.13,0.32,0.6,0.38,0.00017,0.00021,-0.00034,0.00025,0.36,0.25,0.45,0.28,0.58,0.27,0.51,0.25,0.77,0.28,0.93,0.27,CENT_KIC_POS,2018-08-16 00:00:00,3.0,q1_q17_dr25_tce,009/009597/009597345/dv/kplr009597345-003-20160209194854_dvs.pdf,q1_q17_dr25_sup_koi,q1_q17_dr25_koi,2455087.178,0.00339,-0.00339,009/009597/009597345/dv/kplr009597345-20160209194854_dvr.pdf,0,0,0,0,3.78,1.66,-0.99,1.25174,0.00227,-0.45395,LS+MCMC,0.772,1
6209798,K02196.01,,293.33835,0.0,19h33m21.20s,41.59024,0.0,+41d35m24.9s,13.427,,13.032,,12.908,,12.869,,12.087,0.021,11.811,0.019,11.776,0.021,13.064,,cumulative,Done,11111111111111111000000000000000,FALSE POSITIVE,FALSE POSITIVE,1,1107.0,3.2958343,14.876369,0.998,Claret (2011 A&A 529 75) ATLAS LS,0.0,0.0,0.3029,0.3026,Mandel and Agol (2002 ApJ 580 171),17.2,,,131.93619,0.00249,-0.00249,0.0,,,,,,12.6,2.5,-2.06,0.0219,,,1.092,5.624,-0.075,1.537,0.143,-0.143,,,,109.2,7.8,-7.8,1.205412526,3.548e-06,-3.548e-06,0.102818,5.619418,-0.070122,1.438,0.717,-0.717,40.58,,,1988.0,,,6292.0,170.0,-189.0,4.32,0.135,-0.135,-0.46,0.3,-0.3,1.122,0.223,-0.183,0.959,0.135,-0.098,,,,q1_q17_dr25_stellar,,19.55593,1.3e-05,41.59032,0.00012,1.61,0.51,0.27,0.42,-0.000147,4.7e-05,,,4.55,0.1,1.875,0.084,4.92,0.11,4.51,0.1,1.817,0.084,4.87,0.11,MOD_SEC_DV---MOD_SEC_ALT---HAS_SEC_TCE---CENT_RESOLVED_OFFSET,2018-08-16 00:00:00,1.0,q1_q17_dr25_tce,006/006209/006209798/dv/kplr006209798-001-20160209194854_dvs.pdf,q1_q17_dr25_sup_koi,q1_q17_dr25_koi,2454964.936,0.00249,-0.00249,006/006209/006209798/dv/kplr006209798-20160209194854_dvr.pdf,0,1,1,0,3681.8,2204.36,-1399.23,0.03868,4.82169,-0.01122,LS+MCMC,0.0,0
4384793,K06413.01,,296.20227,0.0,19h44m48.54s,39.40519,0.0,+39d24m18.7s,15.869,,15.342,,15.155,,15.066,,14.209,0.028,13.788,0.034,13.734,0.049,15.369,,cumulative,Done,11011101110111000000000000000,FALSE POSITIVE,FALSE POSITIVE,1,0.0,7167.7173,7697.6025,,Claret (2011 A&A 529 75) ATLAS LS,0.0,0.0,0.2976,0.3257,Mandel and Agol (2002 ApJ 580 171),10.3,,,431.5127,0.0296,-0.0296,0.0,,,,,,243.21,104.2,-18.2,0.9836,,,0.8507,2.188,-0.8498,5.96,1.5,-1.5,,,,1541400.0,388600.0,-388600.0,374.318792,0.006991,-0.006991,2.732772,1.307166,-2.165199,1745.0,688.0,-688.0,89.95,,,241.0,,,5997.0,192.0,-188.0,4.572,0.03,-0.03,-0.5,0.3,-0.28,0.815,0.349,-0.061,0.904,0.103,-0.1,,,,stellar_q1_q17,,,,,,,,,,,,,,,,,,,,,,,,,,MARSHALL_FAIL---TRANSITS_NOT_CONSISTENT---FIT_FAILED,2018-08-16 00:00:00,1.0,q1_q17_dr24_tce,004/004384/004384793/dv/kplr004384793-001-20141002224145_dvs.pdf,q1_q17_dr25_sup_koi,q1_q17_dr24_koi,2455264.513,0.0296,-0.0296,004/004384/004384793/dv/kplr004384793-20141002224145_dvr.pdf,1,0,0,0,0.79,1.05,-0.19,717.00439,282.93353,-160.36061,MCMC,,0
7115597,K06824.01,,291.10468,0.0,19h24m25.12s,42.645309,0.0,+42d38m43.1s,16.48,,15.852,,15.672,,15.606,,14.665,0.031,14.318,0.033,14.16,0.058,15.915,,cumulative,Done,00011111111111111000000000000000,FALSE POSITIVE,FALSE POSITIVE,1,2011.0,3.5991006,13.419197,0.9565,Claret (2011 A&A 529 75) ATLAS LS,0.0,0.0,0.2555,0.4191,Mandel and Agol (2002 ApJ 580 171),14.1,,,131.8145,0.00731,-0.00731,0.0,,,,,,1.54,0.43,-0.15,0.0138,,,0.982,0.007,-0.698,2.77,0.131,-0.131,,,,125.7,11.6,-11.6,0.566791946,4.009e-06,-4.009e-06,0.014498,0.000377,-0.004536,1.07,0.517,-0.517,23.41,,,2160.0,,,5836.0,182.0,-203.0,4.5,0.037,-0.2,0.21,0.2,-0.3,0.97,0.273,-0.091,1.087,0.112,-0.15,,,,q1_q17_dr25_stellar,0.0,19.406978,1.8e-05,42.64475,0.00018,0.0,0.72,-2.01,0.65,-3.6e-05,8e-05,0.000214,7.2e-05,-0.61,0.55,-2.02,0.62,2.11,0.61,-0.83,0.55,-2.1,0.62,2.26,0.61,LPP_DV---EPHEM_MATCH,2018-08-16 00:00:00,1.0,q1_q17_dr25_tce,007/007115/007115597/dv/kplr007115597-001-20160209194854_dvs.pdf,q1_q17_dr25_sup_koi,q1_q17_dr25_koi,2454964.814,0.00731,-0.00731,007/007115/007115597/dv/kplr007115597-20160209194854_dvr.pdf,1,0,0,1,5129.25,4394.34,-1473.42,0.0722,0.52329,-0.0032,LS+MCMC,0.0,0
8382339,K07031.01,,297.29306,0.0,19h49m10.33s,44.355251,0.0,+44d21m18.9s,13.469,,12.462,,12.091,,11.854,,10.606,0.022,10.033,0.018,9.893,0.015,12.504,,cumulative,Done,11100110011001000000000000000000,FALSE POSITIVE,FALSE POSITIVE,1,121.0,3.6483917,15.072552,0.8201,Claret (2011 A&A 529 75) ATLAS LS,0.0,0.0,0.1287,0.619,Mandel and Agol (2002 ApJ 580 171),23.5,,,131.61052,0.00315,-0.00315,0.0,,,,,,31.78,1.36,-7.67,0.0882,,,0.013,0.446,-0.013,2.79,0.133,-0.133,,,,461.0,23.4,-23.4,5.40597608,2.897e-05,-2.897e-05,0.018956,0.001032,-0.000501,15.09,1.8,-1.8,89.95,,,2818.0,,,4840.0,84.0,-120.0,2.56,0.03,-0.03,0.21,0.15,-0.25,15.355,0.654,-3.708,3.121,0.073,-1.321,,,,q1_q17_dr25_stellar,0.0,19.8194642,3.8e-06,44.356214,4.3e-05,-2.8,0.15,3.47,0.15,0.000827,4.7e-05,-0.001067,5.2e-05,-1.72,0.11,2.32,0.15,2.89,0.16,-1.9,0.12,2.35,0.14,3.02,0.16,CENT_UNRESOLVED_OFFSET,2018-08-16 00:00:00,1.0,q1_q17_dr25_tce,008/008382/008382339/dv/kplr008382339-001-20160209194854_dvs.pdf,q1_q17_dr25_sup_koi,q1_q17_dr25_koi,2454964.611,0.00315,-0.00315,008/008382/008382339/dv/kplr008382339-20160209194854_dvr.pdf,0,0,1,0,14885.1,2447.8,-7139.29,2.22588,0.26505,-0.89865,LS+MCMC,0.0,0
11073656,K02206.01,,285.96802,0.0,19h03m52.32s,48.67905,0.0,+48d40m44.6s,15.699,,15.098,,14.984,,14.889,,13.914,0.037,13.593,0.052,13.543,0.05,15.198,,cumulative,Done,00011110111011101000000000000000,CANDIDATE,CANDIDATE,1,471.0,3.262246,19.764223,0.5684,Claret (2011 A&A 529 75) ATLAS LS,0.0,0.0,0.2622,0.4035,Mandel and Agol (2002 ApJ 580 171),24.8,,,132.85895,0.00379,-0.00379,0.0,,,,,,1.64,0.45,-0.2,0.029,,,0.381,0.088,-0.381,1.7499,0.086,-0.086,,,,286.5,14.3,-14.3,1.834277283,7.851e-06,-7.851e-06,0.015647,0.000462,-0.000678,7.57,3.0,-3.0,87.12,,,1459.0,,,5751.0,173.0,-190.0,4.458,0.081,-0.189,-0.02,0.3,-0.3,0.958,0.268,-0.115,0.962,0.125,-0.102,,,,q1_q17_dr25_stellar,0.0,19.064575,1e-05,48.67898,7.5e-05,1.48,0.36,-0.25,0.27,0.00028,0.0001,-0.00012,7.6e-05,-3.41,0.26,0.93,0.3,3.54,0.31,-0.4,0.18,0.07,0.21,0.41,0.2,CENT_KIC_POS,2018-08-16 00:00:00,1.0,q1_q17_dr25_tce,011/011073/011073656/dv/kplr011073656-001-20160209194854_dvs.pdf,q1_q17_dr25_sup_koi,q1_q17_dr25_koi,2454965.859,0.00379,-0.00379,011/011073/011073656/dv/kplr011073656-20160209194854_dvr.pdf,0,0,0,0,1068.36,901.58,-345.13,2.43783,0.96397,-0.64492,LS+MCMC,0.999,1
12164634,K03491.01,,294.32257,0.0,19h37m17.42s,50.741692,0.0,+50d44m30.1s,13.923,,13.606,,13.576,,13.526,,12.764,0.022,12.524,0.022,12.471,0.024,13.68,,cumulative,Done,11111111111111111000000000000000,FALSE POSITIVE,FALSE POSITIVE,1,16.0,1093.6282,2966.3462,0.0104,Claret (2011 A&A 529 75) ATLAS LS,0.0,0.0,0.3189,0.274,Mandel and Agol (2002 ApJ 580 171),169.5,,,204.18503,0.00166,-0.00166,0.0,,,,,,8.02,2.71,-1.45,0.4317,,,0.899,0.004,-0.005,11.919,0.106,-0.106,,,,2177.6,15.5,-15.5,89.3313828,0.0001876,-0.0001876,0.050079,0.000259,-0.000384,31.09,2.2,-2.2,88.34,,,558.0,,,6860.0,189.0,-283.0,4.233,0.108,-0.201,-0.1,0.25,-0.35,1.467,0.495,-0.266,1.35,0.204,-0.224,,,,q1_q17_dr25_stellar,0.001,19.621503619,9.5e-08,50.7416859,1e-06,-0.013,0.0033,-0.0148,0.0037,-0.0003,0.0034,-0.0004,0.0054,-0.009,0.067,0.001,0.067,0.009,0.067,-0.055,0.071,-0.092,0.078,0.108,0.076,MOD_SEC_DV---MOD_SEC_ALT---HAS_SEC_TCE,2018-08-16 00:00:00,1.0,q1_q17_dr25_tce,012/012164/012164634/dv/kplr012164634-001-20160209194854_dvs.pdf,q1_q17_dr25_sup_koi,q1_q17_dr25_koi,2455037.185,0.00166,-0.00166,012/012164/012164634/dv/kplr012164634-20160209194854_dvr.pdf,0,1,0,0,22.89,22.75,-9.93,0.07124,0.00498,-0.00468,LS+MCMC,0.0,0
4669402,K04128.01,,295.53394,0.0,19h42m08.15s,39.762249,0.0,+39d45m44.1s,14.501,,13.995,,13.834,,13.72,,12.848,0.022,12.505,0.018,12.485,0.023,14.034,,cumulative,Done,11111011101110111000000000000000,FALSE POSITIVE,FALSE POSITIVE,1,8.0,10.736661,16.925945,0.7051,Claret (2011 A&A 529 75) ATLAS LS,0.0,0.0,0.2979,0.3238,Mandel and Agol (2002 ApJ 580 171),17.4,,,227.3054,0.0136,-0.0136,0.0,,,,,,6.64,1.76,-1.29,0.5141,,,1.017,6.713,-0.069,10.424,0.686,-0.686,,,,618.1,43.2,-43.2,143.196381,0.002687,-0.002687,0.057329,6.703309,-0.031396,30.2,14.7,-14.7,88.07,,,380.0,,,6007.0,161.0,-179.0,4.333,0.18,-0.18,-0.44,0.3,-0.3,1.06,0.282,-0.205,0.882,0.12,-0.076,,,,q1_q17_dr25_stellar,0.0,19.702311,1.5e-05,39.76502,0.0002,2.05,0.62,9.99,0.73,-0.00128,0.00038,-0.00614,0.00045,0.997,0.077,5.05,0.13,5.15,0.13,0.889,0.079,4.89,0.16,4.97,0.16,CENT_RESOLVED_OFFSET---HALO_GHOST,2018-08-16 00:00:00,1.0,q1_q17_dr25_tce,004/004669/004669402/dv/kplr004669402-001-20160209194854_dvs.pdf,q1_q17_dr25_sup_koi,q1_q17_dr25_koi,2455060.305,0.0136,-0.0136,004/004669/004669402/dv/kplr004669402-20160209194854_dvr.pdf,0,0,1,0,4.95,3.88,-2.09,0.02548,0.14851,-0.01641,LS+MCMC,0.0,0
7879433,K02527.01,Kepler-1850 b,287.1427,0.0,19h08m34.25s,43.616051,0.0,+43d36m57.8s,15.206,,14.071,,13.67,,13.437,,12.256,0.021,11.68,0.025,11.562,0.013,14.131,,cumulative,Done,11111111111111111000000000000000,CONFIRMED,CANDIDATE,1,963.0,3.8210285,15.193795,0.9873,Claret (2011 A&A 529 75) ATLAS LS,0.0,0.0,0.101,0.6443,Mandel and Agol (2002 ApJ 580 171),19.1,,,135.49119,0.00275,-0.00275,0.0,,,,,,0.55,0.03,-0.03,0.0206,,,0.35,0.113,-0.35,1.6449,0.0888,-0.0888,,,,85.4,5.5,-5.5,1.385787741,4.397e-06,-4.397e-06,0.008438,0.000425,-0.000323,6.12,2.7,-2.7,86.72,,,1008.0,,,4239.0,84.0,-84.0,4.667,0.025,-0.022,-0.22,0.15,-0.15,0.6,0.028,-0.031,0.611,0.033,-0.033,,,,q1_q17_dr25_stellar,0.03,19.142879,1.6e-05,43.61595,0.00019,1.27,0.63,-0.37,0.7,-7.4e-05,5.2e-05,5.7e-05,5.7e-05,0.21,0.32,0.02,0.16,0.21,0.31,0.49,0.33,0.33,0.23,0.59,0.32,CENT_KIC_POS,2018-08-16 00:00:00,1.0,q1_q17_dr25_tce,007/007879/007879433/dv/kplr007879433-001-20160209194854_dvs.pdf,q1_q17_dr25_sup_koi,q1_q17_dr25_koi,2454968.491,0.00275,-0.00275,007/007879/007879433/dv/kplr007879433-20160209194854_dvr.pdf,0,0,0,0,245.15,45.34,-41.64,2.25807,1.01399,-0.75655,LS+MCMC,0.982,1
6779726,K03375.01,Kepler-1918 b,292.53055,0.0,19h30m07.33s,42.214649,0.0,+42d12m52.7s,16.256,,15.666,,15.454,,15.386,,14.421,0.04,14.063,0.051,14.053,0.074,15.695,,cumulative,Done,00011111111111111000000000000000,CONFIRMED,CANDIDATE,1,25.0,4.783647,14.08191,0.4893,Claret (2011 A&A 529 75) ATLAS LS,0.0,0.0,0.2916,0.3447,Mandel and Agol (2002 ApJ 580 171),12.1,,,173.9653,0.0124,-0.0124,0.0,,,,,,2.57,0.75,-0.32,0.2524,,,0.361,0.088,-0.361,4.807,0.351,-0.351,,,,762.0,75.6,-75.6,47.0563327,0.0007067,-0.0007067,0.025508,0.001317,-0.001738,71.8,31.8,-31.8,89.71,,,497.0,,,5889.0,186.0,-206.0,4.492,0.065,-0.208,-0.16,0.3,-0.3,0.924,0.268,-0.115,0.967,0.12,-0.12,,,,q1_q17_dr25_stellar,0.302,19.502035,2e-05,42.21467,0.00022,-0.11,0.8,0.07,0.78,-0.00061,0.0006,0.00017,0.00059,0.77,0.21,-0.21,0.24,0.8,0.21,0.23,0.21,-0.06,0.24,0.24,0.21,CENT_KIC_POS,2018-08-16 00:00:00,1.0,q1_q17_dr25_tce,006/006779/006779726/dv/kplr006779726-001-20160209194854_dvs.pdf,q1_q17_dr25_sup_koi,q1_q17_dr25_koi,2455006.965,0.0124,-0.0124,006/006779/006779726/dv/kplr006779726-20160209194854_dvr.pdf,0,0,0,0,14.43,12.76,-4.84,3.1585,1.40112,-1.24039,LS+MCMC,0.999,1
3858884,K06371.01,,293.69543,0.0,19h34m46.90s,38.982792,0.0,+38d58m58.1s,9.692,,9.293,,,,,,8.594,0.024,8.439,0.02,8.4,0.017,9.277,,cumulative,Done,11111011101110111000000000000000,FALSE POSITIVE,FALSE POSITIVE,1,0.0,829.8622,4108.7007,-1.0,Claret (2011 A&A 529 75) ATLAS LS,0.0,0.0,0.3025,0.2923,Mandel and Agol (2002 ApJ 580 171),915.3,,,154.881253,0.000336,-0.000336,0.0,,,,,,123.34,30.53,-45.8,0.1778,,,0.51,0.01,-0.011,15.9897,0.0217,-0.0217,,,,399167.0,464.0,-464.0,25.95193721,1.102e-05,-1.102e-05,0.653253,0.005269,-0.005192,19.526,0.121,-0.121,88.5,,,904.0,,,6569.0,188.0,-236.0,4.008,0.357,-0.153,-0.5,0.3,-0.3,1.729,0.428,-0.642,1.11,0.164,-0.164,,,,q1_q17_dr25_stellar,,19.579718632,1.1e-08,38.98239866,1.9e-07,0.97517,0.00047,-1.40883,0.00067,-0.2,1.8,,,-0.12,0.75,-3.1,1.2,3.1,1.2,0.61,0.69,-4.9,1.3,4.9,1.3,LPP_DV---CENT_SATURATED,2018-08-16 00:00:00,1.0,q1_q17_dr25_tce,003/003858/003858884/dv/kplr003858884-001-20160209194854_dvs.pdf,q1_q17_dr25_sup_koi,q1_q17_dr25_koi,2454987.881,0.000336,-0.000336,003/003858/003858884/dv/kplr003858884-20160209194854_dvr.pdf,1,0,0,0,157.59,116.98,-103.78,0.20911,0.0013,-0.00143,LS+MCMC,0.0,0
9076971,K02981.01,Kepler-1400 b,286.27167,0.0,19h05m05.20s,45.440811,0.0,+45d26m26.9s,16.48,,15.686,,15.419,,15.255,,14.26,0.029,13.775,0.028,13.768,0.048,15.737,,cumulative,Done,00011111111111111000000000000000,CONFIRMED,CANDIDATE,1,123.0,3.4884226,13.246965,0.3675,Claret (2011 A&A 529 75) ATLAS LS,0.0,0.0,0.2075,0.49,Mandel and Agol (2002 ApJ 580 171),14.6,,,134.75185,0.00747,-0.00747,0.0,,,,,,1.9,0.21,-0.23,0.0771,,,0.928,0.051,-0.627,3.381,0.169,-0.169,,,,367.2,28.7,-28.7,9.06687613,7.246e-05,-7.246e-05,0.022102,0.000923,-0.005467,8.82,4.4,-4.4,83.96,,,725.0,,,5142.0,179.0,-179.0,4.515,0.088,-0.072,-0.18,0.3,-0.3,0.789,0.086,-0.096,0.745,0.106,-0.057,,,,q1_q17_dr25_stellar,0.002,19.0848,2.4e-05,45.44083,0.00025,0.84,0.93,0.07,0.9,-0.00075,0.00035,-0.00029,0.00034,2.65,0.44,1.17,0.27,2.89,0.41,0.36,0.28,-0.35,0.33,0.51,0.39,CENT_UNRESOLVED_OFFSET,2018-08-16 00:00:00,1.0,q1_q17_dr25_tce,009/009076/009076971/dv/kplr009076971-001-20160209194854_dvs.pdf,q1_q17_dr25_sup_koi,q1_q17_dr25_koi,2454967.752,0.00747,-0.00747,009/009076/009076971/dv/kplr009076971-20160209194854_dvr.pdf,0,0,0,0,65.52,26.88,-21.65,0.15776,2.5074,-0.12867,LS+MCMC,0.254,1
6198999,K01687.01,Kepler-928 b,289.92072,0.0,19h19m40.97s,41.542831,0.0,+41d32m34.2s,16.205,,15.256,,14.94,,14.742,,13.685,0.027,13.126,0.029,12.933,0.03,15.32,,cumulative,Done,11111111111111111000000000000000,CONFIRMED,CANDIDATE,1,347.0,5.082465,25.984106,0.281,Claret (2011 A&A 529 75) ATLAS LS,0.0,0.0,0.1054,0.6323,Mandel and Agol (2002 ApJ 580 171),30.6,,,132.55435,0.00235,-0.00235,0.0,,,,,,1.65,0.1,-0.16,0.0444,,,0.416,0.042,-0.412,2.1763,0.0742,-0.0742,,,,455.5,17.6,-17.6,3.93246069,1.036e-05,-1.036e-05,0.019407,0.000325,-0.00106,12.87,4.9,-4.9,88.15,,,894.0,,,4841.0,144.0,-129.0,4.533,0.072,-0.044,0.1,0.25,-0.3,0.779,0.049,-0.074,0.756,0.072,-0.054,,,,q1_q17_dr25_stellar,0.512,19.328038,1.1e-05,41.54278,0.00011,-0.39,0.46,-0.16,0.4,0.00014,0.00021,-6e-05,0.00018,-0.11,0.12,0.15,0.12,0.18,0.12,-0.28,0.12,-0.08,0.13,0.29,0.13,NO_COMMENT,2018-08-16 00:00:00,1.0,q1_q17_dr25_tce,006/006198/006198999/dv/kplr006198999-001-20160209194854_dvs.pdf,q1_q17_dr25_sup_koi,q1_q17_dr25_koi,2454965.554,0.00235,-0.00235,006/006198/006198999/dv/kplr006198999-20160209194854_dvr.pdf,0,0,0,0,151.31,40.89,-40.08,2.60597,0.9977,-0.57485,LS+MCMC,1.0,1
5024482,K02041.01,,295.32501,0.0,19h41m18.00s,40.187576,0.0,+40d11m15.3s,13.18,,12.095,,13.19,,,,13.589,0.034,13.368,0.035,13.279,0.043,12.203,,cumulative,Done,11111011101110111000000000000000,FALSE POSITIVE,FALSE POSITIVE,1,700.0,3.6834683,11.680578,0.8434,Claret (2011 A&A 529 75) ATLAS LS,0.0,0.0,0.3088,0.2774,Mandel and Agol (2002 ApJ 580 171),14.3,,,132.7061,0.00555,-0.00555,0.0,,,,,,2.63,0.61,-1.2,0.0278,,,0.986,0.01,-0.686,3.114,0.109,-0.109,,,,83.9,7.0,-7.0,1.5259105,9.818e-06,-9.818e-06,0.011494,8.5e-05,-0.003376,1.302,0.647,-0.647,40.75,,,2545.0,,,6640.0,189.0,-237.0,3.884,0.448,-0.112,-0.46,0.3,-0.3,2.099,0.479,-0.959,1.231,0.196,-0.239,,,,q1_q17_dr25_stellar,0.0,19.688233,2.1e-05,40.18945,0.00032,-4.2,0.88,6.7,1.1,0.000209,5.9e-05,-0.0005,7.7e-05,-7.98,1.0,3.0,1.9,8.5,1.1,-11.688,0.071,-0.759,0.068,11.712,0.071,CENT_RESOLVED_OFFSET---EPHEM_MATCH,2018-08-16 00:00:00,1.0,q1_q17_dr25_tce,005/005024/005024482/dv/kplr005024482-001-20160209194854_dvs.pdf,q1_q17_dr25_sup_koi,q1_q17_dr25_koi,2454965.706,0.00555,-0.00555,005/005024/005024482/dv/kplr005024482-20160209194854_dvr.pdf,0,0,1,1,9917.8,6820.55,-7388.14,0.01793,1.05104,-0.01175,LS+MCMC,0.0,0
7955301,K06938.01,,290.18625,0.0,19h20m44.70s,43.72385,0.0,+43d43m25.9s,13.474,,12.605,,12.328,,12.126,,10.992,0.023,10.487,0.018,10.385,0.011,12.672,,cumulative,Done,11111111111111111000000000000000,FALSE POSITIVE,FALSE POSITIVE,1,91.0,128.8911,715.11835,0.0,Claret (2011 A&A 529 75) ATLAS LS,0.0,0.0,0.1236,0.6196,Mandel and Agol (2002 ApJ 580 171),117.0,,,134.92291,0.00129,-0.00129,0.0,,,,,,291.01,44.95,-83.48,0.1422,,,1.204,0.321,-0.203,6.0662,0.0654,-0.0654,,,,17749.0,182.0,-182.0,15.32763411,2.367e-05,-2.367e-05,0.392824,0.299527,-0.168994,13.59,2.3,-2.3,84.92,,,1472.0,,,4830.0,57.0,-78.0,2.987,0.188,-0.101,0.12,0.1,-0.15,6.784,1.048,-1.946,1.628,0.26,-0.483,,,,q1_q17_dr25_stellar,0.0,19.345751879,9.7e-08,43.7238247,1.1e-06,0.0733,0.0038,-0.091,0.004,0.0,2.0,0.0,2.8,0.005,0.073,0.018,0.072,0.019,0.075,0.048,0.072,-0.073,0.073,0.087,0.068,MOD_SEC_DV---MOD_SEC_ALT---MOD_ODDEVEN_DV---DEEP_V_SHAPED---HAS_SEC_TCE,2018-08-16 00:00:00,1.0,q1_q17_dr25_tce,007/007955/007955301/dv/kplr007955301-001-20160209194854_dvs.pdf,q1_q17_dr25_sup_koi,q1_q17_dr25_koi,2454967.923,0.00129,-0.00129,007/007955/007955301/dv/kplr007955301-20160209194854_dvr.pdf,0,1,0,0,1108.58,439.96,-580.32,0.20189,0.03352,-0.02833,LS+MCMC,0.0,0
9641008,K03860.01,,288.00998,0.0,19h12m02.40s,46.306061,0.0,+46d18m21.8s,15.025,,14.449,,14.259,,14.179,,13.293,0.025,12.852,0.021,12.761,0.024,14.489,,cumulative,Done,11111111111111111000000000000000,FALSE POSITIVE,FALSE POSITIVE,1,616.0,7.823546,43.467255,0.5607,Claret (2011 A&A 529 75) ATLAS LS,0.0,0.0,0.2665,0.398,Mandel and Agol (2002 ApJ 580 171),89.2,,,132.02433,0.00108,-0.00108,0.0,,,,,,19.46,3.2,-1.37,0.0303,,,1.223,2.712,-0.016,3.5302,0.0518,-0.0518,,,,662.6,8.9,-8.9,2.178154774,2.707e-06,-2.707e-06,0.250308,2.7068,-0.015521,1.732,0.855,-0.855,45.05,,,1180.0,,,5515.0,163.0,-147.0,4.624,0.035,-0.105,-0.54,0.3,-0.3,0.712,0.117,-0.05,0.785,0.073,-0.073,,,,q1_q17_dr25_stellar,0.0,19.20053,6.6e-06,46.306387,6.5e-05,-5.03,0.25,1.18,0.23,0.001703,8.3e-05,-0.000448,7.9e-05,-3.61,0.39,-2.07,0.3,4.16,0.44,-3.58,0.37,-2.22,0.28,4.21,0.41,MOD_SEC_ALT---CENT_RESOLVED_OFFSET---HALO_GHOST---EPHEM_MATCH,2018-08-16 00:00:00,1.0,q1_q17_dr25_tce,009/009641/009641008/dv/kplr009641008-001-20160209194854_dvs.pdf,q1_q17_dr25_sup_koi,q1_q17_dr25_koi,2454965.024,0.00108,-0.00108,009/009641/009641008/dv/kplr009641008-20160209194854_dvr.pdf,0,1,1,1,457.16,239.17,-102.44,0.0207,0.27593,-0.00101,LS+MCMC,0.0,0
5209845,K02883.01,Kepler-1378 b,297.37332,0.0,19h49m29.60s,40.366402,0.0,+40d21m59.0s,17.085,,15.846,,15.408,,,,14.085,0.019,13.297,0.044,13.328,0.026,15.911,,cumulative,Done,00011111111111111000000000000000,CONFIRMED,CANDIDATE,1,97.0,4.431414,16.68764,0.9643,Claret (2011 A&A 529 75) ATLAS LS,0.0,0.0,0.0853,0.6656,Mandel and Agol (2002 ApJ 580 171),19.3,,,140.26226,0.00586,-0.00586,0.0,,,,,,2.1,0.13,-0.2,0.0885,,,0.744,0.209,-0.496,2.656,0.116,-0.116,,,,855.9,51.0,-51.0,11.95401876,7.573e-05,-7.573e-05,0.029175,0.009919,-0.003346,24.5,11.6,-11.6,88.26,,,525.0,,,4359.0,138.0,-172.0,4.611,0.056,-0.02,-0.06,0.3,-0.3,0.659,0.042,-0.062,0.648,0.064,-0.057,,,,q1_q17_dr25_stellar,0.0,19.82488,1.6e-05,40.36603,0.00017,-0.31,0.67,-1.35,0.62,0.00018,0.00059,0.00117,0.00055,0.23,0.21,-0.1,0.26,0.25,0.24,0.3,0.23,-0.02,0.25,0.3,0.23,NO_COMMENT,2018-08-16 00:00:00,1.0,q1_q17_dr25_tce,005/005209/005209845/dv/kplr005209845-001-20160209194854_dvs.pdf,q1_q17_dr25_sup_koi,q1_q17_dr25_koi,2454973.262,0.00586,-0.00586,005/005209/005209845/dv/kplr005209845-20160209194854_dvr.pdf,0,0,0,0,17.92,5.04,-5.4,1.94132,3.66812,-1.71926,LS+MCMC,1.0,1
3867615,K02289.02,Kepler-379 b,295.70111,0.0,19h42m48.27s,38.945831,0.0,+38d56m45.0s,13.743,,13.31,,13.193,,13.158,,12.341,0.021,12.092,0.018,12.005,0.018,13.358,,cumulative,Done,11111011101110111000000000000000,CONFIRMED,CANDIDATE,2,51.0,4.3078794,15.687434,0.496,Claret (2011 A&A 529 75) ATLAS LS,0.0,0.0,0.2844,0.3661,Mandel and Agol (2002 ApJ 580 171),20.9,,,207.57757,0.0048,-0.0048,0.0,,,,,,1.58,0.27,-0.22,0.1495,,,0.02,0.414,-0.02,5.207,0.144,-0.144,,,,157.8,8.8,-8.8,20.0983676,0.0001238,-0.0001238,0.011476,0.000549,-0.000302,29.82,2.3,-2.3,89.96,,,775.0,,,6053.0,121.0,-133.0,4.279,0.12,-0.12,0.06,0.15,-0.15,1.26,0.217,-0.177,1.098,0.1,-0.081,,,,q1_q17_dr25_stellar,0.008,19.713452,2e-05,38.94585,0.00025,1.9,0.82,0.06,0.89,-0.00028,0.00013,-1e-05,0.00014,0.57,0.48,-1.08,0.38,1.22,0.32,0.58,0.49,-1.04,0.42,1.19,0.39,NO_COMMENT,2018-08-16 00:00:00,2.0,q1_q17_dr25_tce,003/003867/003867615/dv/kplr003867615-002-20160209194854_dvs.pdf,q1_q17_dr25_sup_koi,q1_q17_dr25_koi,2455040.578,0.0048,-0.0048,003/003867/003867615/dv/kplr003867615-20160209194854_dvr.pdf,0,0,0,0,85.34,41.59,-27.65,1.24221,0.09571,-0.41431,LS+MCMC,0.927,1
3758922,K04853.01,,294.47876,0.0,19h37m54.90s,38.883659,0.0,+38d53m01.2s,15.188,,14.589,,14.406,,14.33,,13.518,0.026,13.134,0.033,13.07,0.039,14.641,,cumulative,Done,11111011101110111000000000000000,CANDIDATE,CANDIDATE,1,62.0,3.2794206,8.6621,0.1951,Claret (2011 A&A 529 75) ATLAS LS,0.0,0.0,0.2602,0.4096,Mandel and Agol (2002 ApJ 580 171),9.2,,,144.3554,0.0136,-0.0136,0.0,,,,,,1.14,0.35,-0.11,0.1346,,,0.065,0.392,-0.065,4.816,0.566,-0.566,,,,144.7,18.6,-18.6,17.7412303,0.0003966,-0.0003966,0.010924,0.000752,-0.000925,28.4,12.1,-12.1,89.87,,,684.0,,,5817.0,139.0,-191.0,4.491,0.052,-0.208,0.08,0.25,-0.3,0.956,0.289,-0.096,1.032,0.112,-0.125,,,,q1_q17_dr25_stellar,0.938,19.631917,4.3e-05,38.88366,0.00048,0.0,1.8,0.0,1.7,1e-05,0.00024,-4e-05,0.00023,-0.9,1.1,-1.1,1.1,1.5,1.1,-0.9,1.1,-1.3,1.1,1.6,1.1,NO_COMMENT,2018-08-16 00:00:00,1.0,q1_q17_dr25_tce,003/003758/003758922/dv/kplr003758922-001-20160209194854_dvs.pdf,q1_q17_dr25_sup_koi,q1_q17_dr25_koi,2454977.355,0.0136,-0.0136,003/003758/003758922/dv/kplr003758922-20160209194854_dvr.pdf,0,0,0,0,51.69,44.67,-15.09,1.37638,3.51982,-0.57022,LS+MCMC,0.625,1
8845552,K07099.01,,300.30533,0.0,20h01m13.28s,45.093418,0.0,+45d05m36.3s,16.533,,15.482,,15.107,,14.876,,13.787,0.027,13.176,0.028,12.968,0.04,15.534,,cumulative,Done,11111111111111111000000000000000,CANDIDATE,CANDIDATE,1,42.0,5.4872036,7.9615827,,Claret (2011 A&A 529 75) ATLAS LS,0.0,0.0,0.3123,0.3526,Mandel and Agol (2002 ApJ 580 171),9.6,,,138.9291,0.0117,-0.0117,0.0,,,,,,1.05,0.07,-0.1,0.1634,,,0.6983,0.0633,-0.4897,3.849,0.364,-0.364,,,,386.6,50.0,-50.0,34.0357766,0.0004609,-0.0004609,0.019173,0.005787,-0.001981,50.2,23.6,-23.6,89.38,,,337.0,,,4367.0,136.0,-146.0,4.739,0.06,-0.06,-1.14,0.3,-0.3,0.501,0.035,-0.046,0.503,0.039,-0.033,,,,stellar_q1_q17,0.533,20.020394,4e-05,45.09363,0.00041,1.5,1.5,0.8,1.5,-0.00023,0.0006,-0.00028,0.00059,0.11,0.79,-0.28,0.95,0.3,1.1,0.21,0.85,-0.1,1.1,0.2,1.3,,2018-08-16 00:00:00,1.0,q1_q17_dr24_tce,008/008845/008845552/dv/kplr008845552-001-20141002224145_dvs.pdf,q1_q17_dr25_sup_koi,q1_q17_dr24_koi,2454971.929,0.0117,-0.0117,008/008845/008845552/dv/kplr008845552-20141002224145_dvr.pdf,0,0,0,0,3.06,0.9,-0.86,2.05976,4.83953,-0.08325,MCMC,,1
9780149,K05713.01,,295.6026,0.0,19h42m24.62s,46.517567,0.0,+46d31m03.2s,12.9,,12.242,,12.034,,,,11.345,0.024,11.03,0.022,10.95,0.017,12.294,,cumulative,Done,10000000000000000000000000000000,FALSE POSITIVE,FALSE POSITIVE,1,14.0,4.703893,8.635228,0.3884,Claret (2011 A&A 529 75) ATLAS LS,0.0,0.0,0.2736,0.3819,Mandel and Agol (2002 ApJ 580 171),24.2,,,132.0918,0.025,-0.025,0.0,,,,,,41.44,11.92,-11.93,0.0354,,,1.275,0.037,-0.274,21.79,5.6,-5.6,,,,367.9,34.9,-34.9,2.53021,0.004023,-0.004023,0.292789,0.033305,-0.251281,1.288,0.129,-0.129,8.13,,,1543.0,,,5780.0,172.0,-190.0,4.178,0.306,-0.165,-0.16,0.3,-0.3,1.296,0.373,-0.373,0.924,0.134,-0.1,,,,q1_q17_dr25_stellar,0.0,19.706795,3.2e-05,46.51488,0.00035,-1.7,1.2,-9.7,1.3,0.00028,0.00023,0.00182,0.00024,-0.649,0.093,-4.92,0.11,4.96,0.11,-0.747,0.093,-4.86,0.11,4.92,0.11,MOD_NONUNIQ_ALT---CENT_FEW_DIFFS,2018-08-16 00:00:00,1.0,q1_q17_dr25_tce,009/009780/009780149/dv/kplr009780149-001-20160209194854_dvs.pdf,q1_q17_dr25_sup_koi,q1_q17_dr25_koi,2454965.092,0.025,-0.025,009/009780/009780149/dv/kplr009780149-20160209194854_dvr.pdf,0,1,0,0,1338.82,1157.88,-744.73,0.00631,0.00063,-0.00292,LS+MCMC,0.133,0
4758368,K06448.01,,294.93637,0.0,19h39m44.73s,39.852482,0.0,+39d51m08.9s,11.67,,10.766,,10.434,,10.209,,9.132,0.022,8.517,0.021,8.376,0.018,10.805,,cumulative,Done,11111011101110111000000000000000,FALSE POSITIVE,FALSE POSITIVE,1,575.0,83.01248,1024.2103,0.0,Claret (2011 A&A 529 75) ATLAS LS,0.0,0.0,0.0911,0.6678,Mandel and Agol (2002 ApJ 580 171),1566.6,,,132.701553,0.000144,-0.000144,0.0,,,,,,378.99,44.55,-133.6,0.0381,,,0.817,0.002,-0.002,10.0159,0.0134,-0.0134,,,,31525.9,38.6,-38.6,1.874967748,3.31e-07,-3.31e-07,0.189363,0.000626,-0.000419,1.57165,0.00151,-0.00151,58.67,,,4440.0,,,4588.0,55.0,-75.0,2.232,0.176,-0.095,-0.02,0.1,-0.15,18.328,2.154,-6.463,2.09,0.889,-0.889,,,,q1_q17_dr25_stellar,,,,,,,,,,,,,,0.16,0.36,0.3,0.56,0.34,0.52,-0.09,0.38,0.86,0.72,0.87,0.75,PLANET_IN_STAR---MOD_ODDEVEN_DV---MOD_ODDEVEN_ALT---HAS_SEC_TCE---CENT_SATURATED,2018-08-16 00:00:00,1.0,q1_q17_dr25_tce,004/004758/004758368/dv/kplr004758368-001-20160209194854_dvs.pdf,q1_q17_dr25_sup_koi,q1_q17_dr25_koi,2454965.702,0.000144,-0.000144,004/004758/004758368/dv/kplr004758368-20160209194854_dvr.pdf,0,1,0,0,91765.97,28432.06,-55761.64,0.02089,2e-05,-0.0001,LS+MCMC,0.0,0
7770471,K03706.01,,297.18048,0.0,19h48m43.32s,43.477112,0.0,+43d28m37.6s,15.033,,14.587,,14.442,,14.35,,13.914,0.026,13.576,0.025,13.509,0.036,14.62,,cumulative,Done,00000000011111111000000000000000,FALSE POSITIVE,FALSE POSITIVE,1,0.0,684.9937,5796.7534,-1.0,Claret (2011 A&A 529 75) ATLAS LS,0.0,0.0,0.311,0.2938,Mandel and Agol (2002 ApJ 580 171),1837.9,,,132.448327,0.000147,-0.000147,0.0,,,,,,118.11,36.39,-24.29,0.0231,,,0.26,0.005,-0.003,4.66082,0.00363,-0.00363,,,,605713.0,369.0,-369.0,1.157804607,1.54e-07,-1.54e-07,0.759009,0.00153,-0.000805,3.4691,0.0115,-0.0115,85.71,,,2255.0,,,6510.0,181.0,-250.0,4.219,0.153,-0.187,-0.12,0.25,-0.3,1.425,0.439,-0.293,1.228,0.188,-0.188,,,,q1_q17_dr25_stellar,,19.812029585,1.5e-08,43.47709368,1.6e-07,-0.09464,0.00059,-0.05874,0.00058,,,,,-0.001,0.067,0.002,0.067,0.002,0.067,-0.003,0.068,-0.072,0.069,0.072,0.069,LPP_DV---CENT_NOFITS,2018-08-16 00:00:00,1.0,q1_q17_dr25_tce,007/007770/007770471/dv/kplr007770471-001-20160209194854_dvs.pdf,q1_q17_dr25_sup_koi,q1_q17_dr25_koi,2454965.448,0.000147,-0.000147,007/007770/007770471/dv/kplr007770471-20160209194854_dvr.pdf,1,0,0,0,6116.99,5562.93,-2816.53,0.58919,0.00195,-0.00139,LS+MCMC,0.0,0
8227661,K02826.01,,289.84772,0.0,19h19m23.45s,44.185783,0.0,+44d11m08.8s,13.556,,12.891,,12.684,,,,14.329,0.05,13.598,0.058,13.191,0.045,12.946,,cumulative,Done,00000111111111111000000000000000,FALSE POSITIVE,FALSE POSITIVE,1,516.0,3.9291978,16.466364,0.3007,Claret (2011 A&A 529 75) ATLAS LS,0.0,0.0,0.366,0.3573,Mandel and Agol (2002 ApJ 580 171),18.0,,,132.66885,0.00668,-0.00668,0.0,,,,,,0.23,0.0,0.0,0.0134,,,0.551,0.398,-0.337,1.816,0.142,-0.142,,,,348.6,24.4,-24.4,1.85373924,1.184e-05,-1.184e-05,0.01786,0.000446,-0.001031,6.71,2.9,-2.9,85.29,,,345.0,,,2661.0,0.0,0.0,5.283,0.0,0.0,0.0,0.0,0.0,0.116,0.0,0.0,0.094,0.0,0.0,,,,q1_q17_dr25_stellar,0.0,19.322781,2.1e-05,44.18857,0.00022,-15.48,0.8,10.05,0.79,0.00477,0.00025,-0.00312,0.00025,-7.74,0.16,3.667,0.072,8.56,0.15,-7.857,0.069,3.053,0.068,8.429,0.069,MOD_SEC_ALT---CENT_RESOLVED_OFFSET,2018-08-16 00:00:00,1.0,q1_q17_dr25_tce,008/008227/008227661/dv/kplr008227661-001-20160209194854_dvs.pdf,q1_q17_dr25_sup_koi,q1_q17_dr25_koi,2454965.669,0.00668,-0.00668,008/008227/008227661/dv/kplr008227661-20160209194854_dvr.pdf,0,1,1,0,3.36,0.0,0.0,1.66594,1.43877,-0.40989,LS+MCMC,0.0,0
8738775,K03432.01,Kepler-1498 b,284.77811,0.0,18h59m06.75s,44.916779,0.0,+44d55m00.4s,15.681,,14.983,,14.756,,14.668,,13.703,0.026,13.233,0.027,13.238,0.038,15.033,,cumulative,Done,11111111111111111000000000000000,CONFIRMED,CANDIDATE,1,28.0,4.6964445,13.686489,0.4305,Claret (2011 A&A 529 75) ATLAS LS,0.0,0.0,0.1923,0.5191,Mandel and Agol (2002 ApJ 580 171),15.1,,,140.514,0.017,-0.017,0.0,,,,,,2.36,0.42,-0.78,0.2528,,,0.186,0.267,-0.186,7.999,0.45,-0.45,,,,274.5,21.4,-21.4,48.0506878,0.0009968,-0.0009968,0.014886,0.000891,-0.000726,45.8,11.0,-11.0,89.77,,,564.0,,,5332.0,95.0,-63.0,4.083,0.338,-0.113,0.18,0.2,-0.1,1.453,0.26,-0.483,0.932,0.051,-0.057,,,,q1_q17_dr25_stellar,0.313,18.985204,2.4e-05,44.91656,0.00026,-0.09,0.94,-0.79,0.95,-1e-05,0.00026,0.00021,0.00026,0.57,0.36,0.1,0.21,0.58,0.35,0.81,0.39,0.1,0.21,0.82,0.38,NO_COMMENT,2018-08-16 00:00:00,1.0,q1_q17_dr25_tce,008/008738/008738775/dv/kplr008738775-001-20160209194854_dvs.pdf,q1_q17_dr25_sup_koi,q1_q17_dr25_koi,2454973.514,0.017,-0.017,008/008738/008738775/dv/kplr008738775-20160209194854_dvr.pdf,0,0,0,0,23.9,11.75,-13.74,0.78624,0.1892,-0.32699,LS+MCMC,0.996,1
9244756,K01969.01,Kepler-1779 b,300.41751,0.0,20h01m40.20s,45.605518,0.0,+45d36m19.9s,15.59,,14.968,,14.772,,14.653,,13.677,0.025,13.382,0.029,13.251,0.04,15.017,,cumulative,Done,11111111111111111000000000000000,CONFIRMED,CANDIDATE,1,84.0,5.261613,27.110012,0.2805,Claret (2011 A&A 529 75) ATLAS LS,0.0,0.0,0.2555,0.4191,Mandel and Agol (2002 ApJ 580 171),34.0,,,145.04116,0.00363,-0.00363,0.0,,,,,,3.26,0.5,-0.29,0.1264,,,0.716,0.203,-0.478,5.474,0.122,-0.122,,,,829.4,27.5,-27.5,16.34355902,7.639e-05,-7.639e-05,0.02826,0.004091,-0.00215,16.85,8.2,-8.2,87.56,,,730.0,,,5730.0,77.0,-86.0,4.394,0.08,-0.12,0.16,0.15,-0.15,1.056,0.161,-0.094,1.008,0.061,-0.061,,,,q1_q17_dr25_stellar,0.473,20.0278592,8.3e-06,45.60555,0.0001,0.98,0.31,0.12,0.37,-0.00024,0.00027,-6e-05,0.00032,0.03,0.16,0.07,0.12,0.07,0.13,0.0,0.18,0.02,0.15,0.02,0.16,NO_COMMENT,2018-08-16 00:00:00,1.0,q1_q17_dr25_tce,009/009244/009244756/dv/kplr009244756-001-20160209194854_dvs.pdf,q1_q17_dr25_sup_koi,q1_q17_dr25_koi,2454978.041,0.00363,-0.00363,009/009244/009244756/dv/kplr009244756-20160209194854_dvr.pdf,0,0,0,0,67.34,27.0,-14.74,0.33885,0.49546,-0.28048,LS+MCMC,1.0,1
11358389,K02163.01,Kepler-365 b,295.62659,0.0,19h42m30.38s,49.130428,0.0,+49d07m49.5s,15.141,,14.609,,14.44,,14.409,,13.484,0.025,13.155,0.027,13.145,0.036,14.651,,cumulative,Done,11111111111111111000000000000000,CONFIRMED,CANDIDATE,3,125.0,4.006625,21.737331,0.9456,Claret (2011 A&A 529 75) ATLAS LS,0.0,0.0,0.2868,0.3588,Mandel and Agol (2002 ApJ 580 171),25.3,,,132.00872,0.00344,-0.00344,0.0,,,,,,1.76,0.57,-0.23,0.0961,,,0.308,0.15,-0.308,3.159,0.109,-0.109,,,,292.6,13.1,-13.1,10.66489514,4.548e-05,-4.548e-05,0.015773,0.000466,-0.000552,24.97,7.3,-7.3,89.29,,,865.0,,,6014.0,190.0,-211.0,4.436,0.072,-0.217,-0.04,0.25,-0.3,1.021,0.333,-0.133,1.037,0.145,-0.13,,,,q1_q17_dr25_stellar,0.358,19.708443,1.5e-05,49.1303,0.00016,0.12,0.54,-0.47,0.57,-4e-05,0.00016,0.00013,0.00017,0.44,0.18,0.09,0.2,0.45,0.19,0.37,0.19,0.1,0.25,0.38,0.19,NO_COMMENT,2018-08-16 00:00:00,1.0,q1_q17_dr25_tce,011/011358/011358389/dv/kplr011358389-001-20160209194854_dvs.pdf,q1_q17_dr25_sup_koi,q1_q17_dr25_koi,2454965.009,0.00344,-0.00344,011/011358/011358389/dv/kplr011358389-20160209194854_dvr.pdf,0,0,0,0,132.15,131.05,-45.49,2.59019,0.75931,-0.65699,LS+MCMC,0.995,1
11037818,K05856.01,Kepler-1638 b,295.48242,0.0,19h41m55.78s,48.524441,0.0,+48d31m28.0s,15.238,,14.728,,14.553,,14.45,,13.55,0.023,13.204,0.024,13.138,0.035,14.759,,cumulative,Done,11111111111111111000000000000000,CONFIRMED,CANDIDATE,1,5.0,7.703123,10.947841,0.6579,Claret (2011 A&A 529 75) ATLAS LS,0.0,0.0,0.2367,0.4547,Mandel and Agol (2002 ApJ 580 171),13.1,,,165.6794,0.0426,-0.0426,0.0,,,,,,6.04,1.02,-2.23,0.9302,,,0.447,0.516,-0.242,16.04,1.1,-1.1,,,,349.7,30.3,-30.3,259.34304,0.01256,-0.01256,0.017252,0.000485,-0.001425,112.9,46.6,-46.6,89.77,,,449.0,,,5490.0,82.0,-82.0,3.629,0.262,-0.087,0.24,0.15,-0.15,3.204,0.545,-1.18,1.592,0.163,-0.409,,,,q1_q17_dr25_stellar,0.65,19.698835,3.2e-05,48.52435,0.00034,0.3,1.1,-0.3,1.2,-0.00013,0.00037,0.00018,0.00039,0.29,0.59,-0.52,0.17,0.59,0.32,0.13,0.59,-0.32,0.18,0.34,0.28,NO_COMMENT,2018-08-16 00:00:00,1.0,q1_q17_dr25_tce,011/011037/011037818/dv/kplr011037818-001-20160209194854_dvs.pdf,q1_q17_dr25_sup_koi,q1_q17_dr25_koi,2454998.679,0.0426,-0.0426,011/011037/011037818/dv/kplr011037818-20160209194854_dvr.pdf,0,0,0,0,9.65,4.36,-6.03,0.40427,0.16708,-0.13971,LS+MCMC,0.848,1
6670610,K06752.01,,284.27499,0.0,18h57m06.00s,42.123779,0.0,+42d07m25.6s,16.813,,15.512,,14.99,,14.719,,13.523,0.022,12.863,0.022,12.75,0.027,15.537,,cumulative,Done,11110111011101110000000000000000,CANDIDATE,CANDIDATE,1,117.0,3.1738057,7.133717,0.0717,Claret (2011 A&A 529 75) ATLAS LS,0.0,0.0,0.1171,0.6215,Mandel and Agol (2002 ApJ 580 171),7.2,,,137.26373,0.00908,-0.00908,0.0,,,,,,0.89,0.06,-0.1,0.0704,,,0.088,0.505,-0.088,1.803,0.699,-0.699,,,,233.5,72.5,-72.5,8.9429645,0.0001293,-0.0001293,0.013687,0.004554,-0.006061,38.3,18.9,-18.9,89.87,,,536.0,,,4183.0,125.0,-138.0,4.655,0.056,-0.024,-0.26,0.3,-0.3,0.594,0.043,-0.064,0.582,0.064,-0.058,,,,q1_q17_dr25_stellar,0.062,18.951639,3.4e-05,42.1244,0.00038,-1.1,1.4,2.2,1.4,7e-05,0.00039,-0.0005,0.00039,0.56,0.51,1.23,0.74,1.35,0.71,0.49,0.71,1.34,0.68,1.43,0.68,CENT_FEW_DIFFS,2018-08-16 00:00:00,1.0,q1_q17_dr25_tce,006/006670/006670610/dv/kplr006670610-001-20160209194854_dvs.pdf,q1_q17_dr25_sup_koi,q1_q17_dr25_koi,2454970.264,0.00908,-0.00908,006/006670/006670610/dv/kplr006670610-20160209194854_dvr.pdf,0,0,0,0,19.51,5.73,-5.93,13.25947,215.58649,-13.09908,LS+MCMC,1.0,1
12016243,K07506.01,,293.49564,0.0,19h33m58.95s,50.48064,0.0,+50d28m50.3s,15.668,,15.146,,14.989,,14.937,,14.036,0.026,13.632,0.028,13.609,0.05,15.193,,cumulative,Done,11001100110011001000000000000000,CANDIDATE,CANDIDATE,1,61.0,3.707846,8.382526,0.6375,Claret (2011 A&A 529 75) ATLAS LS,0.0,0.0,0.2868,0.3588,Mandel and Agol (2002 ApJ 580 171),10.4,,,138.0037,0.0211,-0.0211,0.0,,,,,,1.41,0.47,-0.16,0.1043,,,0.067,0.393,-0.067,6.044,0.49,-0.49,,,,199.3,22.0,-22.0,11.8436119,0.0003144,-0.0003144,0.012914,0.000882,-0.000832,15.14,7.0,-7.0,89.75,,,830.0,,,6077.0,181.0,-217.0,4.471,0.056,-0.224,-0.04,0.25,-0.3,0.999,0.333,-0.111,1.077,0.145,-0.145,,,,q1_q17_dr25_stellar,0.065,19.566318,3.8e-05,50.48026,0.00042,-2.0,1.3,-1.4,1.5,0.00037,0.00025,0.00026,0.00029,-0.72,0.35,-1.2,2.0,1.4,1.6,-0.77,0.32,-1.1,1.7,1.4,1.2,CENT_FEW_MEAS,2018-08-16 00:00:00,1.0,q1_q17_dr25_tce,012/012016/012016243/dv/kplr012016243-001-20160209194854_dvs.pdf,q1_q17_dr25_sup_koi,q1_q17_dr25_koi,2454971.004,0.0211,-0.0211,012/012016/012016243/dv/kplr012016243-20160209194854_dvr.pdf,0,0,0,0,111.98,111.89,-35.48,0.46822,0.86821,-0.1892,LS+MCMC,1.0,1
3342970,K00800.02,Kepler-234 c,291.65353,0.0,19h26m36.85s,38.494659,0.0,+38d29m40.8s,16.007,,15.483,,15.341,,15.262,,14.387,0.028,14.104,0.036,14.065,0.069,15.541,,cumulative,Done,11111111111111111000000000000000,CONFIRMED,CANDIDATE,2,165.0,6.1683164,40.04205,0.3431,Claret (2011 A&A 529 75) ATLAS LS,0.0,0.0,0.3024,0.3288,Mandel and Agol (2002 ApJ 580 171),51.5,,,172.81782,0.00163,-0.00163,0.0,,,,,,3.32,1.09,-0.36,0.077,,,0.012,0.394,-0.012,4.0491,0.058,-0.058,,,,950.4,19.5,-19.5,7.21203748,1.553e-05,-1.553e-05,0.028255,0.000702,-0.000335,14.003,0.696,-0.696,89.95,,,1025.0,,,6214.0,174.0,-239.0,4.442,0.054,-0.216,0.07,0.25,-0.3,1.076,0.353,-0.118,1.169,0.141,-0.173,,,,q1_q17_dr25_stellar,0.0,19.4435697,7.6e-06,38.494886,8.1e-05,0.07,0.32,0.81,0.29,-0.00011,0.00031,-0.00083,0.00029,0.05,0.16,0.07,0.14,0.09,0.16,0.07,0.16,0.19,0.14,0.2,0.14,NO_COMMENT,2018-08-16 00:00:00,2.0,q1_q17_dr25_tce,003/003342/003342970/dv/kplr003342970-002-20160209194854_dvs.pdf,q1_q17_dr25_sup_koi,q1_q17_dr25_koi,2455005.818,0.00163,-0.00163,003/003342/003342970/dv/kplr003342970-20160209194854_dvr.pdf,0,0,0,0,260.58,252.7,-84.01,0.99867,0.04965,-0.26684,LS+MCMC,1.0,1
6285094,K06683.01,,291.82001,0.0,19h27m16.80s,41.697842,0.0,+41d41m52.2s,15.439,,14.903,,14.765,,14.646,,13.74,0.027,13.461,0.043,13.339,0.044,14.967,,cumulative,Done,00110011001100110000000000000000,FALSE POSITIVE,FALSE POSITIVE,1,128.0,3.4383008,9.159836,0.5418,Claret (2011 A&A 529 75) ATLAS LS,0.0,0.0,0.2889,0.3511,Mandel and Agol (2002 ApJ 580 171),13.1,,,132.6829,0.0552,-0.0552,0.0,,,,,,1.03,0.33,-0.11,0.0593,,,0.82,0.144,-0.576,10.1,1.1,-1.1,,,,93.5,8.6,-8.6,5.2439783,0.0002932,-0.0002932,0.009893,0.001468,-0.001292,2.5,1.1,-1.1,70.84,,,1068.0,,,6029.0,188.0,-230.0,4.481,0.054,-0.216,-0.14,0.3,-0.3,0.956,0.306,-0.102,1.005,0.144,-0.118,,,,q1_q17_dr25_stellar,0.0,19.4547,2.9e-05,41.69834,0.00031,1.3,1.2,1.8,1.1,-0.000137,8.6e-05,-0.000158,8.1e-05,-2.8,1.4,0.16,0.83,2.8,1.4,-3.0,1.4,-0.83,0.82,3.2,1.4,CENT_KIC_POS---HALO_GHOST---EPHEM_MATCH,2018-08-16 00:00:00,1.0,q1_q17_dr25_tce,006/006285/006285094/dv/kplr006285094-001-20160209194854_dvs.pdf,q1_q17_dr25_sup_koi,q1_q17_dr25_koi,2454965.683,0.0552,-0.0552,006/006285/006285094/dv/kplr006285094-20160209194854_dvr.pdf,0,0,1,1,307.32,298.22,-97.41,0.01074,0.02866,-0.00854,LS+MCMC,0.0,0
8695311,K03042.01,,294.16644,0.0,19h36m39.95s,44.886311,0.0,+44d53m10.7s,16.45,,15.912,,15.751,,15.699,,14.835,0.044,14.506,0.051,14.479,0.088,15.959,,cumulative,Done,11111111111111111000000000000000,CANDIDATE,CANDIDATE,1,45.0,3.5750873,9.643025,0.3545,Claret (2011 A&A 529 75) ATLAS LS,0.0,0.0,0.2889,0.3511,Mandel and Agol (2002 ApJ 580 171),12.7,,,158.5632,0.0137,-0.0137,0.0,,,,,,1.91,0.56,-0.23,0.1964,,,0.153,0.298,-0.153,5.692,0.511,-0.511,,,,385.4,36.6,-36.6,31.0259489,0.0005039,-0.0005039,0.018009,0.000885,-0.001197,41.91,3.1,-3.1,89.79,,,595.0,,,6075.0,189.0,-232.0,4.486,0.048,-0.192,-0.12,0.3,-0.3,0.969,0.285,-0.114,1.048,0.129,-0.142,,,,q1_q17_dr25_stellar,0.414,19.611066,2.9e-05,44.8862,0.00036,-1.2,1.1,-0.4,1.3,0.00028,0.0004,0.00025,0.00047,-0.84,0.52,0.4,1.2,0.92,0.83,-1.05,0.53,0.7,1.2,1.26,0.98,CENT_KIC_POS,2018-08-16 00:00:00,1.0,q1_q17_dr25_tce,008/008695/008695311/dv/kplr008695311-001-20160209194854_dvs.pdf,q1_q17_dr25_sup_koi,q1_q17_dr25_koi,2454991.563,0.0137,-0.0137,008/008695/008695311/dv/kplr008695311-20160209194854_dvr.pdf,0,0,0,0,29.67,26.5,-9.9,1.44639,0.10774,-0.81875,LS+MCMC,0.998,1
12314973,K00279.02,Kepler-450 c,295.48651,0.0,19h41m56.76s,51.0135,0.0,+51d00m48.6s,11.967,,11.628,,11.563,,11.545,,10.708,0.019,10.472,0.018,10.429,0.017,11.684,,cumulative,Done,11111111111111111000000000000000,CONFIRMED,CANDIDATE,3,83.0,9.396902,43.640507,0.2845,Claret (2011 A&A 529 75) ATLAS LS,0.0,0.0,0.3061,0.3279,Mandel and Agol (2002 ApJ 580 171),55.2,,,136.94324,0.0026,-0.0026,0.0,,,,,,2.59,0.15,-0.18,0.1324,,,0.372,0.077,-0.372,6.6358,0.0755,-0.0755,,,,264.3,5.1,-5.1,15.4130812,4.684e-05,-4.684e-05,0.015072,0.000196,-0.000397,16.77,4.5,-4.5,88.73,,,944.0,,,6206.0,80.0,-74.0,4.159,0.048,-0.032,0.22,0.15,-0.2,1.573,0.089,-0.111,1.305,0.053,-0.093,,,,q1_q17_dr25_stellar,0.0,19.6991081,4.3e-06,51.01337,5.1e-05,0.25,0.15,-0.47,0.19,-3.4e-05,3.6e-05,9.6e-05,4.6e-05,-0.17,0.29,-0.07,0.27,0.18,0.29,-0.05,0.29,0.03,0.27,0.06,0.29,NO_COMMENT,2018-08-16 00:00:00,2.0,q1_q17_dr25_tce,012/012314/012314973/dv/kplr012314973-002-20160209194854_dvs.pdf,q1_q17_dr25_sup_koi,q1_q17_dr25_koi,2454969.943,0.0026,-0.0026,012/012314/012314973/dv/kplr012314973-20160209194854_dvr.pdf,0,0,0,0,187.39,32.8,-33.1,0.3757,0.10005,-0.06765,LS+MCMC,0.998,1
9353314,K01900.01,Kepler-1007 b,295.90656,0.0,19h43m37.57s,45.80912,0.0,+45d48m32.8s,15.792,,14.672,,14.295,,14.081,,12.94,0.02,12.326,0.019,12.224,0.016,14.744,,cumulative,Done,11111111111111111000000000000000,CONFIRMED,CANDIDATE,1,261.0,4.6612425,33.10402,0.1831,Claret (2011 A&A 529 75) ATLAS LS,0.0,0.0,0.1496,0.5738,Mandel and Agol (2002 ApJ 580 171),36.4,,,131.8814,0.00185,-0.00185,0.0,,,,,,1.15,0.09,-0.12,0.048,,,0.021,0.415,-0.021,2.1397,0.058,-0.058,,,,430.1,13.7,-13.7,5.18498961,1.159e-05,-1.159e-05,0.018775,0.000647,-0.000335,18.865,0.491,-0.491,89.94,,,652.0,,,4325.0,131.0,-131.0,4.68,0.059,-0.027,-0.64,0.3,-0.3,0.56,0.045,-0.056,0.547,0.056,-0.038,,,,q1_q17_dr25_stellar,0.923,19.7271023,8.4e-06,45.809059,9.2e-05,-0.01,0.32,-0.22,0.33,2e-05,0.00014,3e-05,0.00014,0.14,0.13,0.12,0.11,0.18,0.12,0.18,0.13,0.02,0.12,0.18,0.13,NO_COMMENT,2018-08-16 00:00:00,1.0,q1_q17_dr25_tce,009/009353/009353314/dv/kplr009353314-001-20160209194854_dvs.pdf,q1_q17_dr25_sup_koi,q1_q17_dr25_koi,2454964.881,0.00185,-0.00185,009/009353/009353314/dv/kplr009353314-20160209194854_dvr.pdf,0,0,0,0,42.62,13.44,-12.09,4.72431,0.12305,-1.85921,LS+MCMC,1.0,1
6610064,K04529.01,,292.97867,0.0,19h31m54.88s,42.056492,0.0,+42d03m23.4s,14.574,,13.876,,13.681,,13.559,,12.561,0.022,12.181,0.021,12.077,0.022,13.949,,cumulative,Done,11111111111111111000000000000000,FALSE POSITIVE,FALSE POSITIVE,1,1146.0,4.565875,12.366543,0.8998,Claret (2011 A&A 529 75) ATLAS LS,0.0,0.0,0.2291,0.4603,Mandel and Agol (2002 ApJ 580 171),21.9,,,131.84461,0.00285,-0.00285,0.0,,,,,,0.87,0.29,-0.18,0.013,,,0.584,0.35,-0.374,1.6192,0.0969,-0.0969,,,,66.2,3.6,-3.6,0.584148495,1.604e-06,-1.604e-06,0.007715,0.002383,-0.000437,2.387,0.803,-0.803,75.84,,,2130.0,,,5427.0,160.0,-144.0,4.347,0.184,-0.225,0.06,0.25,-0.25,1.031,0.346,-0.213,0.861,0.108,-0.072,,,,q1_q17_dr25_stellar,0.0,19.531652,2e-05,42.0523,0.00021,-10.42,0.81,-15.09,0.76,0.000552,4.2e-05,0.000791,4e-05,-2.35,0.16,-5.19,0.99,5.69,0.84,-2.27,0.17,-5.28,0.84,5.75,0.71,MOD_SEC_ALT---CENT_RESOLVED_OFFSET,2018-08-16 00:00:00,1.0,q1_q17_dr25_tce,006/006610/006610064/dv/kplr006610064-001-20160209194854_dvs.pdf,q1_q17_dr25_sup_koi,q1_q17_dr25_koi,2454964.845,0.00285,-0.00285,006/006610/006610064/dv/kplr006610064-20160209194854_dvr.pdf,0,1,1,0,4882.9,4900.81,-2122.64,0.75374,0.50743,-0.12634,LS+MCMC,0.0,0
8039925,K06956.01,,295.54422,0.0,19h42m10.61s,43.878342,0.0,+43d52m42.0s,13.936,,13.578,,13.482,,13.466,,12.637,0.021,12.446,0.017,12.358,0.019,13.618,,cumulative,Done,11111111111111111000000000000000,FALSE POSITIVE,FALSE POSITIVE,1,69.0,4.1703744,9.87049,0.0887,Claret (2011 A&A 529 75) ATLAS LS,0.0,0.0,0.311,0.2914,Mandel and Agol (2002 ApJ 580 171),23.7,,,141.4275,0.0373,-0.0373,0.0,,,,,,1.23,0.4,-0.19,0.1536,,,0.707,0.86,-0.707,19.27,3.1,-3.1,,,,82.6,7.2,-7.2,20.2594232,0.0008675,-0.0008675,0.008897,0.163635,-0.001508,5.84,1.8,-1.8,83.04,,,837.0,,,6602.0,158.0,-218.0,4.301,0.101,-0.188,-0.24,0.25,-0.3,1.269,0.406,-0.203,1.178,0.175,-0.158,,,,q1_q17_dr25_stellar,0.627,19.702957,2.7e-05,43.87824,0.00029,0.3,1.1,-0.4,1.1,3e-06,6.6e-05,3.4e-05,6.5e-05,1.62,0.9,-0.11,0.35,1.62,0.89,1.66,0.89,-0.18,0.34,1.67,0.88,LPP_DV---CENT_UNRESOLVED_OFFSET,2018-08-16 00:00:00,1.0,q1_q17_dr25_tce,008/008039/008039925/dv/kplr008039925-001-20160209194854_dvs.pdf,q1_q17_dr25_sup_koi,q1_q17_dr25_koi,2454974.428,0.0373,-0.0373,008/008039/008039925/dv/kplr008039925-20160209194854_dvr.pdf,1,0,0,0,116.05,106.2,-44.45,0.00917,0.00552,-0.00863,LS+MCMC,0.0,0
9574179,K02637.01,,284.72894,0.0,18h58m54.95s,46.206478,0.0,+46d12m23.3s,15.475,,14.968,,14.82,,14.79,,13.857,0.025,13.488,0.024,13.483,0.049,15.016,,cumulative,Done,11111111111111111000000000000000,CANDIDATE,CANDIDATE,1,341.0,3.6915476,10.48545,0.6632,Claret (2011 A&A 529 75) ATLAS LS,0.0,0.0,0.2555,0.4191,Mandel and Agol (2002 ApJ 580 171),12.4,,,134.8296,0.00991,-0.00991,0.0,,,,,,1.15,0.19,-0.18,0.0492,,,0.355,0.093,-0.355,3.516,0.258,-0.258,,,,94.2,9.0,-9.0,3.98864999,4.261e-05,-4.261e-05,0.008903,0.000456,-0.000593,8.21,3.1,-3.1,87.52,,,1233.0,,,5692.0,77.0,-77.0,4.288,0.137,-0.112,0.16,0.15,-0.15,1.188,0.189,-0.189,0.997,0.072,-0.058,,,,q1_q17_dr25_stellar,0.03,18.981857,3.3e-05,46.20632,0.00032,-2.7,1.2,-0.6,1.2,0.00022,0.00011,4e-05,0.0001,-0.65,0.38,-0.67,0.4,0.94,0.39,-0.81,0.34,-0.85,0.41,1.17,0.38,NO_COMMENT,2018-08-16 00:00:00,1.0,q1_q17_dr25_tce,009/009574/009574179/dv/kplr009574179-001-20160209194854_dvs.pdf,q1_q17_dr25_sup_koi,q1_q17_dr25_koi,2454967.83,0.00991,-0.00991,009/009574/009574179/dv/kplr009574179-20160209194854_dvr.pdf,0,0,0,0,547.73,228.78,-180.95,0.6581,0.25177,-0.24168,LS+MCMC,0.993,1
10978763,K01931.01,Kepler-339 b,293.35172,0.0,19h33m24.41s,48.444641,0.0,+48d26m40.7s,15.054,,14.469,,14.307,,14.205,,13.28,0.025,12.895,0.024,12.874,0.03,14.531,,cumulative,Done,11111111111111111000000000000000,CONFIRMED,CANDIDATE,3,272.0,5.589385,27.2562,0.4379,Claret (2011 A&A 529 75) ATLAS LS,0.0,0.0,0.186,0.5256,Mandel and Agol (2002 ApJ 580 171),27.5,,,134.67304,0.00261,-0.00261,0.0,,,,,,1.75,0.24,-0.24,0.0545,,,0.474,0.462,-0.265,2.5719,0.079,-0.079,,,,287.3,11.6,-11.6,4.97760447,1.694e-05,-1.694e-05,0.015682,0.000138,-0.000908,13.3,3.8,-3.8,87.96,,,1023.0,,,5353.0,80.0,-72.0,4.358,0.137,-0.1,0.16,0.15,-0.1,1.023,0.141,-0.141,0.87,0.064,-0.032,,,,q1_q17_dr25_stellar,0.042,19.5567904,9.1e-06,48.44448,9.6e-05,0.33,0.33,-0.57,0.35,-8.3e-05,9.2e-05,0.000115,9.7e-05,0.05,0.1,-0.08,0.19,0.1,0.15,0.01,0.11,-0.19,0.16,0.19,0.16,NO_COMMENT,2018-08-16 00:00:00,1.0,q1_q17_dr25_tce,010/010978/010978763/dv/kplr010978763-001-20160209194854_dvs.pdf,q1_q17_dr25_sup_koi,q1_q17_dr25_koi,2454967.673,0.00261,-0.00261,010/010978/010978763/dv/kplr010978763-20160209194854_dvr.pdf,0,0,0,0,258.91,96.79,-76.6,1.79524,1.0334,-0.16478,LS+MCMC,1.0,1
10816107,K07377.01,,298.29193,0.0,19h53m10.06s,48.194691,0.0,+48d11m40.9s,14.444,,13.923,,13.731,,13.629,,12.697,0.023,12.274,0.015,12.302,0.026,13.945,,cumulative,Done,11111101110111011000000000000000,FALSE POSITIVE,FALSE POSITIVE,1,492.0,265.54388,2719.1772,0.0494,Claret (2011 A&A 529 75) ATLAS LS,0.0,0.0,0.2946,0.3268,Mandel and Agol (2002 ApJ 580 171),239.2,,,131.80273,0.000408,-0.000408,0.0,,,,,,29.61,9.62,-9.62,0.0303,,,0.715,0.011,-0.006,4.0537,0.0283,-0.0283,,,,50163.0,297.0,-297.0,2.161583501,1.096e-06,-1.096e-06,0.22245,0.001193,-0.001301,4.1422,0.0586,-0.0586,80.06,,,1646.0,,,5888.0,177.0,-159.0,4.167,0.364,-0.196,-0.62,0.3,-0.25,1.219,0.396,-0.396,0.796,0.11,-0.047,,,,q1_q17_dr25_stellar,0.0,19.886131302,5.7e-08,48.19461079,5e-07,0.1189,0.0021,-0.2851,0.0018,-0.0045,0.0042,0.0013,0.0063,0.051,0.067,-0.11,0.067,0.121,0.067,-0.014,0.068,-0.36,0.067,0.36,0.067,MOD_SEC_DV---MOD_SEC_ALT---HAS_SEC_TCE,2018-08-16 00:00:00,1.0,q1_q17_dr25_tce,010/010816/010816107/dv/kplr010816107-001-20160209194854_dvs.pdf,q1_q17_dr25_sup_koi,q1_q17_dr25_koi,2454964.803,0.000408,-0.000408,010/010816/010816107/dv/kplr010816107-20160209194854_dvr.pdf,0,1,0,0,1741.01,1699.25,-1029.74,0.28774,0.00407,-0.01427,LS+MCMC,0.008,0
7293937,K03211.01,,295.25244,0.0,19h41m00.59s,42.896114,0.0,+42d53m46.0s,13.439,,11.93,,11.304,,,,9.022,0.021,8.17,0.016,7.93,9.998,11.948,,cumulative,Done,11111111111111111000000000000000,FALSE POSITIVE,FALSE POSITIVE,1,984.0,3.6964076,20.986528,0.0229,Claret (2011 A&A 529 75) ATLAS LS,0.0,0.0,0.2622,0.4035,Mandel and Agol (2002 ApJ 580 171),3.3,,,132.195909,,,0.0,,,,,,0.79,0.0,0.0,0.0242,,,0.517,,,2.3181,,,,,,59.7,,,1.366964704,,,0.007242,0.0,0.0,3.960319,,,82.5,,,1640.0,,,5780.0,,,4.438,,,0.0,0.0,0.0,1.0,,,1.0,,,,,,Solar,,,,,,18.43,0.32,195.01,0.4,,,,,1.264,0.069,14.51,0.071,14.565,0.071,1.292,0.067,14.486,0.07,14.543,0.07,CENT_RESOLVED_OFFSET---HALO_GHOST---EPHEM_MATCH,2018-08-16 00:00:00,1.0,q1_q17_dr25_tce,007/007293/007293937/dv/kplr007293937-001-20160209194854_dvs.pdf,q1_q17_dr25_sup_koi,q1_q17_dr25_koi,2454965.196,,,007/007293/007293937/dv/kplr007293937-20160209194854_dvr.pdf,0,0,1,1,1705.64,0.0,0.0,0.62883,0.0,0.0,LS,0.0,0
5542466,K01590.01,,294.36487,0.0,19h37m27.57s,40.720879,0.0,+40d43m15.2s,16.487,,15.592,,15.326,,15.064,,14.036,0.029,13.48,0.033,13.452,0.044,15.674,,cumulative,Done,01111011101110111000000000000000,CANDIDATE,CANDIDATE,3,82.0,5.1416874,18.731329,0.1454,Claret (2011 A&A 529 75) ATLAS LS,0.0,0.0,0.1451,0.582,Mandel and Agol (2002 ApJ 580 171),23.6,,,201.22989,0.00325,-0.00325,0.0,,,,,,1.93,0.06,-0.14,0.0992,,,0.082,0.36,-0.082,3.555,0.117,-0.117,,,,602.5,27.1,-27.1,12.89006728,6.012e-05,-6.012e-05,0.021714,0.001055,-0.00053,28.21,1.5,-1.5,89.83,,,620.0,,,4915.0,78.0,-88.0,4.512,0.072,-0.022,0.16,0.15,-0.15,0.812,0.027,-0.058,0.781,0.051,-0.025,,,,q1_q17_dr25_stellar,0.904,19.624343,1.5e-05,40.72099,0.00014,0.77,0.63,0.4,0.49,-7e-05,0.00037,6e-05,0.00029,-1.21,0.66,-1.3,0.41,1.78,0.71,0.17,0.26,-0.66,0.29,0.68,0.27,CENT_KIC_POS,2018-08-16 00:00:00,1.0,q1_q17_dr25_tce,005/005542/005542466/dv/kplr005542466-001-20160209194854_dvs.pdf,q1_q17_dr25_sup_koi,q1_q17_dr25_koi,2455034.23,0.00325,-0.00325,005/005542/005542466/dv/kplr005542466-20160209194854_dvr.pdf,0,0,0,0,34.99,4.8,-6.92,2.55702,0.1364,-1.00463,LS+MCMC,0.998,1
6842807,K02921.01,,284.35434,0.0,18h57m25.04s,42.388371,0.0,+42d23m18.1s,16.116,,15.389,,15.179,,15.019,,14.042,0.025,13.658,0.03,13.495,0.047,15.46,,cumulative,Done,11110111011101110000000000000000,CANDIDATE,CANDIDATE,1,65.0,2.9802232,9.203787,0.2289,Claret (2011 A&A 529 75) ATLAS LS,0.0,0.0,0.2043,0.4966,Mandel and Agol (2002 ApJ 580 171),10.6,,,137.33276,0.00675,-0.00675,0.0,,,,,,1.49,0.23,-0.15,0.1196,,,0.017,0.439,-0.017,2.706,0.223,-0.223,,,,361.2,37.7,-37.7,16.6146221,0.0001311,-0.0001311,0.017048,0.001195,-0.001027,47.7,9.2,-9.2,89.98,,,604.0,,,5295.0,159.0,-143.0,4.548,0.052,-0.097,-0.1,0.3,-0.3,0.8,0.122,-0.082,0.825,0.087,-0.078,,,,q1_q17_dr25_stellar,0.077,18.956995,2.9e-05,42.38821,0.00035,1.6,1.2,-0.6,1.3,-0.00057,0.00041,0.00026,0.00045,-1.34,0.64,0.4,0.73,1.4,0.72,-1.48,0.69,0.49,0.89,1.55,0.72,NO_COMMENT,2018-08-16 00:00:00,1.0,q1_q17_dr25_tce,006/006842/006842807/dv/kplr006842807-001-20160209194854_dvs.pdf,q1_q17_dr25_sup_koi,q1_q17_dr25_koi,2454970.333,0.00675,-0.00675,006/006842/006842807/dv/kplr006842807-20160209194854_dvr.pdf,0,0,0,0,31.48,15.58,-8.76,7.43787,1.43479,-3.76715,LS+MCMC,0.937,1
8636333,K03349.01,Kepler-1475 b,295.94827,0.0,19h43m47.58s,44.75312,0.0,+44d45m11.2s,15.711,,15.252,,15.113,,15.041,,14.192,0.029,13.89,0.033,13.88,0.052,15.292,,cumulative,Done,11111111111111111000000000000000,CONFIRMED,CANDIDATE,1,17.0,5.4137173,14.928787,0.8359,Claret (2011 A&A 529 75) ATLAS LS,0.0,0.0,0.3058,0.3071,Mandel and Agol (2002 ApJ 580 171),20.8,,,197.20187,0.00882,-0.00882,0.0,,,,,,2.24,0.68,-0.23,0.373,,,0.015,0.44,-0.015,8.664,0.323,-0.323,,,,546.4,30.5,-30.5,82.175197,0.001126,-0.001126,0.021508,0.000872,-0.000772,74.01,2.0,-2.0,89.99,,,441.0,,,6247.0,188.0,-206.0,4.489,0.05,-0.2,-0.34,0.3,-0.3,0.954,0.291,-0.097,1.022,0.134,-0.134,,,,q1_q17_dr25_stellar,0.489,19.729839,1.6e-05,44.7533,0.00014,-1.76,0.6,0.66,0.51,-0.00028,0.00032,3e-05,0.00027,0.45,0.31,-0.17,0.31,0.49,0.34,0.24,0.31,-0.2,0.25,0.31,0.29,NO_COMMENT,2018-08-16 00:00:00,1.0,q1_q17_dr25_tce,008/008636/008636333/dv/kplr008636333-001-20160209194854_dvs.pdf,q1_q17_dr25_sup_koi,q1_q17_dr25_koi,2455030.202,0.00882,-0.00882,008/008636/008636333/dv/kplr008636333-20160209194854_dvr.pdf,0,0,0,0,8.92,8.18,-2.63,1.13566,0.0307,-0.56398,LS+MCMC,0.967,1
4245897,K06395.01,,286.3909,0.0,19h05m33.82s,39.334389,0.0,+39d20m03.8s,12.724,,12.476,,12.412,,12.309,,11.185,0.022,10.732,0.023,10.609,0.018,12.538,,cumulative,Done,11111111111111111000000000000000,FALSE POSITIVE,FALSE POSITIVE,1,0.0,466.50992,2327.0876,-1.0,Claret (2011 A&A 529 75) ATLAS LS,0.0,0.0,0.3264,0.253,Mandel and Agol (2002 ApJ 580 171),655.2,,,140.81576,0.00198,-0.00198,0.0,,,,,,162.84,45.33,-55.41,0.1078,,,0.0,0.013,0.0,29.059,0.107,-0.107,,,,690235.0,2899.0,-2899.0,11.2570616,2.289e-05,-2.289e-05,0.795303,0.002031,-0.001703,5.4155,0.0708,-0.0708,90.0,,,1272.0,,,6915.0,217.0,-326.0,4.012,0.286,-0.154,-0.34,0.3,-0.3,1.875,0.522,-0.638,1.322,0.195,-0.238,,,,q1_q17_dr25_stellar,,19.092728908,7e-09,39.33437241,1e-07,0.0922,0.00029,-0.06333,0.00037,-0.07,0.25,,,0.005,0.067,0.03,0.067,0.031,0.067,-0.002,0.067,-0.111,0.069,0.111,0.069,MOD_SEC_ALT---MOD_ODDEVEN_ALT---CENT_NOFITS,2018-08-16 00:00:00,1.0,q1_q17_dr25_tce,004/004245/004245897/dv/kplr004245897-001-20160209194854_dvs.pdf,q1_q17_dr25_sup_koi,q1_q17_dr25_koi,2454973.816,0.00198,-0.00198,004/004245/004245897/dv/kplr004245897-20160209194854_dvr.pdf,0,1,0,0,619.07,525.79,-396.95,0.02371,0.00031,-0.00029,LS+MCMC,0.0,0
10551346,K05804.01,,297.61914,0.0,19h50m28.59s,47.767921,0.0,+47d46m04.5s,14.1,,13.675,,13.572,,13.544,,12.727,0.022,12.427,0.021,12.39,0.023,13.731,,cumulative,Done,11111101110111011000000000000000,FALSE POSITIVE,FALSE POSITIVE,1,750.0,3.743924,23.830833,0.9358,Claret (2011 A&A 529 75) ATLAS LS,0.0,0.0,0.2965,0.3342,Mandel and Agol (2002 ApJ 580 171),347.6,,,132.604851,0.00089,-0.00089,0.0,,,,,,39.76,9.96,-3.54,0.0248,,,1.305,0.089,-0.066,12.8653,0.00024,-0.00024,,,,6012.3,51.9,-51.9,1.42796645,1.595e-06,-1.595e-06,0.396232,0.086559,-0.060971,1.383,0.261,-0.261,19.36,,,1637.0,,,6099.0,167.0,-182.0,4.511,0.044,-0.165,-0.28,0.3,-0.3,0.919,0.23,-0.082,1.0,0.119,-0.13,,,,q1_q17_dr25_stellar,0.0,19.8412733,5e-06,47.767768,5.1e-05,-0.1,0.18,-0.55,0.19,9.3e-05,9.5e-05,0.000318,0.0001,-0.002,0.067,-0.012,0.068,0.013,0.068,0.004,0.068,0.05,0.068,0.05,0.068,HAS_SEC_TCE,2018-08-16 00:00:00,1.0,q1_q17_dr25_tce,010/010551/010551346/dv/kplr010551346-001-20160209194854_dvs.pdf,q1_q17_dr25_sup_koi,q1_q17_dr25_koi,2454965.605,0.00089,-0.00089,010/010551/010551346/dv/kplr010551346-20160209194854_dvr.pdf,1,0,0,0,1700.47,1260.99,-450.9,0.02454,0.00463,-0.00354,LS+MCMC,0.0,0
4665571,K02393.01,Kepler-1834 b,294.6647,0.0,19h38m39.53s,39.783829,0.0,+39d47m01.8s,15.695,,14.841,,14.564,,14.376,,13.31,0.027,12.836,0.033,12.722,0.038,14.903,,cumulative,Done,11111011101110111000000000000000,CONFIRMED,CANDIDATE,2,225.0,4.0206094,14.977744,0.9131,Claret (2011 A&A 529 75) ATLAS LS,0.0,0.0,0.1017,0.6385,Mandel and Agol (2002 ApJ 580 171),22.2,,,133.22313,0.00287,-0.00287,0.0,,,,,,1.32,0.05,-0.08,0.0496,,,0.072,0.409,-0.072,2.6848,0.0903,-0.0903,,,,302.5,14.6,-14.6,4.60300256,1.753e-05,-1.753e-05,0.015352,0.000916,-0.000431,13.28,1.8,-1.8,89.69,,,848.0,,,4821.0,76.0,-76.0,4.529,0.06,-0.02,0.16,0.15,-0.15,0.788,0.028,-0.051,0.765,0.051,-0.028,,,,q1_q17_dr25_stellar,0.001,19.644336,1.4e-05,39.783754,9.9e-05,0.95,0.58,-0.27,0.35,0.00035,0.00017,0.00014,0.0001,-1.18,0.44,-0.33,0.22,1.22,0.43,0.09,0.24,0.1,0.19,0.14,0.25,CENT_KIC_POS,2018-08-16 00:00:00,2.0,q1_q17_dr25_tce,004/004665/004665571/dv/kplr004665571-002-20160209194854_dvs.pdf,q1_q17_dr25_sup_koi,q1_q17_dr25_koi,2454966.223,0.00287,-0.00287,004/004665/004665571/dv/kplr004665571-20160209194854_dvr.pdf,0,0,0,0,122.02,17.28,-21.85,2.09049,0.27623,-0.78219,LS+MCMC,1.0,1
10352603,K07317.01,,296.59042,0.0,19h46m21.70s,47.416908,0.0,+47d25m00.9s,14.947,,14.473,,14.337,,14.29,,13.405,0.023,13.119,0.024,13.048,0.027,14.52,,cumulative,Done,11111101110111011000000000000000,FALSE POSITIVE,FALSE POSITIVE,1,0.0,5508.533,25656.36,-1.0,Claret (2011 A&A 529 75) ATLAS LS,0.0,0.0,0.2916,0.3447,Mandel and Agol (2002 ApJ 580 171),2126.1,,,136.182037,0.000205,-0.000205,0.0,,,,,,69.08,20.28,-7.24,0.2032,,,0.496,0.004,-0.004,19.1378,0.0121,-0.0121,,,,410080.0,228.0,-228.0,32.77897303,8.445e-06,-8.445e-06,0.656244,0.001813,-0.00204,20.7047,0.0477,-0.0477,88.63,,,588.0,,,6122.0,169.0,-190.0,4.487,0.05,-0.2,-0.18,0.25,-0.35,0.964,0.283,-0.101,1.041,0.139,-0.139,,,,q1_q17_dr25_stellar,0.0,19.772693136,1.5e-08,47.41688571,1.6e-07,-0.05716,0.00054,-0.08745,0.00057,0.04,0.04,0.091,0.059,-0.002,0.067,-0.007,0.067,0.008,0.067,0.033,0.067,0.008,0.068,0.034,0.067,MOD_SEC_ALT---MOD_ODDEVEN_ALT---HAS_SEC_TCE---CENT_NOFITS,2018-08-16 00:00:00,1.0,q1_q17_dr25_tce,010/010352/010352603/dv/kplr010352603-001-20160209194854_dvs.pdf,q1_q17_dr25_sup_koi,q1_q17_dr25_koi,2454969.182,0.000205,-0.000205,010/010352/010352603/dv/kplr010352603-20160209194854_dvr.pdf,0,1,0,0,28.29,24.5,-8.3,0.15627,0.00036,-0.00051,LS+MCMC,0.0,0
10910878,K00757.02,Kepler-229 d,286.99948,0.0,19h07m59.88s,48.37579,0.0,+48d22m32.8s,16.559,,15.77,,15.534,,15.368,,14.363,0.036,13.868,0.044,13.785,0.054,15.841,,cumulative,Done,11111110111011101000000000000000,CONFIRMED,CANDIDATE,3,26.0,11.918161,37.877567,0.1551,Claret (2011 A&A 529 75) ATLAS LS,0.0,0.0,0.1451,0.582,Mandel and Agol (2002 ApJ 580 171),51.2,,,165.00404,0.00171,-0.00171,0.0,,,,,,3.86,0.15,-0.33,0.217,,,0.045,0.337,-0.045,4.6297,0.0633,-0.0633,,,,2213.9,45.5,-45.5,41.19725502,9.345e-05,-9.345e-05,0.041693,0.00118,-0.000613,70.75,2.1,-2.1,89.96,,,439.0,,,5031.0,75.0,-83.0,4.485,0.083,-0.028,0.16,0.15,-0.15,0.848,0.033,-0.072,0.801,0.052,-0.03,,,,q1_q17_dr25_stellar,0.123,19.1332861,8.4e-06,48.37579,8e-05,-0.43,0.3,0.0,0.29,0.00111,0.00073,0.00012,0.00079,0.12,0.19,0.0,0.13,0.12,0.19,0.07,0.2,0.03,0.16,0.08,0.16,NO_COMMENT,2018-08-16 00:00:00,2.0,q1_q17_dr25_tce,010/010910/010910878/dv/kplr010910878-002-20160209194854_dvs.pdf,q1_q17_dr25_sup_koi,q1_q17_dr25_koi,2454998.004,0.00171,-0.00171,010/010910/010910878/dv/kplr010910878-20160209194854_dvr.pdf,0,0,0,0,8.76,1.27,-1.9,3.9471,0.11711,-0.98055,LS+MCMC,0.992,1
8022244,K00519.02,Kepler-175 c,289.55328,0.0,19h18m12.79s,43.876179,0.0,+43d52m34.2s,15.408,,14.889,,14.737,,14.685,,13.773,0.025,13.487,0.025,13.496,0.035,14.939,,cumulative,Done,11111111111111111000000000000000,CONFIRMED,CANDIDATE,2,40.0,7.8397727,34.10438,0.0587,Claret (2011 A&A 529 75) ATLAS LS,0.0,0.0,0.2868,0.3588,Mandel and Agol (2002 ApJ 580 171),41.3,,,134.42752,0.00346,-0.00346,0.0,,,,,,2.76,0.88,-0.29,0.2109,,,0.474,0.044,-0.45,6.695,0.124,-0.124,,,,727.8,18.9,-18.9,34.0350605,0.000141,-0.000141,0.025247,0.00022,-0.001066,35.3,16.8,-16.8,89.23,,,583.0,,,6063.0,181.0,-217.0,4.47,0.054,-0.216,-0.02,0.25,-0.3,1.001,0.318,-0.106,1.079,0.145,-0.145,,,,q1_q17_dr25_stellar,0.0,19.303577,1e-05,43.87604,0.0001,0.96,0.4,-0.51,0.37,-0.00084,0.00029,0.00026,0.00027,-0.14,0.18,-0.01,0.15,0.14,0.18,-0.35,0.18,-0.19,0.15,0.4,0.2,NO_COMMENT,2018-08-16 00:00:00,2.0,q1_q17_dr25_tce,008/008022/008022244/dv/kplr008022244-002-20160209194854_dvs.pdf,q1_q17_dr25_sup_koi,q1_q17_dr25_koi,2454967.428,0.00346,-0.00346,008/008022/008022244/dv/kplr008022244-20160209194854_dvr.pdf,0,0,0,0,27.24,25.97,-8.41,0.71902,0.3417,-0.12098,LS+MCMC,1.0,1
9530945,K00708.01,Kepler-216 c,293.72806,0.0,19h34m54.73s,46.12915,0.0,+46d07m44.9s,14.372,,13.948,,13.837,,13.79,,12.956,0.021,12.695,0.022,12.621,0.021,13.998,,cumulative,Done,11111111111111111000000000000000,CONFIRMED,CANDIDATE,2,76.0,9.342437,57.129204,0.5461,Claret (2011 A&A 529 75) ATLAS LS,0.0,0.0,0.2916,0.3447,Mandel and Agol (2002 ApJ 580 171),85.7,,,171.00688,0.00158,-0.00158,0.0,,,,,,2.95,0.5,-0.46,0.1321,,,0.022,0.332,-0.022,6.864,0.0518,-0.0518,,,,586.9,7.4,-7.4,17.40665216,3.36e-05,-3.36e-05,0.022193,0.000376,-0.000159,19.807,0.16,-0.16,89.94,,,814.0,,,6086.0,134.0,-134.0,4.274,0.143,-0.117,-0.16,0.2,-0.15,1.216,0.207,-0.188,1.013,0.093,-0.068,,,,q1_q17_dr25_stellar,0.002,19.5818711,4.1e-06,46.129152,4.7e-05,-0.01,0.15,0.01,0.17,-1.3e-05,9.1e-05,-0.00019,0.0001,-0.02,0.12,0.03,0.16,0.04,0.14,0.03,0.12,-0.09,0.17,0.1,0.16,NO_COMMENT,2018-08-16 00:00:00,1.0,q1_q17_dr25_tce,009/009530/009530945/dv/kplr009530945-001-20160209194854_dvs.pdf,q1_q17_dr25_sup_koi,q1_q17_dr25_koi,2455004.007,0.00158,-0.00158,009/009530/009530945/dv/kplr009530945-20160209194854_dvr.pdf,0,0,0,0,104.04,51.4,-36.02,0.48517,0.00391,-0.12441,LS+MCMC,1.0,1
10363115,K03908.01,Kepler-1929 b,299.58337,0.0,19h58m20.01s,47.448078,0.0,+47d26m53.1s,12.594,,12.034,,11.846,,11.764,,10.836,0.029,10.536,0.034,10.453,0.02,12.07,,cumulative,Done,11111101110111011000000000000000,CONFIRMED,CANDIDATE,1,19.0,8.8641615,27.835306,0.3346,Claret (2011 A&A 529 75) ATLAS LS,0.0,0.0,0.2678,0.3958,Mandel and Agol (2002 ApJ 580 171),51.5,,,184.14711,0.00477,-0.00477,0.0,,,,,,2.23,0.35,-0.49,0.2987,,,0.001,0.376,0.0,13.972,0.138,-0.138,,,,233.6,5.2,-5.2,59.3627946,0.0003499,-0.0003499,0.013889,0.000352,-0.000166,32.91,1.1,-1.1,90.0,,,566.0,,,5786.0,115.0,-104.0,4.106,0.188,-0.101,-0.02,0.15,-0.15,1.471,0.233,-0.321,1.006,0.098,-0.08,,,,q1_q17_dr25_stellar,0.581,19.972215,1e-05,47.448145,9.5e-05,-0.39,0.38,0.24,0.34,6.9e-05,8.5e-05,-9e-06,7.6e-05,0.4,1.3,0.89,0.5,0.98,0.77,0.2,1.3,1.06,0.51,1.08,0.57,NO_COMMENT,2018-08-16 00:00:00,1.0,q1_q17_dr25_tce,010/010363/010363115/dv/kplr010363115-001-20160209194854_dvs.pdf,q1_q17_dr25_sup_koi,q1_q17_dr25_koi,2455017.147,0.00477,-0.00477,010/010363/010363115/dv/kplr010363115-20160209194854_dvr.pdf,0,0,0,0,24.33,10.99,-10.5,0.19141,0.00662,-0.04408,LS+MCMC,0.618,1
6526710,K00856.01,,293.17929,0.0,19h32m43.03s,41.969238,0.0,+41d58m09.3s,15.804,,15.287,,15.147,,15.06,,14.131,0.025,13.824,0.034,13.767,0.053,15.344,,cumulative,Done,11111111111111111000000000000000,CANDIDATE,CANDIDATE,1,34.0,123.3638,505.17914,0.255,Claret (2011 A&A 529 75) ATLAS LS,0.0,0.0,0.2916,0.3447,Mandel and Agol (2002 ApJ 580 171),561.1,,,172.854644,0.000301,-0.000301,0.0,,,,,,14.21,4.46,-1.49,0.2311,,,0.881,0.003,-0.003,7.3051,0.0213,-0.0213,,,,15178.9,44.1,-44.1,39.74893077,1.554e-05,-1.554e-05,0.134949,0.001018,-0.001288,29.734,0.507,-0.507,88.3,,,552.0,,,6122.0,181.0,-218.0,4.487,0.052,-0.208,-0.18,0.3,-0.3,0.964,0.303,-0.101,1.041,0.139,-0.139,,,,q1_q17_dr25_stellar,0.0,19.54528636,5.3e-07,41.9692414,5.7e-06,0.015,0.021,0.005,0.021,-0.0049,0.0021,0.0017,0.0029,0.119,0.068,-0.07,0.071,0.138,0.069,0.062,0.068,0.024,0.07,0.067,0.068,NO_COMMENT,2018-08-16 00:00:00,1.0,q1_q17_dr25_tce,006/006526/006526710/dv/kplr006526710-001-20160209194854_dvs.pdf,q1_q17_dr25_sup_koi,q1_q17_dr25_koi,2455005.855,0.000301,-0.000301,006/006526/006526710/dv/kplr006526710-20160209194854_dvr.pdf,0,0,0,0,21.87,20.59,-6.71,0.31474,0.00537,-0.00563,LS+MCMC,0.994,1
9665922,K02815.01,,297.86011,0.0,19h51m26.43s,46.386261,0.0,+46d23m10.5s,13.975,,13.478,,13.338,,13.276,,12.404,0.024,12.093,0.021,12.028,0.021,13.529,,cumulative,Done,11111101110111011000000000000000,FALSE POSITIVE,FALSE POSITIVE,1,691.0,3.907181,15.39199,0.836,Claret (2011 A&A 529 75) ATLAS LS,0.0,0.0,0.2865,0.3556,Mandel and Agol (2002 ApJ 580 171),20.6,,,132.63059,0.00503,-0.00503,0.0,,,,,,0.56,0.13,-0.04,0.0247,,,0.341,0.136,-0.341,3.037,0.161,-0.161,,,,52.8,3.1,-3.1,1.545388842,8.406e-06,-8.406e-06,0.006718,0.000242,-0.00028,3.738,0.906,-0.906,84.77,,,1421.0,,,5782.0,138.0,-155.0,4.594,0.036,-0.144,-0.5,0.3,-0.3,0.767,0.168,-0.056,0.869,0.077,-0.096,,,,q1_q17_dr25_stellar,0.0,19.85732,2.1e-05,46.38569,0.0002,-0.78,0.78,-2.07,0.73,5.1e-05,2.9e-05,7.6e-05,2.7e-05,0.46,0.41,-1.72,0.48,1.78,0.44,0.7,0.47,-1.4,0.5,1.56,0.35,CENT_UNRESOLVED_OFFSET,2018-08-16 00:00:00,1.0,q1_q17_dr25_tce,009/009665/009665922/dv/kplr009665922-001-20160209194854_dvs.pdf,q1_q17_dr25_sup_koi,q1_q17_dr25_koi,2454965.631,0.00503,-0.00503,009/009665/009665922/dv/kplr009665922-20160209194854_dvr.pdf,0,0,1,0,964.53,610.63,-221.06,0.4138,0.10031,-0.14762,LS+MCMC,0.0,0
4813750,K05088.01,,283.67819,0.0,18h54m42.77s,39.964279,0.0,+39d57m51.4s,16.078,,15.499,,15.291,,15.183,,14.255,0.029,13.939,0.035,13.852,0.064,15.527,,cumulative,Done,01110111011101110000000000000000,CANDIDATE,CANDIDATE,1,21.0,3.1683269,7.6310887,0.6399,Claret (2011 A&A 529 75) ATLAS LS,0.0,0.0,0.2865,0.3556,Mandel and Agol (2002 ApJ 580 171),9.4,,,165.7659,0.0133,-0.0133,0.0,,,,,,1.79,0.37,-0.25,0.2402,,,0.315,0.127,-0.315,5.8,0.333,-0.333,,,,449.0,54.0,-54.0,49.1782244,0.0008315,-0.0008315,0.019512,0.001126,-0.001594,62.8,22.7,-22.7,89.71,,,468.0,,,5674.0,170.0,-170.0,4.473,0.121,-0.148,-0.54,0.35,-0.3,0.839,0.176,-0.117,0.764,0.112,-0.048,,,,q1_q17_dr25_stellar,0.039,18.911794,4.4e-05,39.96447,0.00048,-3.5,1.8,0.7,1.7,0.00128,0.00076,-0.00033,0.00072,-0.3,0.57,0.38,0.76,0.49,0.69,-0.61,0.55,0.44,0.76,0.75,0.63,NO_COMMENT,2018-08-16 00:00:00,1.0,q1_q17_dr25_tce,004/004813/004813750/dv/kplr004813750-001-20160209194854_dvs.pdf,q1_q17_dr25_sup_koi,q1_q17_dr25_koi,2454998.766,0.0133,-0.0133,004/004813/004813750/dv/kplr004813750-20160209194854_dvr.pdf,0,0,0,0,11.32,7.32,-3.9,1.93884,0.69931,-0.56366,LS+MCMC,0.627,1
3101923,K03483.01,,287.32269,0.0,19h09m17.45s,38.279709,0.0,+38d16m47.0s,15.28,,14.834,,14.698,,14.662,,13.829,0.025,13.508,0.03,13.486,0.038,14.872,,cumulative,Done,11111111111111111000000000000000,CANDIDATE,CANDIDATE,1,18.0,4.0424094,9.593206,0.4897,Claret (2011 A&A 529 75) ATLAS LS,0.0,0.0,0.2826,0.3729,Mandel and Agol (2002 ApJ 580 171),11.9,,,133.0814,0.0184,-0.0184,0.0,,,,,,2.08,0.34,-0.28,0.3864,,,0.027,0.425,-0.027,8.664,0.655,-0.655,,,,283.2,28.1,-28.1,82.331756,0.001983,-0.001983,0.015333,0.000682,-0.001207,73.7,25.7,-25.7,89.98,,,474.0,,,5997.0,81.0,-81.0,4.304,0.099,-0.121,0.16,0.15,-0.15,1.242,0.204,-0.167,1.135,0.071,-0.087,,,,q1_q17_dr25_stellar,0.533,19.154866,4.1e-05,38.27949,0.00048,0.8,1.7,-0.8,1.7,-0.00021,0.00044,0.00021,0.00043,-0.86,0.69,-2.12,0.68,2.28,0.68,-0.86,0.67,-2.22,0.68,2.38,0.68,NO_COMMENT,2018-08-16 00:00:00,1.0,q1_q17_dr25_tce,003/003101/003101923/dv/kplr003101923-001-20160209194854_dvs.pdf,q1_q17_dr25_sup_koi,q1_q17_dr25_koi,2454966.081,0.0184,-0.0184,003/003101/003101923/dv/kplr003101923-20160209194854_dvr.pdf,0,0,0,0,11.96,5.14,-3.47,1.11638,1.16638,-0.45311,LS+MCMC,0.771,1
9837661,K02715.01,Kepler-1321 b,294.52859,0.0,19h38m06.86s,46.640968,0.0,+46d38m27.5s,18.015,,16.902,,16.33,,16.04,,14.832,0.029,14.224,0.04,13.884,0.053,16.835,,cumulative,Done,00000100010111111000000000000000,CONFIRMED,CANDIDATE,3,58.0,14.222022,55.062897,0.7763,Claret (2011 A&A 529 75) ATLAS LS,0.0,0.0,0.2107,0.5308,Mandel and Agol (2002 ApJ 580 171),65.6,,,139.54417,0.00201,-0.00201,0.0,,,,,,4.04,0.24,-0.45,0.0781,,,0.594,0.24,-0.388,2.6118,0.0592,-0.0592,,,,6057.0,103.0,-103.0,11.12827427,2.074e-05,-2.074e-05,0.073529,0.009679,-0.003892,29.1,11.9,-11.9,88.83,,,408.0,,,3640.0,81.0,-90.0,4.744,0.056,-0.024,0.21,0.15,-0.15,0.503,0.03,-0.056,0.513,0.036,-0.054,,,,q1_q17_dr25_stellar,0.0,19.6352433,4.3e-06,46.641238,5.9e-05,0.12,0.16,0.97,0.21,0.0029,0.002,0.0042,0.0029,-0.14,0.2,-0.084,0.091,0.16,0.18,-0.15,0.13,-0.03,0.11,0.16,0.12,NO_COMMENT,2018-08-16 00:00:00,1.0,q1_q17_dr25_tce,009/009837/009837661/dv/kplr009837661-001-20160209194854_dvs.pdf,q1_q17_dr25_sup_koi,q1_q17_dr25_koi,2454972.544,0.00201,-0.00201,009/009837/009837661/dv/kplr009837661-20160209194854_dvr.pdf,0,0,0,0,6.52,1.47,-1.86,3.77092,3.08525,-0.05147,LS+MCMC,1.0,1
9640924,K04239.01,,287.96655,0.0,19h11m51.97s,46.33849,0.0,+46d20m18.6s,15.397,,14.938,,14.794,,14.811,,13.97,0.026,13.673,0.028,13.615,0.035,14.975,,cumulative,Done,11111111111111111000000000000000,FALSE POSITIVE,FALSE POSITIVE,1,1227.0,4.1709375,13.60048,0.0214,Claret (2011 A&A 529 75) ATLAS LS,0.0,0.0,0.3029,0.3239,Mandel and Agol (2002 ApJ 580 171),14.1,,,132.02414,0.00531,-0.00531,0.0,,,,,,1.22,0.41,-0.14,0.0344,,,0.503,0.442,-0.304,1.839,0.166,-0.166,,,,116.3,10.2,-10.2,2.17815935,1.383e-05,-1.383e-05,0.010175,0.000315,-0.000763,7.96,3.2,-3.2,86.38,,,1561.0,,,6258.0,174.0,-239.0,4.413,0.072,-0.217,-0.02,0.25,-0.3,1.098,0.37,-0.123,1.139,0.173,-0.157,,,,q1_q17_dr25_stellar,0.0,19.197734,2.9e-05,46.33767,0.0003,-1.3,1.1,-3.0,1.1,0.000101,7.6e-05,0.000204,7.6e-05,-2.66,0.82,-2.79,0.47,3.85,0.71,-2.61,0.79,-2.71,0.45,3.76,0.67,MOD_SEC_DV---HALO_GHOST---EPHEM_MATCH,2018-08-16 00:00:00,1.0,q1_q17_dr25_tce,009/009640/009640924/dv/kplr009640924-001-20160209194854_dvs.pdf,q1_q17_dr25_sup_koi,q1_q17_dr25_koi,2454965.024,0.00531,-0.00531,009/009640/009640924/dv/kplr009640924-20160209194854_dvr.pdf,0,1,1,1,1398.42,1391.09,-454.8,2.01091,1.63574,-0.65371,LS+MCMC,0.0,0
8958035,K01391.01,,293.70905,0.0,19h34m50.17s,45.286388,0.0,+45d17m11.0s,14.766,,14.313,,14.187,,14.135,,13.315,0.023,12.994,0.021,12.884,0.028,14.36,,cumulative,Done,11111111111111111000000000000000,FALSE POSITIVE,FALSE POSITIVE,1,171.0,60.878593,481.54474,0.9109,Claret (2011 A&A 529 75) ATLAS LS,0.0,0.0,0.3032,0.3147,Mandel and Agol (2002 ApJ 580 171),202.1,,,133.802114,0.00024,-0.00024,0.0,,,,,,18.75,6.06,-2.03,0.0797,,,1.036,0.342,-0.053,1.8071,0.0132,-0.0132,,,,7609.5,46.2,-46.2,7.981187121,2.283e-06,-2.283e-06,0.17359,0.305015,-0.039476,18.62,6.0,-6.0,86.81,,,966.0,,,6217.0,175.0,-197.0,4.472,0.054,-0.216,-0.22,0.25,-0.3,0.989,0.32,-0.107,1.056,0.144,-0.144,,,,q1_q17_dr25_stellar,0.0,19.58060128,5.9e-07,45.2863956,6.9e-06,-0.077,0.023,0.02,0.025,0.00062,0.00037,-0.00105,0.00051,-0.023,0.067,0.01,0.072,0.025,0.068,-0.014,0.068,-0.036,0.071,0.038,0.071,DEEP_V_SHAPED,2018-08-16 00:00:00,1.0,q1_q17_dr25_tce,008/008958/008958035/dv/kplr008958035-001-20160209194854_dvs.pdf,q1_q17_dr25_sup_koi,q1_q17_dr25_koi,2454966.802,0.00024,-0.00024,008/008958/008958035/dv/kplr008958035-20160209194854_dvr.pdf,0,1,0,0,205.88,197.13,-61.93,1.91667,0.62089,-0.13346,LS+MCMC,0.0,0
12459913,K00602.01,Kepler-620 b,291.15939,0.0,19h24m38.25s,51.334862,0.0,+51d20m05.5s,15.037,,14.614,,14.479,,14.408,,13.591,0.027,13.292,0.038,13.284,0.04,14.647,,cumulative,Done,11111111111111111000000000000000,CONFIRMED,CANDIDATE,1,105.0,6.7220726,35.528416,0.3374,Claret (2011 A&A 529 75) ATLAS LS,0.0,0.0,0.3029,0.3026,Mandel and Agol (2002 ApJ 580 171),40.5,,,177.27535,0.00268,-0.00268,0.0,,,,,,2.49,0.68,-0.37,0.1053,,,0.845,0.018,-0.583,5.3685,0.0952,-0.0952,,,,487.9,13.4,-13.4,12.91385906,4.319e-05,-4.319e-05,0.022845,0.000215,-0.002305,10.64,4.8,-4.8,85.45,,,849.0,,,6253.0,169.0,-206.0,4.41,0.105,-0.195,-0.54,0.3,-0.3,0.997,0.272,-0.147,0.93,0.118,-0.096,,,,q1_q17_dr25_stellar,0.747,19.4106302,9.7e-06,51.334906,9.4e-05,0.14,0.33,0.17,0.34,-5e-05,0.00016,6e-05,0.00016,0.12,0.19,0.0,0.2,0.12,0.19,0.07,0.2,-0.07,0.2,0.1,0.19,NO_COMMENT,2018-08-16 00:00:00,1.0,q1_q17_dr25_tce,012/012459/012459913/dv/kplr012459913-001-20160209194854_dvs.pdf,q1_q17_dr25_sup_koi,q1_q17_dr25_koi,2455010.275,0.00268,-0.00268,012/012459/012459913/dv/kplr012459913-20160209194854_dvr.pdf,0,0,0,0,122.66,98.42,-44.69,0.13675,0.55423,-0.0416,LS+MCMC,1.0,1
6421483,K06703.01,,283.0451,0.0,18h52m10.82s,41.860062,0.0,+41d51m36.2s,13.674,,12.98,,12.746,,12.605,,11.619,0.027,11.182,0.033,11.081,0.023,13.024,,cumulative,Done,11110111011101110000000000000000,FALSE POSITIVE,FALSE POSITIVE,1,483.0,196.07423,1346.4364,0.1233,Claret (2011 A&A 529 75) ATLAS LS,0.0,0.0,0.2327,0.4526,Mandel and Agol (2002 ApJ 580 171),217.0,,,131.894054,0.000942,-0.000942,0.0,,,,,,101.02,65.83,-65.82,0.0307,,,0.996,0.043,-0.044,8.1633,0.0885,-0.0885,,,,93038.0,575.0,-575.0,2.158398259,2.315e-06,-2.315e-06,0.475393,0.034177,-0.032033,2.499,0.101,-0.101,66.52,,,1829.0,,,5210.0,140.0,-140.0,3.778,0.892,-0.297,-0.5,0.3,-0.25,1.946,1.268,-1.268,0.829,0.214,-0.143,,,,q1_q17_dr25_stellar,0.0,18.869674752,1.6e-08,41.85999091,1.7e-07,0.03025,0.00065,-0.24871,0.00062,0.0,0.027,0.0,0.036,0.005,0.067,-0.001,0.067,0.005,0.067,0.144,0.068,-0.243,0.068,0.283,0.069,SWEET_EB---MOD_SEC_ALT---HAS_SEC_TCE,2018-08-16 00:00:00,1.0,q1_q17_dr25_tce,006/006421/006421483/dv/kplr006421483-001-20160209194854_dvs.pdf,q1_q17_dr25_sup_koi,q1_q17_dr25_koi,2454964.894,0.000942,-0.000942,006/006421/006421483/dv/kplr006421483-20160209194854_dvr.pdf,0,1,0,0,2649.52,5386.44,-2361.1,0.06336,0.00257,-0.0031,LS+MCMC,0.0,0
8652360,K04562.01,,300.23587,0.0,20h00m56.61s,44.76952,0.0,+44d46m10.3s,15.87,,15.22,,14.979,,14.849,,13.874,0.029,13.353,0.056,13.35,0.044,15.247,,cumulative,Done,11111111111111111000000000000000,FALSE POSITIVE,FALSE POSITIVE,2,1385.0,3.7695007,9.332697,0.0565,Claret (2011 A&A 529 75) ATLAS LS,0.0,0.0,0.2337,0.4535,Mandel and Agol (2002 ApJ 580 171),15.4,,,132.44697,0.00502,-0.00502,0.0,,,,,,0.72,0.12,-0.05,0.0174,,,0.53,0.025,-0.468,1.677,0.124,-0.124,,,,104.8,8.1,-8.1,0.96807117,4.903e-06,-4.903e-06,0.009652,0.000251,-0.000709,3.86,1.8,-1.8,82.1,,,1487.0,,,5367.0,160.0,-160.0,4.639,0.032,-0.091,-0.54,0.3,-0.3,0.687,0.106,-0.049,0.757,0.072,-0.072,,,,q1_q17_dr25_stellar,0.0,20.015855,1.9e-05,44.7686,0.00023,5.04,0.73,-3.33,0.84,-0.000359,5.6e-05,0.000164,6.4e-05,9.08,0.35,-4.62,0.33,10.19,0.33,8.11,0.35,-6.35,0.33,10.29,0.28,SAME_NTL_PERIOD---CENT_RESOLVED_OFFSET---HALO_GHOST,2018-08-16 00:00:00,2.0,q1_q17_dr25_tce,008/008652/008652360/dv/kplr008652360-002-20160209194854_dvs.pdf,q1_q17_dr25_sup_koi,q1_q17_dr25_koi,2454965.447,0.00502,-0.00502,008/008652/008652360/dv/kplr008652360-20160209194854_dvr.pdf,1,0,1,0,1157.58,577.08,-273.07,1.15905,1.07708,-0.17917,LS+MCMC,0.0,0
3732035,K03966.01,Kepler-1535 b,286.61371,0.0,19h06m27.29s,38.891972,0.0,+38d53m31.1s,14.625,,14.161,,14.029,,13.959,,13.104,0.021,12.783,0.025,12.744,0.025,14.208,,cumulative,Done,11111111111111111000000000000000,CONFIRMED,CANDIDATE,1,11.0,10.074852,21.363085,0.633,Claret (2011 A&A 529 75) ATLAS LS,0.0,0.0,0.2868,0.3588,Mandel and Agol (2002 ApJ 580 171),28.0,,,153.90645,0.00663,-0.00663,0.0,,,,,,2.57,0.41,-0.28,0.5329,,,0.195,0.245,-0.195,10.611,0.192,-0.192,,,,530.2,21.7,-21.7,138.944022,0.001311,-0.001311,0.021092,0.000738,-0.000513,100.3,13.8,-13.8,89.89,,,384.0,,,6014.0,108.0,-133.0,4.362,0.084,-0.116,0.0,0.15,-0.15,1.115,0.18,-0.12,1.044,0.086,-0.07,,,,q1_q17_dr25_stellar,0.318,19.107579,1.3e-05,38.89206,0.00016,-0.04,0.55,0.34,0.56,-7e-05,0.00029,-0.00023,0.0003,0.05,0.24,0.23,0.59,0.23,0.58,-0.11,0.23,0.31,0.57,0.33,0.55,NO_COMMENT,2018-08-16 00:00:00,1.0,q1_q17_dr25_tce,003/003732/003732035/dv/kplr003732035-001-20160209194854_dvs.pdf,q1_q17_dr25_sup_koi,q1_q17_dr25_koi,2454986.906,0.00663,-0.00663,003/003732/003732035/dv/kplr003732035-20160209194854_dvr.pdf,0,0,0,0,5.13,2.29,-1.4,0.98758,0.13553,-0.24751,LS+MCMC,0.994,1
5282049,K01545.01,,293.83688,0.0,19h35m20.85s,40.41045,0.0,+40d24m37.6s,15.596,,15.119,,14.986,,14.902,,14.039,0.028,13.687,0.031,13.605,0.046,15.169,,cumulative,Done,00011011101110111000000000000000,FALSE POSITIVE,FALSE POSITIVE,2,144.0,98.694984,876.2924,0.6161,Claret (2011 A&A 529 75) ATLAS LS,0.0,0.0,0.3058,0.3071,Mandel and Agol (2002 ApJ 580 171),990.3,,,360.2852478,8.39e-05,-8.39e-05,0.0,,,,,,12.62,3.84,-1.28,0.0646,,,0.065,0.063,-0.044,3.88962,0.00306,-0.00306,,,,17219.2,19.3,-19.3,5.910371418,7.05e-07,-7.05e-07,0.120663,4.4e-05,-0.000114,13.0035,0.0966,-0.0966,89.71,,,1053.0,,,6200.0,200.0,-250.0,4.488,0.05,-0.2,-0.28,0.3,-0.3,0.958,0.291,-0.097,1.029,0.134,-0.134,,,,q1_q17_dr25_stellar,0.0,19.58913151,1.4e-07,40.4112137,4e-06,0.2842,0.0059,2.749,0.014,0.0009,0.0011,0.0281,0.0015,-0.51,0.17,-7.23,0.23,7.25,0.23,0.212,0.068,0.057,0.068,0.22,0.068,MOD_SEC_DV---MOD_SEC_ALT---PLANET_OCCULT_ALT---HAS_SEC_TCE---CENT_KIC_POS,2018-08-16 00:00:00,1.0,q1_q17_dr25_tce,005/005282/005282049/dv/kplr005282049-001-20160209194854_dvs.pdf,q1_q17_dr25_sup_koi,q1_q17_dr25_koi,2455193.285,8.39e-05,-8.39e-05,005/005282/005282049/dv/kplr005282049-20160209194854_dvr.pdf,0,1,0,0,290.83,270.46,-91.57,1.19072,0.00885,-0.00106,LS+MCMC,0.926,0
11873166,K07487.01,,296.19351,0.0,19h44m46.44s,50.129219,0.0,+50d07m45.2s,13.873,,13.419,,13.297,,13.278,,12.477,0.021,12.17,0.018,12.124,0.021,13.47,,cumulative,Done,11111111111111111000000000000000,FALSE POSITIVE,FALSE POSITIVE,1,909.0,214.30254,2211.5642,0.9991,Claret (2011 A&A 529 75) ATLAS LS,0.0,0.0,0.2889,0.3511,Mandel and Agol (2002 ApJ 580 171),429.7,,,131.931739,0.000157,-0.000157,0.0,,,,,,51.42,16.09,-5.37,0.0163,,,0.971,0.215,-0.094,2.7415,0.0108,-0.0108,,,,99056.0,225.0,-225.0,0.734426335,1.4e-07,-1.4e-07,0.472261,0.165932,-0.071245,2.55,0.405,-0.405,67.63,,,2106.0,,,6108.0,165.0,-201.0,4.471,0.052,-0.208,-0.08,0.25,-0.35,0.997,0.312,-0.104,1.072,0.137,-0.137,,,,q1_q17_dr25_stellar,0.0,19.746236705,1.7e-08,50.12927255,1.7e-07,0.09362,0.00058,0.18919,0.00061,0.0,0.034,0.0,0.053,-0.002,0.067,0.002,0.067,0.003,0.067,-0.036,0.067,0.017,0.068,0.04,0.068,SWEET_EB---MOD_SEC_DV---MOD_SEC_ALT---DEEP_V_SHAPED---HAS_SEC_TCE,2018-08-16 00:00:00,1.0,q1_q17_dr25_tce,011/011873/011873166/dv/kplr011873166-001-20160209194854_dvs.pdf,q1_q17_dr25_sup_koi,q1_q17_dr25_koi,2454964.932,0.000157,-0.000157,011/011873/011873166/dv/kplr011873166-20160209194854_dvr.pdf,0,1,0,0,4660.36,4277.08,-1389.94,0.58177,0.09242,-0.05546,LS+MCMC,0.0,0
6975615,K01698.01,,298.49808,0.0,19h53m59.54s,42.466412,0.0,+42d27m59.1s,15.483,,14.775,,14.49,,14.371,,13.348,0.023,12.884,0.022,12.82,0.025,14.788,,cumulative,Done,11111111111111111000000000000000,FALSE POSITIVE,FALSE POSITIVE,1,648.0,4.3859015,21.6187,0.0001,Claret (2011 A&A 529 75) ATLAS LS,0.0,0.0,0.2337,0.4535,Mandel and Agol (2002 ApJ 580 171),25.3,,,133.15601,0.00315,-0.00315,0.0,,,,,,1.03,0.14,-0.12,0.0282,,,0.63,0.042,-0.469,2.661,0.109,-0.109,,,,173.2,8.1,-8.1,2.065351521,8.985e-06,-8.985e-06,0.012596,0.002727,-0.000687,4.76,2.3,-2.3,82.4,,,1196.0,,,5266.0,158.0,-158.0,4.536,0.099,-0.09,-0.46,0.35,-0.3,0.749,0.098,-0.088,0.702,0.103,-0.044,,,,q1_q17_dr25_stellar,0.0,,,,,26.25,0.69,104.79,0.7,-0.0043,0.00011,-0.01729,0.00012,3.144,0.074,9.101,0.083,9.628,0.081,3.322,0.069,9.473,0.082,10.039,0.08,CENT_RESOLVED_OFFSET,2018-08-16 00:00:00,1.0,q1_q17_dr25_tce,006/006975/006975615/dv/kplr006975615-001-20160209194854_dvs.pdf,q1_q17_dr25_sup_koi,q1_q17_dr25_koi,2454966.156,0.00315,-0.00315,006/006975/006975615/dv/kplr006975615-20160209194854_dvr.pdf,0,0,1,0,485.51,213.29,-150.76,0.47963,0.46704,-0.40256,LS+MCMC,0.0,0
6592832,K04082.01,,287.47369,0.0,19h09m53.69s,42.00375,0.0,+42d00m13.5s,15.737,,15.247,,15.102,,15.028,,14.09,0.021,13.727,0.034,13.71,0.041,15.293,,cumulative,Done,11111111111111111000000000000000,FALSE POSITIVE,FALSE POSITIVE,1,1450.0,3.7771606,17.016697,0.8691,Claret (2011 A&A 529 75) ATLAS LS,0.0,0.0,0.3058,0.3071,Mandel and Agol (2002 ApJ 580 171),24.3,,,132.09187,0.0035,-0.0035,0.0,,,,,,1.1,0.33,-0.12,0.0185,,,0.401,0.096,-0.401,2.594,0.106,-0.106,,,,122.4,6.0,-6.0,0.924821319,3.53e-06,-3.53e-06,0.010312,0.000307,-0.000455,2.615,0.975,-0.975,81.18,,,1963.0,,,6135.0,183.0,-201.0,4.455,0.07,-0.21,-0.3,0.3,-0.3,0.974,0.293,-0.104,0.987,0.14,-0.115,,,,q1_q17_dr25_stellar,0.0,19.16484,2.5e-05,42.00278,0.00029,-2.9,1.0,-3.5,1.1,0.000223,6.7e-05,0.000215,7e-05,-1.43,0.44,-2.09,0.48,2.53,0.54,-1.55,0.42,-2.23,0.49,2.72,0.52,MOD_SEC_DV---CENT_UNRESOLVED_OFFSET,2018-08-16 00:00:00,1.0,q1_q17_dr25_tce,006/006592/006592832/dv/kplr006592832-001-20160209194854_dvs.pdf,q1_q17_dr25_sup_koi,q1_q17_dr25_koi,2454965.092,0.0035,-0.0035,006/006592/006592832/dv/kplr006592832-20160209194854_dvr.pdf,0,1,1,0,3514.31,3174.3,-1060.21,0.39547,0.14747,-0.11126,LS+MCMC,0.019,0
6279974,K01812.01,,290.12653,0.0,19h20m30.37s,41.601082,0.0,+41d36m03.9s,14.115,,13.696,,13.582,,13.545,,12.67,0.028,12.388,0.031,12.325,0.03,13.742,,cumulative,Done,11111111111111111000000000000000,FALSE POSITIVE,FALSE POSITIVE,1,1651.0,16.2906,263.38788,0.9971,Claret (2011 A&A 529 75) ATLAS LS,0.0,0.0,0.26,0.4133,Mandel and Agol (2002 ApJ 580 171),329.7,,,132.100916,0.000122,-0.000122,0.0,,,,,,63.55,8.11,-16.21,0.0183,,,1.245,0.23,-0.169,1.42246,0.00696,-0.00696,,,,1384.3,5.2,-5.2,0.805259257,1.2e-07,-1.2e-07,0.287836,0.224556,-0.158498,1.905,0.581,-0.581,49.2,,,2723.0,,,5872.0,78.0,-78.0,3.926,0.202,-0.067,0.2,0.15,-0.15,2.022,0.258,-0.516,1.256,0.134,-0.148,,,,q1_q17_dr25_stellar,0.0,19.34176915,7.5e-07,41.6007661,9.1e-06,0.046,0.03,-1.13,0.033,-0.000111,3.8e-05,-0.000436,4.4e-05,0.056,0.077,0.426,0.075,0.43,0.075,0.096,0.075,0.033,0.068,0.101,0.074,MOD_ODDEVEN_ALT---CENT_KIC_POS,2018-08-16 00:00:00,1.0,q1_q17_dr25_tce,006/006279/006279974/dv/kplr006279974-001-20160209194854_dvs.pdf,q1_q17_dr25_sup_koi,q1_q17_dr25_koi,2454965.101,0.000122,-0.000122,006/006279/006279974/dv/kplr006279974-20160209194854_dvr.pdf,0,1,0,0,12990.09,4421.69,-6159.32,0.20168,0.06153,-0.02314,LS+MCMC,0.0,0
10794405,K07373.01,,290.68866,0.0,19h22m45.28s,48.1992,0.0,+48d11m57.1s,15.266,,14.675,,14.476,,14.426,,13.478,0.024,13.122,0.033,13.105,0.036,14.713,,cumulative,Done,11111111111111111000000000000000,FALSE POSITIVE,FALSE POSITIVE,1,940.0,25.530638,140.8643,-1.0,Claret (2011 A&A 529 75) ATLAS LS,0.0,0.0,0.2676,0.3928,Mandel and Agol (2002 ApJ 580 171),390.8,,,132.335117,0.000263,-0.000263,0.0,,,,,,28.44,7.68,-3.07,0.0184,,,1.248,0.097,-0.048,4.0869,0.0164,-0.0164,,,,2122.3,6.7,-6.7,0.952377862,2.98e-07,-2.98e-07,0.301758,0.092092,-0.047356,1.428,0.254,-0.254,29.04,,,1713.0,,,5662.0,152.0,-169.0,4.524,0.058,-0.173,-0.14,0.3,-0.3,0.863,0.233,-0.093,0.909,0.104,-0.095,,,,q1_q17_dr25_stellar,,19.37925561,9.3e-07,48.199792,1.1e-05,0.443,0.033,2.132,0.039,-0.00095,8.2e-05,,,4.07,0.17,3.86,0.24,5.61,0.2,3.92,0.26,4.07,0.23,5.65,0.24,MOD_SEC_ALT---CENT_NOFITS---HALO_GHOST---EPHEM_MATCH,2018-08-16 00:00:00,2.0,q1_q17_dr25_tce,010/010794/010794405/dv/kplr010794405-002-20160209194854_dvs.pdf,q1_q17_dr25_sup_koi,q1_q17_dr25_koi,2454965.335,0.000263,-0.000263,010/010794/010794405/dv/kplr010794405-20160209194854_dvr.pdf,0,1,1,1,2023.36,1604.86,-596.46,0.06071,0.0108,-0.00612,LS+MCMC,0.0,0
8676148,K02544.01,Kepler-1273 b,285.80322,0.0,19h03m12.77s,44.873428,0.0,+44d52m24.3s,16.389,,15.767,,15.585,,15.51,,14.615,0.042,14.192,0.038,14.26,0.057,15.826,,cumulative,Done,01111111111111111000000000000000,CONFIRMED,CANDIDATE,1,46.0,4.828198,14.582436,0.306,Claret (2011 A&A 529 75) ATLAS LS,0.0,0.0,0.2602,0.4096,Mandel and Agol (2002 ApJ 580 171),18.3,,,158.11827,0.00698,-0.00698,0.0,,,,,,2.38,0.71,-0.22,0.1857,,,0.021,0.429,-0.021,4.551,0.184,-0.184,,,,652.7,40.7,-40.7,28.6253502,0.0002554,-0.0002554,0.023158,0.001132,-0.000888,49.16,3.5,-3.5,89.98,,,573.0,,,5774.0,154.0,-188.0,4.508,0.036,-0.204,0.12,0.2,-0.3,0.941,0.281,-0.088,1.038,0.11,-0.122,,,,q1_q17_dr25_stellar,0.319,19.053536,2.3e-05,44.8736,0.00027,-0.45,0.88,0.59,0.97,0.00032,0.00058,-0.00039,0.00065,-0.22,0.22,-0.2,0.26,0.3,0.24,-0.26,0.42,-0.23,0.35,0.34,0.25,NO_COMMENT,2018-08-16 00:00:00,1.0,q1_q17_dr25_tce,008/008676/008676148/dv/kplr008676148-001-20160209194854_dvs.pdf,q1_q17_dr25_sup_koi,q1_q17_dr25_koi,2454991.118,0.00698,-0.00698,008/008676/008676148/dv/kplr008676148-20160209194854_dvr.pdf,0,0,0,0,25.54,22.32,-7.15,2.74306,0.19637,-1.09363,LS+MCMC,1.0,1
11460018,K00769.01,Kepler-671 b,294.26581,0.0,19h37m03.79s,49.314091,0.0,+49d18m50.7s,15.926,,15.314,,15.112,,15.033,,14.121,0.025,13.756,0.028,13.769,0.054,15.356,,cumulative,Done,11111111111111111000000000000000,CONFIRMED,CANDIDATE,1,311.0,6.7006826,52.913242,0.4302,Claret (2011 A&A 529 75) ATLAS LS,0.0,0.0,0.2676,0.3928,Mandel and Agol (2002 ApJ 580 171),61.8,,,171.89659,0.00115,-0.00115,0.0,,,,,,2.3,0.58,-0.19,0.0503,,,0.424,0.112,-0.356,2.875,0.042,-0.042,,,,750.8,14.1,-14.1,4.280963604,6.141e-06,-6.141e-06,0.025377,0.000141,-0.000935,10.64,3.9,-3.9,87.72,,,1012.0,,,5644.0,152.0,-169.0,4.564,0.032,-0.168,-0.14,0.3,-0.3,0.831,0.207,-0.069,0.928,0.094,-0.115,,,,q1_q17_dr25_stellar,0.0,19.6177106,5.3e-06,49.314102,5.1e-05,-0.33,0.19,0.04,0.18,0.00073,0.00014,6e-05,0.00014,0.003,0.089,-0.065,0.088,0.066,0.088,-0.015,0.089,0.158,0.088,0.158,0.088,NO_COMMENT,2018-08-16 00:00:00,1.0,q1_q17_dr25_tce,011/011460/011460018/dv/kplr011460018-001-20160209194854_dvs.pdf,q1_q17_dr25_sup_koi,q1_q17_dr25_koi,2455004.897,0.00115,-0.00115,011/011460/011460018/dv/kplr011460018-20160209194854_dvr.pdf,0,0,0,0,247.87,182.24,-63.32,1.24482,0.4541,-0.15577,LS+MCMC,1.0,1
12017140,K00358.01,,293.91489,0.0,19h35m39.57s,50.46933,0.0,+50d28m09.6s,14.253,,13.824,,13.724,,13.68,,12.835,0.022,12.574,0.018,12.465,0.026,13.883,,cumulative,Done,11111111111111111000000000000000,FALSE POSITIVE,FALSE POSITIVE,1,58.0,597.85974,3381.9353,0.0125,Claret (2011 A&A 529 75) ATLAS LS,0.0,0.0,0.2904,0.3534,Mandel and Agol (2002 ApJ 580 171),3845.4,,,172.8026986,3.17e-05,-3.17e-05,0.0,,,,,,30.35,4.76,-5.84,0.1589,,,0.617,0.001,-0.001,5.3007,0.00244,-0.00244,,,,45676.5,14.9,-14.9,22.845241036,8.99e-07,-8.99e-07,0.205707,5.9e-05,-7.8e-05,34.1103,0.0851,-0.0851,88.96,,,762.0,,,5926.0,70.0,-88.0,4.187,0.176,-0.108,-0.04,0.15,-0.15,1.351,0.212,-0.26,1.024,0.09,-0.074,,,,q1_q17_dr25_stellar,0.0,19.594327914,1e-07,50.4693472,1.1e-06,0.0658,0.0034,0.062,0.0038,0.0117,0.0018,-0.0067,0.0029,-0.026,0.067,0.024,0.067,0.035,0.067,0.007,0.068,0.085,0.069,0.085,0.069,MOD_SEC_DV---MOD_SEC_ALT---HAS_SEC_TCE,2018-08-16 00:00:00,1.0,q1_q17_dr25_tce,012/012017/012017140/dv/kplr012017140-001-20160209194854_dvs.pdf,q1_q17_dr25_sup_koi,q1_q17_dr25_koi,2455005.803,3.17e-05,-3.17e-05,012/012017/012017140/dv/kplr012017140-20160209194854_dvr.pdf,0,1,0,0,79.78,32.14,-30.77,1.43854,0.00359,-0.00444,LS+MCMC,0.0,0
9395024,K02383.01,Kepler-1216 b,287.40533,0.0,19h09m37.28s,45.918011,0.0,+45d55m04.8s,15.607,,15.08,,14.929,,14.898,,13.97,0.021,13.643,0.027,13.613,0.034,15.133,,cumulative,Done,11111111111111111000000000000000,CONFIRMED,CANDIDATE,1,307.0,3.1796246,15.337785,0.9466,Claret (2011 A&A 529 75) ATLAS LS,0.0,0.0,0.2602,0.4096,Mandel and Agol (2002 ApJ 580 171),17.7,,,131.92696,0.00388,-0.00388,0.0,,,,,,1.56,0.24,-0.24,0.0519,,,0.093,0.354,-0.093,2.845,0.126,-0.126,,,,177.8,11.5,-11.5,4.37033233,2.022e-05,-2.022e-05,0.012063,0.000635,-0.000423,11.84,1.8,-1.8,89.55,,,1191.0,,,5657.0,76.0,-76.0,4.282,0.156,-0.104,0.14,0.15,-0.15,1.182,0.182,-0.182,0.975,0.076,-0.055,,,,q1_q17_dr25_stellar,0.15,19.160364,2.3e-05,45.91818,0.00024,0.34,0.86,0.6,0.85,-6e-05,0.00015,-0.00015,0.00015,0.27,0.34,-0.31,0.39,0.41,0.31,0.21,0.33,-0.36,0.43,0.41,0.35,NO_COMMENT,2018-08-16 00:00:00,1.0,q1_q17_dr25_tce,009/009395/009395024/dv/kplr009395024-001-20160209194854_dvs.pdf,q1_q17_dr25_sup_koi,q1_q17_dr25_koi,2454964.927,0.00388,-0.00388,009/009395/009395024/dv/kplr009395024-20160209194854_dvr.pdf,0,0,0,0,475.39,192.38,-153.04,1.64385,0.25522,-0.62797,LS+MCMC,0.998,1
7021681,K00255.03,,287.85812,0.0,19h11m25.95s,42.542629,0.0,+42d32m33.5s,16.484,,15.193,,14.519,,14.143,,12.912,0.026,12.236,0.022,12.08,0.018,15.108,,cumulative,Done,11111111111111111000000000000000,FALSE POSITIVE,FALSE POSITIVE,3,166.0,3.3960187,7.3359485,0.8027,Claret (2011 A&A 529 75) ATLAS LS,0.0,0.0,0.3037,0.4224,Mandel and Agol (2002 ApJ 580 171),9.3,,,133.58981,0.00852,-0.00852,0.0,,,,,,0.57,0.04,-0.05,0.062,,,0.084,0.368,-0.084,2.807,0.283,-0.283,,,,126.9,15.6,-15.6,7.7333361,8.831e-05,-8.831e-05,0.010262,0.000728,-0.000738,21.2,2.2,-2.2,89.77,,,479.0,,,3780.0,76.0,-83.0,4.746,0.042,-0.031,-0.02,0.15,-0.15,0.511,0.036,-0.043,0.531,0.034,-0.042,,,,q1_q17_dr25_stellar,0.608,19.190567,4.1e-05,42.54274,0.00041,1.0,1.6,0.4,1.5,-0.00013,0.0002,5e-05,0.00018,1.1,1.0,1.45,0.83,1.8,1.1,0.7,0.99,2.15,0.92,2.3,1.1,MOD_NONUNIQ_ALT---CENT_RESOLVED_OFFSET,2018-08-16 00:00:00,3.0,q1_q17_dr25_tce,007/007021/007021681/dv/kplr007021681-003-20160209194854_dvs.pdf,q1_q17_dr25_sup_koi,q1_q17_dr25_koi,2454966.59,0.00852,-0.00852,007/007021/007021681/dv/kplr007021681-20160209194854_dvr.pdf,1,0,1,0,12.41,2.99,-2.88,3.01378,0.31156,-1.80567,LS+MCMC,0.122,0
7908367,K06166.01,Kepler-1642 b,297.21216,0.0,19h48m50.92s,43.643719,0.0,+43d38m37.4s,14.855,,14.053,,13.819,,13.676,,12.613,0.021,12.164,0.019,12.066,0.017,14.13,,cumulative,Done,00000000000000010000000000000000,CONFIRMED,CANDIDATE,2,5.0,12.095939,18.332762,0.399,Claret (2011 A&A 529 75) ATLAS LS,0.0,0.0,0.1923,0.5191,Mandel and Agol (2002 ApJ 580 171),16.2,,,134.053,0.112,-0.112,0.0,,,,,,5.41,2.22,-2.45,0.1016,,,0.104,0.365,-0.104,2.407,0.126,-0.126,,,,1337.2,92.3,-92.3,12.2064304,0.0009936,-0.0009936,0.032713,0.001925,-0.001422,39.81,4.6,-4.6,89.85,,,895.0,,,5254.0,203.0,-166.0,4.05,0.49,-0.245,0.21,0.2,-0.25,1.514,0.623,-0.685,0.937,0.087,-0.096,,,,q1_q17_dr25_stellar,0.656,19.814147,8.7e-06,43.64372,0.00011,0.15,0.34,0.0,0.4,-0.00025,0.00054,0.00023,0.00066,0.05,0.11,-0.09,0.12,0.1,0.11,0.1,0.11,0.2,0.12,0.23,0.11,CENT_FEW_DIFFS,2018-08-16 00:00:00,2.0,q1_q17_dr25_tce,007/007908/007908367/dv/kplr007908367-002-20160209194854_dvs.pdf,q1_q17_dr25_sup_koi,q1_q17_dr25_koi,2454967.053,0.112,-0.112,007/007908/007908367/dv/kplr007908367-20160209194854_dvr.pdf,0,0,0,0,151.44,199.67,-111.51,8.01064,0.93523,-3.63601,LS+MCMC,1.0,1
9602613,K02612.01,Kepler-1994 b,297.14883,0.0,19h48m35.72s,46.296951,0.0,+46d17m49.0s,12.363,,11.766,,11.602,,11.529,,10.615,0.021,10.275,0.018,10.185,0.014,11.83,,cumulative,Done,11111101110111011000000000000000,CONFIRMED,CANDIDATE,2,228.0,3.0462139,11.438283,0.717,Claret (2011 A&A 529 75) ATLAS LS,0.0,0.0,0.224,0.4695,Mandel and Agol (2002 ApJ 580 171),13.7,,,133.86134,0.00535,-0.00535,0.0,,,,,,0.51,0.06,-0.05,0.053,,,0.012,0.44,-0.012,2.695,0.167,-0.167,,,,29.1,2.4,-2.4,4.61225043,3.445e-05,-3.445e-05,0.004852,0.000306,-0.000215,13.15,1.5,-1.5,89.95,,,1032.0,,,5495.0,74.0,-82.0,4.442,0.072,-0.099,0.16,0.15,-0.15,0.961,0.115,-0.086,0.932,0.052,-0.047,,,,q1_q17_dr25_stellar,0.0,19.809916,2.5e-05,46.29754,0.00023,-0.21,0.93,2.11,0.82,4e-06,2.7e-05,-6.5e-05,2.4e-05,0.99,0.35,1.35,0.42,1.68,0.45,0.98,0.38,1.31,0.44,1.64,0.46,NO_COMMENT,2018-08-16 00:00:00,1.0,q1_q17_dr25_tce,009/009602/009602613/dv/kplr009602613-001-20160209194854_dvs.pdf,q1_q17_dr25_sup_koi,q1_q17_dr25_koi,2454966.861,0.00535,-0.00535,009/009602/009602613/dv/kplr009602613-20160209194854_dvr.pdf,0,0,0,0,268.27,86.53,-58.85,2.02284,0.23223,-0.92,LS+MCMC,0.856,1
11616200,K07462.01,,294.57288,0.0,19h38m17.49s,49.668442,0.0,+49d40m06.4s,13.91,,13.466,,13.338,,13.291,,12.445,0.021,12.189,0.017,12.132,0.021,13.51,,cumulative,Done,11111111111111111000000000000000,FALSE POSITIVE,FALSE POSITIVE,1,779.0,551.4211,5297.631,0.0,Claret (2011 A&A 529 75) ATLAS LS,0.0,0.0,0.2979,0.3238,Mandel and Agol (2002 ApJ 580 171),833.4,,,132.21092,0.00011,-0.00011,0.0,,,,,,39.08,11.71,-3.11,0.0276,,,0.421,0.011,-0.016,3.94095,0.00693,-0.00693,,,,190567.0,304.0,-304.0,1.718649321,2.3e-07,-2.3e-07,0.413775,0.000834,-0.000356,4.5837,0.0941,-0.0941,84.73,,,1499.0,,,6071.0,165.0,-183.0,4.541,0.037,-0.213,-0.42,0.3,-0.3,0.865,0.259,-0.069,0.947,0.106,-0.118,,,,q1_q17_dr25_stellar,0.0,19.638191789,1.1e-08,49.66840421,1.2e-07,-0.00739,0.00039,-0.12883,0.00043,0.0,0.056,0.001,0.087,0.0,0.067,-0.005,0.067,0.005,0.067,-0.041,0.067,-0.155,0.067,0.16,0.067,SWEET_EB---MOD_SEC_DV---MOD_SEC_ALT---HAS_SEC_TCE,2018-08-16 00:00:00,1.0,q1_q17_dr25_tce,011/011616/011616200/dv/kplr011616200-001-20160209194854_dvs.pdf,q1_q17_dr25_sup_koi,q1_q17_dr25_koi,2454965.211,0.00011,-0.00011,011/011616/011616200/dv/kplr011616200-20160209194854_dvr.pdf,0,1,0,0,1194.16,1050.48,-299.44,0.61677,0.01266,-0.0117,LS+MCMC,0.0,0
4142847,K02210.01,Kepler-1143 b,287.30283,0.0,19h09m12.68s,39.289688,0.0,+39d17m22.9s,15.971,,15.148,,14.862,,14.656,,13.679,0.024,13.149,0.027,13.075,0.029,15.195,,cumulative,Done,11111111111111111000000000000000,CONFIRMED,CANDIDATE,2,457.0,3.4937615,19.46216,0.4604,Claret (2011 A&A 529 75) ATLAS LS,0.0,0.0,0.1451,0.582,Mandel and Agol (2002 ApJ 580 171),23.7,,,132.15271,0.00186,-0.00186,0.0,,,,,,1.68,0.1,-0.06,0.0371,,,0.77,0.007,-0.558,1.6043,0.0622,-0.0622,,,,402.2,19.8,-19.8,2.888904439,7.104e-06,-7.104e-06,0.020322,4e-06,-0.002677,9.25,4.4,-4.4,85.23,,,976.0,,,4895.0,78.0,-78.0,4.589,0.018,-0.046,0.16,0.15,-0.15,0.759,0.041,-0.03,0.817,0.029,-0.046,,,,q1_q17_dr25_stellar,0.002,19.153538,1.5e-05,39.28997,0.00019,0.68,0.63,1.0,0.68,-0.0003,0.00025,-0.00044,0.00027,0.11,0.25,0.04,0.52,0.12,0.25,0.08,0.25,-0.04,0.55,0.09,0.36,NO_COMMENT,2018-08-16 00:00:00,2.0,q1_q17_dr25_tce,004/004142/004142847/dv/kplr004142847-002-20160209194854_dvs.pdf,q1_q17_dr25_sup_koi,q1_q17_dr25_koi,2454965.153,0.00186,-0.00186,004/004142/004142847/dv/kplr004142847-20160209194854_dvr.pdf,0,0,0,0,215.06,39.46,-29.01,1.7966,4.26355,-1.53055,LS+MCMC,0.999,1
3848919,K05015.01,,291.05634,0.0,19h24m13.52s,38.974411,0.0,+38d58m27.9s,14.477,,13.872,,13.654,,13.56,,12.576,0.022,12.141,0.019,12.052,0.02,13.901,,cumulative,Done,11111111111111111000000000000000,FALSE POSITIVE,FALSE POSITIVE,1,2561.0,478.4488,8814.739,-1.0,Claret (2011 A&A 529 75) ATLAS LS,0.0,0.0,0.2665,0.398,Mandel and Agol (2002 ApJ 580 171),1948.2,,,131.7669254,3.96e-05,-3.96e-05,0.0,,,,,,52.26,6.81,-6.17,0.0113,,,0.549,0.011,-0.015,3.45121,0.00382,-0.00382,,,,367102.0,245.0,-245.0,0.52363021,2.5e-08,-2.5e-08,0.642432,0.007453,-0.005957,2.1104,0.0218,-0.0218,74.92,,,1940.0,,,5407.0,160.0,-144.0,4.535,0.099,-0.081,-0.62,0.35,-0.3,0.745,0.097,-0.088,0.694,0.09,-0.039,,,,q1_q17_dr25_stellar,,19.403755769,8e-09,38.974478,1e-07,-0.00969,0.00033,0.24481,0.00034,0.02,0.48,,,-0.008,0.067,0.006,0.067,0.009,0.067,-0.031,0.071,0.254,0.068,0.256,0.069,SWEET_EB---DEPTH_ODDEVEN_ALT---MOD_ODDEVEN_ALT---CENT_NOFITS,2018-08-16 00:00:00,1.0,q1_q17_dr25_tce,003/003848/003848919/dv/kplr003848919-001-20160209194854_dvs.pdf,q1_q17_dr25_sup_koi,q1_q17_dr25_koi,2454964.767,3.96e-05,-3.96e-05,003/003848/003848919/dv/kplr003848919-20160209194854_dvr.pdf,0,1,0,0,3324.98,1447.67,-1003.77,0.64852,0.00669,-0.00751,LS+MCMC,0.0,0
8074805,K02670.01,,281.05594,0.0,18h44m13.43s,43.92374,0.0,+43d55m25.5s,14.841,,14.363,,14.228,,14.202,,13.3,0.025,12.995,0.023,12.929,0.024,14.412,,cumulative,Done,11111111111111111000000000000000,FALSE POSITIVE,FALSE POSITIVE,1,8.0,454.1527,938.0211,0.163,Claret (2011 A&A 529 75) ATLAS LS,0.0,0.0,0.2904,0.3534,Mandel and Agol (2002 ApJ 580 171),897.0,,,299.660385,0.000534,-0.000534,0.0,,,,,,24.4,3.85,-4.3,0.6155,,,0.684,0.003,-0.003,16.9895,0.0343,-0.0343,,,,29840.8,40.3,-40.3,170.8658492,0.000125,-0.000125,0.168735,0.00018,-0.000283,72.831,0.826,-0.826,89.46,,,387.0,,,5989.0,119.0,-119.0,4.221,0.149,-0.108,0.0,0.15,-0.15,1.324,0.209,-0.233,1.063,0.098,-0.08,,,,q1_q17_dr25_stellar,0.678,18.73704785,3.6e-07,43.9237132,4.1e-06,-0.601,0.014,-0.096,0.015,-0.0001,0.005,0.0002,0.0069,-0.029,0.069,0.012,0.067,0.031,0.069,-0.048,0.08,0.094,0.067,0.106,0.07,MOD_SEC_DV---MOD_SEC_ALT---HAS_SEC_TCE,2018-08-16 00:00:00,1.0,q1_q17_dr25_tce,008/008074/008074805/dv/kplr008074805-001-20160209194854_dvs.pdf,q1_q17_dr25_sup_koi,q1_q17_dr25_koi,2455132.66,0.000534,-0.000534,008/008074/008074805/dv/kplr008074805-20160209194854_dvr.pdf,0,1,0,0,5.33,2.4,-1.99,0.25032,0.00284,-0.00335,LS+MCMC,0.0,0
9936698,K07257.01,,284.06732,0.0,18h56m16.16s,46.809582,0.0,+46d48m34.5s,14.295,,13.945,,13.938,,13.819,,13.011,0.023,12.786,0.024,12.76,0.028,14.045,,cumulative,Done,00000000000001111000000000000000,FALSE POSITIVE,FALSE POSITIVE,1,96.0,1638.0083,5474.818,0.0,Claret (2011 A&A 529 75) ATLAS LS,0.0,0.0,0.311,0.2938,Mandel and Agol (2002 ApJ 580 171),422.1,,,133.39298,0.00162,-0.00162,0.0,,,,,,88.52,26.28,-21.52,0.0428,,,0.841,0.025,-0.022,4.5776,0.0116,-0.0116,,,,173843.0,482.0,-482.0,2.856085147,3.54e-06,-3.54e-06,0.531206,0.016132,-0.015328,6.2023,0.0373,-0.0373,82.21,,,1739.0,,,6604.0,187.0,-258.0,4.178,0.162,-0.18,-0.12,0.25,-0.3,1.526,0.453,-0.371,1.283,0.2,-0.22,,,,q1_q17_dr25_stellar,0.0,18.937819246,2.9e-08,46.80954399,2.9e-07,-0.1018,0.0011,-0.1297,0.0011,0.0,0.2,0.0,0.29,0.009,0.067,0.002,0.067,0.01,0.067,-0.14,0.12,-0.127,0.068,0.19,0.1,DEPTH_ODDEVEN_DV---DEPTH_ODDEVEN_ALT---MOD_ODDEVEN_DV---MOD_ODDEVEN_ALT---DEEP_V_SHAPED,2018-08-16 00:00:00,1.0,q1_q17_dr25_tce,009/009936/009936698/dv/kplr009936698-001-20160209194854_dvs.pdf,q1_q17_dr25_sup_koi,q1_q17_dr25_koi,2454966.393,0.00162,-0.00162,009/009936/009936698/dv/kplr009936698-20160209194854_dvr.pdf,0,1,0,0,2164.0,1905.55,-1106.98,0.55331,0.00333,-0.01133,LS+MCMC,0.0,0
9512687,K00942.01,Kepler-735 b,284.68887,0.0,18h58m45.33s,46.172249,0.0,+46d10m20.1s,16.099,,15.302,,15.08,,14.934,,13.94,0.025,13.496,0.024,13.453,0.041,15.386,,cumulative,Done,11111111111111111000000000000000,CONFIRMED,CANDIDATE,1,115.0,7.9626484,44.959515,0.661,Claret (2011 A&A 529 75) ATLAS LS,0.0,0.0,0.186,0.5256,Mandel and Agol (2002 ApJ 580 171),53.2,,,174.85855,0.00106,-0.00106,0.0,,,,,,2.9,0.4,-0.19,0.0965,,,0.311,0.124,-0.311,2.006,0.0382,-0.0382,,,,1357.4,30.3,-30.3,11.51517167,1.566e-05,-1.566e-05,0.033306,0.000724,-0.000942,43.2,10.3,-10.3,89.59,,,657.0,,,5177.0,155.0,-155.0,4.59,0.024,-0.102,0.21,0.2,-0.3,0.798,0.108,-0.054,0.91,0.047,-0.093,,,,q1_q17_dr25_stellar,0.383,18.9792553,6.7e-06,46.17216,6.7e-05,-0.12,0.25,-0.32,0.24,0.00031,0.00036,0.00015,0.00037,0.059,0.093,-0.09,0.14,0.11,0.14,0.022,0.089,-0.32,0.14,0.32,0.15,NO_COMMENT,2018-08-16 00:00:00,1.0,q1_q17_dr25_tce,009/009512/009512687/dv/kplr009512687-001-20160209194854_dvs.pdf,q1_q17_dr25_sup_koi,q1_q17_dr25_koi,2455007.859,0.00106,-0.00106,009/009512/009512687/dv/kplr009512687-20160209194854_dvr.pdf,0,0,0,0,43.96,19.8,-10.12,11.51706,2.74017,-2.12313,LS+MCMC,1.0,1
4732015,K05076.02,,286.8252,0.0,19h07m18.05s,39.802509,0.0,+39d48m09.0s,11.322,,10.043,,9.644,,9.264,,7.935,0.02,7.239,0.017,7.042,0.017,10.147,,cumulative,Done,11111111111111111000000000000000,FALSE POSITIVE,FALSE POSITIVE,2,1127.0,32.035973,49.580254,,Claret (2011 A&A 529 75) ATLAS LS,0.0,0.0,0.0573,0.7106,Mandel and Agol (2002 ApJ 580 171),14.3,,,131.7401,0.00105,-0.00105,0.0,,,,,,34.87,9.24,-13.58,0.0232,,,0.5488,0.3038,-0.2178,3.682,0.413,-0.413,,,,106.5,13.4,-13.4,0.939740093,1.051e-06,-1.051e-06,0.00954,0.000996,-0.000718,0.56,0.245,-0.245,11.46,,,7200.0,,,4297.0,119.0,-123.0,1.663,0.308,-0.308,-0.2,0.28,-0.3,33.474,8.871,-13.042,1.883,0.922,-0.851,,,,stellar_q1_q17,,19.1217028,4.3e-06,39.802473,2.5e-05,0.92,0.18,-0.133,0.088,,,,,4.07,0.22,1.27,0.33,4.27,0.25,4.74,0.17,0.3,0.34,4.75,0.23,LPP_ALT_TOO_HIGH---RESID_OF_PREV_TCE---EYEBALL---SATURATED,2018-08-16 00:00:00,2.0,q1_q17_dr24_tce,004/004732/004732015/dv/kplr004732015-002-20141002224145_dvs.pdf,q1_q17_dr25_sup_koi,q1_q17_dr24_koi,2454964.74,0.00105,-0.00105,004/004732/004732015/dv/kplr004732015-20141002224145_dvr.pdf,1,0,0,0,635197.09,498644.54,-424497.64,0.00376,0.00494,-0.00276,MCMC,,0
3860441,K01188.01,,294.07071,0.0,19h36m16.97s,38.981331,0.0,+38d58m52.8s,16.004,,15.323,,15.113,,14.956,,14.015,0.031,13.662,0.032,13.529,0.047,15.381,,cumulative,Done,11111011101110111000000000000000,FALSE POSITIVE,FALSE POSITIVE,1,358.0,9.458786,38.012753,0.0,Claret (2011 A&A 529 75) ATLAS LS,0.0,0.0,0.2396,0.4415,Mandel and Agol (2002 ApJ 580 171),48.2,,,133.27252,0.00172,-0.00172,0.0,,,,,,21.81,5.07,-2.02,0.0392,,,1.216,6.805,-0.017,3.68,0.114,-0.114,,,,802.8,20.1,-20.1,2.988085455,6.206e-06,-6.206e-06,0.246924,6.79581,-0.016688,2.12,1.1,-1.1,54.96,,,1101.0,,,5497.0,164.0,-164.0,4.577,0.028,-0.152,-0.1,0.3,-0.3,0.809,0.188,-0.075,0.907,0.082,-0.101,,,,q1_q17_dr25_stellar,0.0,19.6042175,8e-06,38.982556,9.8e-05,-20.84,0.33,4.41,0.35,0.01407,0.00023,-0.00347,0.00025,-5.254,0.083,1.008,0.069,5.35,0.083,-5.44,0.081,0.519,0.069,5.465,0.081,MOD_ODDEVEN_DV---CENT_KIC_POS---HALO_GHOST,2018-08-16 00:00:00,1.0,q1_q17_dr25_tce,003/003860/003860441/dv/kplr003860441-001-20160209194854_dvs.pdf,q1_q17_dr25_sup_koi,q1_q17_dr25_koi,2454966.273,0.00172,-0.00172,003/003860/003860441/dv/kplr003860441-20160209194854_dvr.pdf,0,0,1,0,348.05,246.51,-94.24,0.02011,1.54892,-0.00301,LS+MCMC,0.0,0
12120484,K02407.01,Kepler-1226 b,296.37692,0.0,19h45m30.46s,50.621471,0.0,+50d37m17.3s,14.549,,14.102,,13.979,,13.937,,13.068,0.021,12.741,0.019,12.645,0.024,14.15,,cumulative,Done,11111111111111111000000000000000,CONFIRMED,CANDIDATE,1,81.0,4.1339293,18.592783,0.2432,Claret (2011 A&A 529 75) ATLAS LS,0.0,0.0,0.2844,0.3661,Mandel and Agol (2002 ApJ 580 171),23.7,,,135.75448,0.00619,-0.00619,0.0,,,,,,2.13,0.35,-0.34,0.1361,,,0.865,0.012,-0.601,7.042,0.161,-0.161,,,,203.1,9.9,-9.9,17.2922631,0.0001282,-0.0001282,0.015049,0.000276,-0.002108,10.01,4.7,-4.7,85.04,,,809.0,,,5936.0,71.0,-79.0,4.261,0.137,-0.112,0.14,0.15,-0.15,1.299,0.209,-0.209,1.122,0.079,-0.088,,,,q1_q17_dr25_stellar,0.845,19.758474,2.1e-05,50.62158,0.0002,0.46,0.72,0.38,0.72,-6e-05,0.00014,-1e-05,0.00014,0.58,0.28,0.46,0.33,0.74,0.36,0.48,0.28,0.48,0.35,0.68,0.37,NO_COMMENT,2018-08-16 00:00:00,1.0,q1_q17_dr25_tce,012/012120/012120484/dv/kplr012120484-001-20160209194854_dvs.pdf,q1_q17_dr25_sup_koi,q1_q17_dr25_koi,2454968.754,0.00619,-0.00619,012/012120/012120484/dv/kplr012120484-20160209194854_dvr.pdf,0,0,0,0,101.22,41.84,-33.67,0.06339,0.32766,-0.03475,LS+MCMC,0.993,1
8824737,K03347.01,Kepler-1917 b,294.10391,0.0,19h36m24.94s,45.001419,0.0,+45d00m05.1s,16.076,,15.422,,15.234,,15.088,,14.106,0.029,13.683,0.03,13.509,0.037,15.487,,cumulative,Done,11111111111111111000000000000000,CONFIRMED,CANDIDATE,1,101.0,3.2223308,13.867703,0.4505,Claret (2011 A&A 529 75) ATLAS LS,0.0,0.0,0.2434,0.4341,Mandel and Agol (2002 ApJ 580 171),15.7,,,139.15105,0.0053,-0.0053,0.0,,,,,,1.49,0.34,-0.13,0.103,,,0.382,0.07,-0.382,2.446,0.155,-0.155,,,,354.4,26.7,-26.7,12.90235874,8.403e-05,-8.403e-05,0.017349,0.000691,-0.001002,38.0,16.8,-16.8,89.42,,,675.0,,,5530.0,166.0,-166.0,4.586,0.036,-0.144,-0.22,0.3,-0.3,0.788,0.176,-0.07,0.882,0.083,-0.102,,,,q1_q17_dr25_stellar,0.0,19.606965,1.9e-05,45.00098,0.0002,1.4,0.73,-1.57,0.74,-0.00052,0.00026,0.00053,0.00026,-0.28,0.33,-0.43,0.8,0.52,0.71,-0.55,0.32,-0.41,0.82,0.69,0.58,NO_COMMENT,2018-08-16 00:00:00,1.0,q1_q17_dr25_tce,008/008824/008824737/dv/kplr008824737-001-20160209194854_dvs.pdf,q1_q17_dr25_sup_koi,q1_q17_dr25_koi,2454972.151,0.0053,-0.0053,008/008824/008824737/dv/kplr008824737-20160209194854_dvr.pdf,0,0,0,0,48.99,33.53,-12.99,6.23823,2.75723,-1.95422,LS+MCMC,0.96,1
11913052,K07491.01,,291.04498,0.0,19h24m10.80s,50.282261,0.0,+50d16m56.1s,14.713,,13.748,,13.474,,13.248,,12.161,0.022,11.591,0.032,11.461,0.022,13.846,,cumulative,Done,11111111111111100000000000000000,FALSE POSITIVE,FALSE POSITIVE,1,331.0,4.179568,10.635635,0.9628,Claret (2011 A&A 529 75) ATLAS LS,0.0,0.0,0.1614,0.5719,Mandel and Agol (2002 ApJ 580 171),17.0,,,134.17465,0.00615,-0.00615,0.0,,,,,,9.04,0.43,-2.44,0.0611,,,0.217,0.236,-0.217,3.444,0.203,-0.203,,,,145.9,10.0,-10.0,3.74785307,2.86e-05,-2.86e-05,0.010754,0.000548,-0.000533,8.23,1.1,-1.1,88.49,,,2440.0,,,4929.0,72.0,-172.0,3.001,0.033,-0.03,0.26,0.1,-0.4,7.7,0.367,-2.078,2.167,0.23,-1.035,,,,q1_q17_dr25_stellar,0.0,19.403003,1.2e-05,50.28089,0.00013,0.17,0.43,-4.95,0.45,-1.9e-05,6e-05,0.000691,6.4e-05,0.95,0.68,-2.87,0.59,3.02,0.68,0.89,0.66,-2.89,0.63,3.03,0.7,CENT_UNRESOLVED_OFFSET---HALO_GHOST---EPHEM_MATCH,2018-08-16 00:00:00,1.0,q1_q17_dr25_tce,011/011913/011913052/dv/kplr011913052-001-20160209194854_dvs.pdf,q1_q17_dr25_sup_koi,q1_q17_dr25_koi,2454967.175,0.00615,-0.00615,011/011913/011913052/dv/kplr011913052-20160209194854_dvr.pdf,0,0,1,1,8389.62,1368.74,-4509.55,0.75041,0.10136,-0.33234,LS+MCMC,0.0,0
12834874,K00487.01,Kepler-574 b,290.24704,0.0,19h20m59.29s,52.149132,0.0,+52d08m56.9s,15.062,,14.483,,14.3,,14.221,,13.326,0.022,12.921,0.036,12.921,0.035,14.528,,cumulative,Done,11111111111111111000000000000000,CONFIRMED,CANDIDATE,1,179.0,6.5642147,48.160652,0.2108,Claret (2011 A&A 529 75) ATLAS LS,0.0,0.0,0.2787,0.3728,Mandel and Agol (2002 ApJ 580 171),57.6,,,173.03964,0.00137,-0.00137,0.0,,,,,,2.19,0.56,-0.23,0.0723,,,0.017,0.407,-0.017,3.0427,0.0459,-0.0459,,,,668.2,13.6,-13.6,7.65880048,1.326e-05,-1.326e-05,0.023499,0.000669,-0.000292,19.687,0.302,-0.302,89.95,,,858.0,,,5657.0,152.0,-152.0,4.508,0.069,-0.161,-0.26,0.3,-0.3,0.855,0.215,-0.092,0.858,0.106,-0.08,,,,q1_q17_dr25_stellar,0.039,19.3498091,8.3e-06,52.149459,6.5e-05,0.19,0.28,1.18,0.23,-0.00033,0.00018,0.00012,0.00016,0.22,0.15,-0.01,0.12,0.22,0.15,0.16,0.15,0.04,0.13,0.17,0.16,NO_COMMENT,2018-08-16 00:00:00,1.0,q1_q17_dr25_tce,012/012834/012834874/dv/kplr012834874-001-20160209194854_dvs.pdf,q1_q17_dr25_sup_koi,q1_q17_dr25_koi,2455006.04,0.00137,-0.00137,012/012834/012834874/dv/kplr012834874-20160209194854_dvr.pdf,0,0,0,0,128.18,95.03,-36.64,2.46084,0.03779,-0.82729,LS+MCMC,1.0,1
10407054,K02500.01,,292.77899,0.0,19h31m06.96s,47.552216,0.0,+47d33m08.0s,13.867,,13.291,,13.118,,,,12.776,0.026,12.55,0.02,12.486,0.027,13.343,,cumulative,Done,11111111111111111000000000000000,FALSE POSITIVE,FALSE POSITIVE,1,1441.0,3.585692,21.895151,0.3135,Claret (2011 A&A 529 75) ATLAS LS,0.0,0.0,0.3105,0.2893,Mandel and Agol (2002 ApJ 580 171),43.2,,,132.44306,0.00434,-0.00434,0.0,,,,,,1.48,0.41,-0.41,0.0192,,,0.728,0.308,-0.728,4.048,0.972,-0.972,,,,89.3,7.4,-7.4,0.933754669,3.77e-06,-3.77e-06,0.00931,0.04678,-0.000992,1.491,0.699,-0.699,60.78,,,2475.0,,,6443.0,181.0,-250.0,4.146,0.246,-0.164,-0.34,0.3,-0.3,1.457,0.402,-0.402,1.083,0.177,-0.145,,,,q1_q17_dr25_stellar,0.0,19.518546,1.4e-05,47.55247,0.00012,-1.94,0.51,0.91,0.45,9.6e-05,2.2e-05,-6.9e-05,1.9e-05,1.16,0.5,-0.17,0.47,1.17,0.5,2.31,0.46,-1.22,0.68,2.61,0.51,CENT_KIC_POS---HALO_GHOST---EPHEM_MATCH,2018-08-16 00:00:00,1.0,q1_q17_dr25_tce,010/010407/010407054/dv/kplr010407054-001-20160209194854_dvs.pdf,q1_q17_dr25_sup_koi,q1_q17_dr25_koi,2454965.443,0.00434,-0.00434,010/010407/010407054/dv/kplr010407054-20160209194854_dvr.pdf,0,0,1,1,8881.31,7271.4,-4906.52,0.0719,0.10117,-0.04349,LS+MCMC,0.0,0
10163067,K07291.01,,298.9006,0.0,19h55m36.14s,47.107769,0.0,+47d06m28.0s,12.975,,12.525,,12.377,,12.35,,11.465,0.026,11.175,0.029,11.111,0.018,12.556,,cumulative,Done,11111101110111011000000000000000,CANDIDATE,CANDIDATE,1,41.0,3.253537,9.7509165,0.0673,Claret (2011 A&A 529 75) ATLAS LS,0.0,0.0,0.3023,0.3153,Mandel and Agol (2002 ApJ 580 171),16.1,,,131.8232,0.0195,-0.0195,0.0,,,,,,3.37,0.6,-1.21,0.1861,,,0.982,0.002,-0.682,10.498,0.306,-0.306,,,,109.7,7.6,-7.6,25.9136674,0.0005882,-0.0005882,0.013137,0.00081,-0.003771,4.77,2.4,-2.4,78.12,,,966.0,,,6167.0,189.0,-170.0,3.804,0.293,-0.098,-0.2,0.3,-0.25,2.346,0.421,-0.842,1.279,0.235,-0.259,,,,q1_q17_dr25_stellar,0.781,19.926717,2.5e-05,47.10765,0.0002,0.37,0.9,-0.42,0.72,3e-05,0.0001,2.6e-05,8e-05,8.5,2.4,-3.1,1.1,9.0,2.2,8.5,2.3,-3.0,1.1,9.0,2.2,NO_COMMENT,2018-08-16 00:00:00,1.0,q1_q17_dr25_tce,010/010163/010163067/dv/kplr010163067-001-20160209194854_dvs.pdf,q1_q17_dr25_sup_koi,q1_q17_dr25_koi,2454964.823,0.0195,-0.0195,010/010163/010163067/dv/kplr010163067-20160209194854_dvr.pdf,0,0,0,0,205.72,117.18,-130.12,0.00306,0.35804,-0.00321,LS+MCMC,0.983,1
7769815,K06915.01,,297.01929,0.0,19h48m04.63s,43.478802,0.0,+43d28m43.7s,16.34,,15.697,,15.48,,15.328,,14.368,0.048,14.046,0.037,14.023,,15.738,,cumulative,Done,00011111111111111000000000000000,FALSE POSITIVE,FALSE POSITIVE,1,257.0,2.836846,8.608186,0.7556,Claret (2011 A&A 529 75) ATLAS LS,0.0,0.0,0.2787,0.3728,Mandel and Agol (2002 ApJ 580 171),9.6,,,134.7488,0.0115,-0.0115,0.0,,,,,,1.15,0.29,-0.13,0.0499,,,0.353,0.115,-0.353,2.117,0.348,-0.348,,,,181.9,24.7,-24.7,4.43529675,5.328e-05,-5.328e-05,0.012463,0.000977,-0.000973,15.2,3.9,-3.9,88.67,,,1026.0,,,5659.0,186.0,-186.0,4.511,0.069,-0.161,-0.32,0.3,-0.3,0.842,0.215,-0.092,0.839,0.106,-0.08,,,,q1_q17_dr25_stellar,0.0,19.801477,4.1e-05,43.47411,0.00048,7.5,1.6,-16.9,1.7,-0.00114,0.00025,0.00255,0.00026,2.74,0.15,-3.92,0.11,4.78,0.15,2.8,0.15,-3.95,0.1,4.85,0.14,CENT_RESOLVED_OFFSET---HALO_GHOST,2018-08-16 00:00:00,1.0,q1_q17_dr25_tce,007/007769/007769815/dv/kplr007769815-001-20160209194854_dvs.pdf,q1_q17_dr25_sup_koi,q1_q17_dr25_koi,2454967.749,0.0115,-0.0115,007/007769/007769815/dv/kplr007769815-20160209194854_dvr.pdf,0,0,1,0,261.33,207.37,-79.93,3.37649,1.72741,-3.31882,LS+MCMC,0.0,0
7288306,K03443.01,Kepler-1503 b,293.72717,0.0,19h34m54.52s,42.806759,0.0,+42d48m24.3s,16.431,,15.749,,15.523,,15.335,,14.353,0.029,13.82,0.029,13.767,0.046,15.796,,cumulative,Done,11111111111111111000000000000000,CONFIRMED,CANDIDATE,1,15.0,6.8300676,17.21297,0.4084,Claret (2011 A&A 529 75) ATLAS LS,0.0,0.0,0.2337,0.4535,Mandel and Agol (2002 ApJ 580 171),20.0,,,170.2581,0.00954,-0.00954,0.0,,,,,,2.07,0.33,-0.14,0.3771,,,0.049,0.411,-0.049,7.496,0.275,-0.275,,,,894.5,52.0,-52.0,96.169569,0.001086,-0.001086,0.026984,0.001402,-0.0008,100.54,6.8,-6.8,89.97,,,321.0,,,5340.0,160.0,-160.0,4.633,0.036,-0.09,-0.44,0.3,-0.3,0.702,0.112,-0.048,0.783,0.076,-0.084,,,,q1_q17_dr25_stellar,0.799,19.58181,2.2e-05,42.80665,0.00021,-0.01,0.86,-0.4,0.77,-1e-05,0.00076,0.00024,0.00069,-0.07,0.19,0.63,0.32,0.64,0.32,-0.07,0.22,0.54,0.29,0.55,0.29,NO_COMMENT,2018-08-16 00:00:00,1.0,q1_q17_dr25_tce,007/007288/007288306/dv/kplr007288306-001-20160209194854_dvs.pdf,q1_q17_dr25_sup_koi,q1_q17_dr25_koi,2455003.258,0.00954,-0.00954,007/007288/007288306/dv/kplr007288306-20160209194854_dvr.pdf,0,0,0,0,2.52,1.3,-0.58,2.07895,0.14055,-0.82705,LS+MCMC,0.985,1
1572948,K04924.01,,291.32748,0.0,19h25m18.60s,37.126701,0.0,+37d07m36.1s,14.956,,14.485,,14.342,,14.275,,13.398,0.024,13.121,0.027,13.026,0.035,14.526,,cumulative,Done,00000000000001100000000000000000,FALSE POSITIVE,FALSE POSITIVE,1,58.0,4.5359592,12.361888,0.8418,Claret (2011 A&A 529 75) ATLAS LS,0.0,0.0,0.31,0.2931,Mandel and Agol (2002 ApJ 580 171),13.9,,,132.1161,0.0732,-0.0732,0.0,,,,,,4.7,1.41,-1.55,0.045,,,0.98,0.035,-0.764,2.814,0.136,-0.136,,,,374.7,27.7,-27.7,3.0031801,0.000177,-0.000177,0.024342,0.002357,-0.008223,2.64,1.3,-1.3,68.19,,,1827.0,,,6606.0,181.0,-250.0,4.071,0.258,-0.172,-0.16,0.25,-0.3,1.768,0.53,-0.583,1.349,0.182,-0.296,,,,q1_q17_dr25_stellar,0.0,19.421515,3e-05,37.12564,0.00033,-13.7,1.3,-3.8,1.2,0.0044,0.00042,0.00085,0.00039,-7.59,0.13,-1.34,0.27,7.71,0.14,-7.71,0.11,-1.41,0.25,7.84,0.12,CENT_FEW_DIFFS---HALO_GHOST,2018-08-16 00:00:00,1.0,q1_q17_dr25_tce,001/001572/001572948/dv/kplr001572948-001-20160209194854_dvs.pdf,q1_q17_dr25_sup_koi,q1_q17_dr25_koi,2454965.116,0.0732,-0.0732,001/001572/001572948/dv/kplr001572948-20160209194854_dvr.pdf,0,0,1,0,2630.88,2321.28,-1618.01,0.03844,2.55454,-0.07827,LS+MCMC,0.0,0
9850843,K05724.01,,298.71469,0.0,19h54m51.53s,46.650639,0.0,+46d39m02.3s,15.32,,14.818,,14.668,,14.605,,13.766,0.029,13.476,0.031,13.353,0.033,14.863,,cumulative,Done,11111101110111011000000000000000,FALSE POSITIVE,FALSE POSITIVE,1,128.0,3.7774625,9.068564,0.7229,Claret (2011 A&A 529 75) ATLAS LS,0.0,0.0,0.3029,0.3239,Mandel and Agol (2002 ApJ 580 171),12.0,,,135.853,0.0125,-0.0125,0.0,,,,,,1.23,0.42,-0.13,0.0848,,,0.008,0.445,-0.008,6.134,0.378,-0.378,,,,133.7,12.8,-12.8,8.48039,0.000127,-0.000127,0.010596,0.000648,-0.00054,10.689,0.375,-0.375,89.95,,,969.0,,,6193.0,173.0,-238.0,4.434,0.056,-0.224,0.0,0.25,-0.3,1.067,0.357,-0.119,1.127,0.155,-0.155,,,,q1_q17_dr25_stellar,0.096,19.914264,3.7e-05,46.651,0.00046,-1.8,1.4,1.3,1.7,0.0002,0.00016,-0.00015,0.0002,-0.08,0.63,-2.02,0.78,2.02,0.77,-0.36,0.73,-2.07,0.82,2.1,0.79,HALO_GHOST---EPHEM_MATCH,2018-08-16 00:00:00,1.0,q1_q17_dr25_tce,009/009850/009850843/dv/kplr009850843-001-20160209194854_dvs.pdf,q1_q17_dr25_sup_koi,q1_q17_dr25_koi,2454968.853,0.0125,-0.0125,009/009850/009850843/dv/kplr009850843-20160209194854_dvr.pdf,0,0,1,1,208.42,206.06,-67.76,0.32124,0.01126,-0.17005,LS+MCMC,0.0,0
3103473,K04395.01,,287.84,0.0,19h11m21.60s,38.255489,0.0,+38d15m19.8s,16.353,,15.64,,15.401,,15.282,,14.224,0.03,13.823,0.033,13.742,0.046,15.686,,cumulative,Done,11111111111111111000000000000000,CANDIDATE,CANDIDATE,1,702.0,3.1262248,9.502461,0.8001,Claret (2011 A&A 529 75) ATLAS LS,0.0,0.0,0.2075,0.49,Mandel and Agol (2002 ApJ 580 171),12.6,,,131.72678,0.00363,-0.00363,0.0,,,,,,1.12,0.16,-0.09,0.0283,,,0.387,0.057,-0.387,1.437,0.129,-0.129,,,,226.8,20.5,-20.5,1.920062587,8.516e-06,-8.516e-06,0.013851,0.000479,-0.001083,9.58,2.2,-2.2,87.69,,,1189.0,,,5266.0,158.0,-142.0,4.611,0.036,-0.09,-0.22,0.3,-0.3,0.741,0.103,-0.06,0.83,0.07,-0.101,,,,q1_q17_dr25_stellar,0.416,19.189321,2.7e-05,38.25548,0.00032,-0.5,1.2,0.0,1.1,0.00018,0.00023,-9e-05,0.00023,-1.01,0.51,-0.24,0.57,1.04,0.51,-0.88,0.49,-0.65,0.59,1.09,0.53,CENT_KIC_POS,2018-08-16 00:00:00,1.0,q1_q17_dr25_tce,003/003103/003103473/dv/kplr003103473-001-20160209194854_dvs.pdf,q1_q17_dr25_sup_koi,q1_q17_dr25_koi,2454964.727,0.00363,-0.00363,003/003103/003103473/dv/kplr003103473-20160209194854_dvr.pdf,0,0,0,0,471.84,217.13,-114.6,4.51857,1.04735,-2.25953,LS+MCMC,0.528,1
11773022,K00620.02,Kepler-51 d,296.47977,0.0,19h45m55.14s,49.937679,0.0,+49d56m15.6s,15.14,,14.628,,14.467,,14.431,,13.562,0.023,13.219,0.023,13.197,0.037,14.669,,cumulative,Done,11111111111111111000000000000000,CONFIRMED,CANDIDATE,3,10.0,77.47073,203.99986,0.5976,Claret (2011 A&A 529 75) ATLAS LS,0.0,0.0,0.2889,0.3511,Mandel and Agol (2002 ApJ 580 171),365.2,,,212.032638,0.000459,-0.000459,0.0,,,,,,10.44,3.22,-1.07,0.5121,,,0.022,0.144,-0.022,8.4534,0.0213,-0.0213,,,,11570.9,34.3,-34.3,130.17802962,7.629e-05,-7.629e-05,0.098365,0.00036,-0.000139,129.19,0.424,-0.424,89.99,,,367.0,,,6046.0,162.0,-198.0,4.486,0.052,-0.221,-0.08,0.25,-0.35,0.972,0.3,-0.1,1.053,0.129,-0.142,,,,q1_q17_dr25_stellar,0.0,19.7653172,1.2e-06,49.937557,2e-05,-0.026,0.04,-0.444,0.073,-0.0058,0.0019,-0.018,0.0029,-0.048,0.078,0.139,0.072,0.147,0.073,-0.073,0.077,0.069,0.081,0.101,0.079,NO_COMMENT,2018-08-16 00:00:00,1.0,q1_q17_dr25_tce,011/011773/011773022/dv/kplr011773022-001-20160209194854_dvs.pdf,q1_q17_dr25_sup_koi,q1_q17_dr25_koi,2455045.033,0.000459,-0.000459,011/011773/011773022/dv/kplr011773022-20160209194854_dvr.pdf,0,0,0,0,4.31,3.89,-1.27,2.40696,0.0079,-0.13583,LS+MCMC,1.0,1
3338885,K01845.01,Kepler-975 b,290.54855,0.0,19h22m11.65s,38.495281,0.0,+38d29m43.0s,15.344,,14.362,,14.05,,13.861,,12.807,0.023,12.276,0.018,12.19,0.021,14.438,,cumulative,Done,11111111111111111000000000000000,CONFIRMED,CANDIDATE,2,675.0,4.657093,44.915237,0.8567,Claret (2011 A&A 529 75) ATLAS LS,0.0,0.0,0.1396,0.5988,Mandel and Agol (2002 ApJ 580 171),56.3,,,131.948389,0.00096,-0.00096,0.0,,,,,,3.97,2.57,-2.34,0.0303,,,0.859,0.033,-0.606,1.7901,0.0341,-0.0341,,,,403.2,8.5,-8.5,1.970340203,2.276e-06,-2.276e-06,0.021783,0.000904,-0.003386,4.74,2.2,-2.2,79.56,,,1599.0,,,4883.0,146.0,-132.0,3.972,0.57,-0.38,0.56,0.05,-0.3,1.667,1.082,-0.983,0.951,0.198,-0.144,,,,q1_q17_dr25_stellar,0.395,19.3698971,5.2e-06,38.495277,6.7e-05,-0.29,0.22,-0.01,0.24,3.3e-05,8.8e-05,-6.6e-05,9.6e-05,-0.03,0.41,-0.03,0.16,0.04,0.18,-0.11,0.44,0.02,0.17,0.11,0.46,NO_COMMENT,2018-08-16 00:00:00,1.0,q1_q17_dr25_tce,003/003338/003338885/dv/kplr003338885-001-20160209194854_dvs.pdf,q1_q17_dr25_sup_koi,q1_q17_dr25_koi,2454964.948,0.00096,-0.00096,003/003338/003338885/dv/kplr003338885-20160209194854_dvr.pdf,0,0,0,0,1540.07,3171.86,-1307.7,0.51893,2.37777,-0.15737,LS+MCMC,1.0,1
9282769,K03959.01,,292.60968,0.0,19h30m26.32s,45.708881,0.0,+45d42m32.0s,13.75,,13.358,,13.258,,13.221,,12.337,0.026,12.098,0.023,12.035,0.028,13.406,,cumulative,Done,11111111111111111000000000000000,FALSE POSITIVE,FALSE POSITIVE,1,1010.0,20.558546,124.39423,-1.0,Claret (2011 A&A 529 75) ATLAS LS,0.0,0.0,0.3124,0.2859,Mandel and Agol (2002 ApJ 580 171),110.6,,,132.0492,0.00142,-0.00142,0.0,,,,,,27.36,8.44,-4.54,0.0241,,,1.185,0.186,-0.117,6.3373,0.081,-0.081,,,,401.3,4.5,-4.5,1.332567005,2.262e-06,-2.262e-06,0.204898,0.224784,-0.081689,1.243,0.589,-0.589,17.56,,,2007.0,,,6388.0,157.0,-189.0,4.284,0.149,-0.182,-0.28,0.25,-0.3,1.223,0.377,-0.203,1.045,0.184,-0.107,,,,q1_q17_dr25_stellar,,19.507223,1.9e-06,45.708951,1.8e-05,-3.383,0.071,0.254,0.066,,,-0.00025,0.00041,-8.1,1.2,3.48,0.42,8.8,1.0,-8.3,1.3,3.13,0.47,8.8,1.2,LPP_DV---MOD_NONUNIQ_ALT---CENT_KIC_POS---HALO_GHOST---EPHEM_MATCH,2018-08-16 00:00:00,1.0,q1_q17_dr25_tce,009/009282/009282769/dv/kplr009282769-001-20160209194854_dvs.pdf,q1_q17_dr25_sup_koi,q1_q17_dr25_koi,2454965.049,0.00142,-0.00142,009/009282/009282769/dv/kplr009282769-20160209194854_dvr.pdf,1,0,1,1,3837.83,3400.73,-1470.49,0.02045,0.00969,-0.00544,LS+MCMC,0.0,0
6233466,K03552.01,,299.04727,0.0,19h56m11.34s,41.538078,0.0,+41d32m17.1s,15.38,,14.674,,14.378,,14.329,,13.207,0.033,12.83,0.042,12.787,0.042,14.679,,cumulative,Done,00000001111111111000000000000000,FALSE POSITIVE,FALSE POSITIVE,1,48.0,1359.285,5661.377,-1.0,Claret (2011 A&A 529 75) ATLAS LS,0.0,0.0,0.2427,0.4368,Mandel and Agol (2002 ApJ 580 171),978.2,,,143.859941,0.000421,-0.000421,0.0,,,,,,630.53,168.7,-313.4,0.126,,,3.454,0.558,-0.339,8.0429,0.022,-0.022,,,,208362.0,282.0,-282.0,15.873380595,6.27e-06,-6.27e-06,3.047001,0.548304,-0.339154,32.0,6.9,-6.9,83.8,,,962.0,,,5622.0,186.0,-169.0,3.907,0.568,-0.177,-0.12,0.3,-0.25,1.895,0.507,-0.942,1.056,0.129,-0.194,,,,q1_q17_dr25_stellar,0.0,19.936516363,2.8e-08,41.53795789,2e-07,1.2556,0.0011,-0.43959,0.00073,0.163,0.087,0.0,0.12,-3.2,1.0,0.42,0.38,3.2,1.0,0.128,0.078,-0.331,0.071,0.355,0.072,MOD_SEC_DV---MOD_SEC_ALT---MOD_ODDEVEN_DV---CENT_KIC_POS,2018-08-16 00:00:00,1.0,q1_q17_dr25_tce,006/006233/006233466/dv/kplr006233466-001-20160209194854_dvs.pdf,q1_q17_dr25_sup_koi,q1_q17_dr25_koi,2454976.86,0.000421,-0.000421,006/006233/006233466/dv/kplr006233466-20160209194854_dvr.pdf,0,1,0,0,202.23,167.87,-156.96,2.45958,0.53071,-0.345,LS+MCMC,0.0,0
7257363,K02292.01,,282.04895,0.0,18h48m11.75s,42.871109,0.0,+42d52m16.0s,16.148,,15.455,,15.245,,15.129,,14.179,0.032,13.748,0.038,13.625,0.046,15.516,,cumulative,Done,11111111111111111000000000000000,FALSE POSITIVE,FALSE POSITIVE,1,257.0,5.8286924,12.49613,0.9183,Claret (2011 A&A 529 75) ATLAS LS,0.0,0.0,0.2075,0.49,Mandel and Agol (2002 ApJ 580 171),12.7,,,133.1457,0.0104,-0.0104,0.0,,,,,,1.15,0.16,-0.09,0.0552,,,0.366,0.099,-0.366,3.242,0.284,-0.284,,,,242.1,21.7,-21.7,5.23340265,7.204e-05,-7.204e-05,0.014219,0.000639,-0.000991,11.68,3.2,-3.2,88.2,,,851.0,,,5266.0,142.0,-142.0,4.611,0.036,-0.084,-0.22,0.3,-0.3,0.741,0.103,-0.06,0.83,0.069,-0.103,,,,q1_q17_dr25_stellar,0.0,18.803085,2.7e-05,42.87019,0.00031,-7.1,1.1,-3.3,1.1,0.00171,0.00027,0.00083,0.00028,1.9,1.0,-3.15,0.85,3.7,1.1,1.9,1.1,-3.0,1.1,3.6,1.3,CENT_RESOLVED_OFFSET---HALO_GHOST---EPHEM_MATCH,2018-08-16 00:00:00,1.0,q1_q17_dr25_tce,007/007257/007257363/dv/kplr007257363-001-20160209194854_dvs.pdf,q1_q17_dr25_sup_koi,q1_q17_dr25_koi,2454966.146,0.0104,-0.0104,007/007257/007257363/dv/kplr007257363-20160209194854_dvr.pdf,0,0,1,1,124.02,54.94,-30.12,1.10126,0.2971,-0.5587,LS+MCMC,0.0,0
4586482,K05073.01,,297.48386,0.0,19h49m56.13s,39.63649,0.0,+39d38m11.4s,14.612,,13.939,,13.77,,13.666,,12.775,0.032,12.391,0.025,12.326,0.033,14.023,,cumulative,Done,11111111111111111000000000000000,FALSE POSITIVE,FALSE POSITIVE,1,3.0,869.3983,1254.9728,0.5024,Claret (2011 A&A 529 75) ATLAS LS,0.0,0.0,0.2514,0.4282,Mandel and Agol (2002 ApJ 580 171),2386.6,,,201.386299,0.000179,-0.000179,0.0,,,,,,66.64,18.49,-12.32,1.4554,,,0.895,0.033,-0.027,23.5615,0.0133,-0.0133,,,,140332.0,69.4,-69.4,623.005238,0.0001445,-0.0001445,0.505563,0.02273,-0.019431,244.49,2.7,-2.7,89.79,,,229.0,,,5689.0,171.0,-171.0,4.299,0.17,-0.187,0.32,0.1,-0.3,1.207,0.335,-0.223,1.058,0.11,-0.11,,,,q1_q17_dr25_stellar,0.0,19.832259222,9.8e-08,39.6364362,1.1e-06,0.0508,0.0041,-0.1935,0.0039,-0.13,0.27,0.14,0.34,0.77,0.14,-0.75,0.26,1.07,0.21,0.016,0.075,-0.028,0.078,0.032,0.078,SAME_NTL_PERIOD---CENT_FEW_DIFFS,2018-08-16 00:00:00,2.0,q1_q17_dr25_tce,004/004586/004586482/dv/kplr004586482-002-20160209194854_dvs.pdf,q1_q17_dr25_sup_koi,q1_q17_dr25_koi,2455034.386,0.000179,-0.000179,004/004586/004586482/dv/kplr004586482-20160209194854_dvr.pdf,1,0,0,0,0.64,0.54,-0.26,0.7123,0.00801,-0.00769,LS+MCMC,0.0,0
5036537,K03718.01,,297.87793,0.0,19h51m30.70s,40.10471,0.0,+40d06m17.0s,16.43,,15.469,,15.193,,15.069,,13.981,0.03,13.507,0.031,13.408,0.029,15.564,,cumulative,Done,00011111111111111000000000000000,FALSE POSITIVE,FALSE POSITIVE,1,1074.0,59.39428,448.16425,0.0795,Claret (2011 A&A 529 75) ATLAS LS,0.0,0.0,0.1324,0.6039,Mandel and Agol (2002 ApJ 580 171),174.9,,,132.521276,0.000482,-0.000482,0.0,,,,,,9.14,2.29,-1.41,0.0193,,,0.882,0.006,-0.007,2.6715,0.0314,-0.0314,,,,6367.1,52.8,-52.8,1.06100873,5.48e-07,-5.48e-07,0.088429,0.000643,-0.00131,2.159,0.122,-0.122,65.89,,,1568.0,,,5080.0,192.0,-174.0,4.417,0.148,-0.259,0.44,0.05,-0.3,0.947,0.237,-0.146,0.855,0.068,-0.055,,,,q1_q17_dr25_stellar,0.0,19.85924895,5.3e-07,40.121233,1e-05,29.723,0.022,59.482,0.037,-0.1958,0.00079,-0.3866,0.001,0.318,0.068,0.897,0.067,0.952,0.067,1.05,0.067,7.612,0.069,7.684,0.069,MOD_ODDEVEN_DV---MOD_ODDEVEN_ALT---SEASONAL_DEPTH_ALT---CENT_RESOLVED_OFFSET---EPHEM_MATCH,2018-08-16 00:00:00,1.0,q1_q17_dr25_tce,005/005036/005036537/dv/kplr005036537-001-20160209194854_dvs.pdf,q1_q17_dr25_sup_koi,q1_q17_dr25_koi,2454965.521,0.000482,-0.000482,005/005036/005036537/dv/kplr005036537-20160209194854_dvr.pdf,0,1,1,1,1434.99,1166.96,-541.96,0.16912,0.00954,-0.00853,LS+MCMC,0.0,0
6277410,K07774.01,,289.33551,0.0,19h17m20.52s,41.683449,0.0,+41d41m00.4s,15.949,,15.363,,15.195,,15.07,,14.117,0.026,13.701,0.032,13.671,0.041,15.421,,cumulative,Done,11111111111111111000000000000000,CANDIDATE,CANDIDATE,1,213.0,3.1088266,8.370732,0.6196,Claret (2011 A&A 529 75) ATLAS LS,0.0,0.0,0.2787,0.3728,Mandel and Agol (2002 ApJ 580 171),8.8,,,133.27081,0.00688,-0.00688,0.0,,,,,,1.14,0.31,-0.1,0.0647,,,0.181,0.279,-0.181,1.383,0.267,-0.267,,,,192.5,27.5,-27.5,6.32589574,6.033e-05,-6.033e-05,0.012726,0.000826,-0.001329,34.8,16.9,-16.9,89.7,,,901.0,,,5749.0,155.0,-155.0,4.568,0.033,-0.187,-0.28,0.3,-0.3,0.818,0.226,-0.071,0.907,0.1,-0.1,,,,q1_q17_dr25_stellar,0.002,19.289104,3.9e-05,41.68286,0.00045,2.8,1.6,-2.1,1.6,-0.00057,0.00031,0.00041,0.00032,0.71,0.64,0.76,0.83,1.04,0.93,0.6,0.58,0.66,0.86,0.89,0.9,NO_COMMENT,2018-08-16 00:00:00,1.0,q1_q17_dr25_tce,006/006277/006277410/dv/kplr006277410-001-20160209194854_dvs.pdf,q1_q17_dr25_sup_koi,q1_q17_dr25_koi,2454966.271,0.00688,-0.00688,006/006277/006277410/dv/kplr006277410-20160209194854_dvr.pdf,0,0,0,0,156.27,126.86,-39.45,19.96947,87.38835,-13.54618,LS+MCMC,0.851,1
5358241,K00829.03,Kepler-53 c,290.46176,0.0,19h21m50.82s,40.562462,0.0,+40d33m44.9s,15.867,,15.354,,15.179,,15.139,,14.252,0.027,13.906,0.032,13.807,0.051,15.386,,cumulative,Done,11111111111111111000000000000000,CONFIRMED,CANDIDATE,3,37.0,7.5526104,32.640865,0.5868,Claret (2011 A&A 529 75) ATLAS LS,0.0,0.0,0.2555,0.4191,Mandel and Agol (2002 ApJ 580 171),39.7,,,163.85063,0.00407,-0.00407,0.0,,,,,,4.02,0.62,-0.36,0.2255,,,0.911,0.025,-0.663,5.794,0.199,-0.199,,,,993.0,26.8,-26.8,38.5576546,0.0001765,-0.0001765,0.03498,0.003036,-0.005546,24.9,12.4,-12.4,87.91,,,550.0,,,5775.0,78.0,-78.0,4.405,0.066,-0.123,0.16,0.15,-0.15,1.053,0.161,-0.094,1.026,0.062,-0.062,,,,q1_q17_dr25_stellar,0.0,19.3641215,8.8e-06,40.56244,8.3e-05,0.14,0.36,-0.07,0.3,-0.00101,0.00036,0.0007,0.00031,0.47,0.15,-0.04,0.2,0.47,0.15,0.26,0.13,0.31,0.21,0.41,0.15,NO_COMMENT,2018-08-16 00:00:00,2.0,q1_q17_dr25_tce,005/005358/005358241/dv/kplr005358241-002-20160209194854_dvs.pdf,q1_q17_dr25_sup_koi,q1_q17_dr25_koi,2454996.851,0.00407,-0.00407,005/005358/005358241/dv/kplr005358241-20160209194854_dvr.pdf,0,0,0,0,21.71,8.73,-4.66,0.19756,1.86099,-0.08925,LS+MCMC,1.0,1
11724091,K07475.01,,296.97705,0.0,19h47m54.49s,49.841808,0.0,+49d50m30.5s,13.773,,13.51,,13.458,,13.441,,12.645,0.022,12.458,0.019,12.401,0.024,13.575,,cumulative,Done,11111111111111111000000000000000,FALSE POSITIVE,FALSE POSITIVE,1,862.0,450.398,5707.508,-1.0,Claret (2011 A&A 529 75) ATLAS LS,0.0,0.0,0.3376,0.2353,Mandel and Agol (2002 ApJ 580 171),1315.5,,,131.7719964,8.65e-05,-8.65e-05,0.0,,,,,,129.87,26.87,-49.94,0.032,,,0.375,0.008,-0.001,4.95211,0.00612,-0.00612,,,,226981.0,226.0,-226.0,1.559090282,1.64e-07,-1.64e-07,0.453231,0.000331,-0.000407,3.4964,0.0559,-0.0559,83.84,,,2905.0,,,7279.0,230.0,-345.0,3.856,0.33,-0.132,-0.04,0.2,-0.35,2.624,0.543,-1.009,1.8,0.177,-0.412,,,,q1_q17_dr25_stellar,0.0,19.798469592,1e-08,49.84179164,1e-07,0.01015,0.00035,-0.06609,0.00035,0.0,0.05,0.0,0.077,-0.001,0.067,0.001,0.067,0.001,0.067,-0.065,0.067,-0.047,0.067,0.08,0.067,SWEET_EB---MOD_SEC_DV---MOD_SEC_ALT,2018-08-16 00:00:00,1.0,q1_q17_dr25_tce,011/011724/011724091/dv/kplr011724091-001-20160209194854_dvs.pdf,q1_q17_dr25_sup_koi,q1_q17_dr25_koi,2454964.772,8.65e-05,-8.65e-05,011/011724/011724091/dv/kplr011724091-20160209194854_dvr.pdf,0,1,0,0,16893.61,10976.1,-11623.88,0.33264,0.00532,-0.00327,LS+MCMC,0.0,0
8096395,K07587.01,,291.35892,0.0,19h25m26.14s,43.93681,0.0,+43d56m12.5s,12.512,,11.726,,,,,,10.338,0.02,10.045,0.018,9.981,0.014,11.616,,cumulative,Done,11111111111111111000000000000000,CANDIDATE,CANDIDATE,1,3.0,13.1379595,21.286785,0.7987,Claret (2011 A&A 529 75) ATLAS LS,0.0,0.0,0.2916,0.3447,Mandel and Agol (2002 ApJ 580 171),29.0,,,165.426,0.0107,-0.0107,0.0,,,,,,2.57,0.78,-0.31,0.9845,,,0.89,0.04,-0.619,11.887,0.231,-0.231,,,,537.9,20.6,-20.6,366.088938,0.004884,-0.004884,0.024943,0.000487,-0.003497,119.5,58.6,-58.6,89.57,,,257.0,,,5941.0,187.0,-208.0,4.464,0.07,-0.196,-0.24,0.3,-0.3,0.945,0.286,-0.114,0.948,0.131,-0.107,,,,q1_q17_dr25_stellar,0.159,19.4239375,7.9e-06,43.936757,8.5e-05,0.36,0.31,-0.19,0.31,-0.0001,0.00015,0.00013,0.00016,0.05,0.13,-0.65,0.45,0.65,0.45,0.08,0.11,-0.48,0.46,0.49,0.46,NO_COMMENT,2018-08-16 00:00:00,1.0,q1_q17_dr25_tce,008/008096/008096395/dv/kplr008096395-001-20160209194854_dvs.pdf,q1_q17_dr25_sup_koi,q1_q17_dr25_koi,2454998.426,0.0107,-0.0107,008/008096/008096395/dv/kplr008096395-20160209194854_dvr.pdf,0,0,0,0,1.03,0.94,-0.34,0.24063,1.7709,-0.0512,LS+MCMC,0.897,1
2574201,K01025.01,,291.10846,0.0,19h24m26.03s,37.857792,0.0,+37d51m28.1s,17.02,,15.621,,14.85,,14.453,,13.206,0.025,12.535,0.024,12.366,0.02,15.501,,cumulative,Done,11101110111111111000000000000000,FALSE POSITIVE,FALSE POSITIVE,1,35.0,9.633692,17.833073,0.9835,Claret (2011 A&A 529 75) ATLAS LS,0.0,0.0,0.426,0.2631,Mandel and Agol (2002 ApJ 580 171),18.3,,,157.31713,0.00603,-0.00603,0.0,,,,,,10.05,0.78,-1.03,0.1692,,,1.161,68.41,-0.38,5.317,0.341,-0.341,,,,1467.9,84.6,-84.6,37.4783492,0.0002939,-0.0002939,0.209206,68.36467,-0.367134,18.31,9.2,-9.2,86.37,,,262.0,,,3687.0,65.0,-80.0,4.813,0.048,-0.036,-0.2,0.1,-0.1,0.44,0.034,-0.045,0.459,0.032,-0.044,,,,q1_q17_dr25_stellar,0.0,19.407,1e-05,37.85819,0.00012,-9.79,0.43,1.45,0.44,0.01101,0.00089,-0.0014,0.0011,-4.76,0.14,1.51,0.2,4.99,0.18,-5.159,0.08,2.256,0.076,5.631,0.079,DEEP_V_SHAPED---CENT_KIC_POS---HALO_GHOST,2018-08-16 00:00:00,1.0,q1_q17_dr25_tce,002/002574/002574201/dv/kplr002574201-001-20160209194854_dvs.pdf,q1_q17_dr25_sup_koi,q1_q17_dr25_koi,2454990.317,0.00603,-0.00603,002/002574/002574201/dv/kplr002574201-20160209194854_dvr.pdf,0,1,1,0,1.12,0.27,-0.29,0.08268,44.68322,-0.00202,LS+MCMC,0.0,0
6527229,K05296.01,,293.33401,0.0,19h33m20.16s,41.937321,0.0,+41d56m14.4s,16.36,,15.775,,15.581,,15.524,,14.611,0.031,14.212,0.039,14.088,0.064,15.814,,cumulative,Done,00011111111111111000000000000000,FALSE POSITIVE,FALSE POSITIVE,1,6.0,434.92923,932.911,0.0924,Claret (2011 A&A 529 75) ATLAS LS,0.0,0.0,0.2889,0.3511,Mandel and Agol (2002 ApJ 580 171),930.8,,,263.875635,0.00022,-0.00022,0.0,,,,,,48.77,14.27,-4.74,0.6734,,,1.016,0.084,-0.073,7.6419,0.0109,-0.0109,,,,92642.0,116.0,-116.0,200.79976002,5.689e-05,-5.689e-05,0.487544,0.064609,-0.058169,218.01,5.3,-5.3,89.73,,,303.0,,,5896.0,184.0,-205.0,4.518,0.036,-0.204,-0.08,0.3,-0.3,0.916,0.268,-0.089,1.008,0.127,-0.127,,,,q1_q17_dr25_stellar,0.0,19.55560273,4.3e-07,41.9373053,4.3e-06,0.029,0.017,-0.053,0.015,-0.014,0.035,-0.003,0.048,0.024,0.067,-0.002,0.067,0.024,0.067,0.054,0.07,-0.009,0.071,0.055,0.07,DEEP_V_SHAPED,2018-08-16 00:00:00,1.0,q1_q17_dr25_tce,006/006527/006527229/dv/kplr006527229-001-20160209194854_dvs.pdf,q1_q17_dr25_sup_koi,q1_q17_dr25_koi,2455096.876,0.00022,-0.00022,006/006527/006527229/dv/kplr006527229-20160209194854_dvr.pdf,0,1,0,0,2.0,1.78,-0.58,4.86108,0.11798,-0.14723,LS+MCMC,0.0,0
2307206,K03549.01,,292.37616,0.0,19h29m30.28s,37.657459,0.0,+37d39m26.9s,16.326,,15.667,,15.48,,15.321,,14.403,0.029,13.994,0.031,13.928,0.056,15.734,,cumulative,Done,01111111111111111000000000000000,FALSE POSITIVE,FALSE POSITIVE,1,0.0,2058.6953,2607.3408,-1.0,Claret (2011 A&A 529 75) ATLAS LS,0.0,0.0,0.2434,0.4341,Mandel and Agol (2002 ApJ 580 171),884.9,,,253.536626,0.000395,-0.000395,0.0,,,,,,57.35,12.53,-4.98,0.654,,,0.49,0.014,-0.014,17.5623,0.0231,-0.0231,,,,411374.0,504.0,-504.0,204.0329342,0.0001602,-0.0001602,0.65162,0.005945,-0.007934,140.0,1.1,-1.1,89.8,,,272.0,,,5553.0,166.0,-166.0,4.577,0.036,-0.144,-0.16,0.3,-0.3,0.806,0.176,-0.07,0.903,0.083,-0.111,,,,q1_q17_dr25_stellar,0.0,19.491745156,6.7e-08,37.65724556,7.7e-07,0.0494,0.0029,-0.772,0.0028,0.23,0.32,0.1,0.4,0.014,0.078,-0.053,0.067,0.055,0.068,-0.093,0.067,-0.117,0.07,0.15,0.069,MOD_SEC_ALT---HAS_SEC_TCE---CENT_NOFITS,2018-08-16 00:00:00,1.0,q1_q17_dr25_tce,002/002307/002307206/dv/kplr002307206-001-20160209194854_dvs.pdf,q1_q17_dr25_sup_koi,q1_q17_dr25_koi,2455086.537,0.000395,-0.000395,002/002307/002307206/dv/kplr002307206-20160209194854_dvr.pdf,0,1,0,0,1.29,0.87,-0.34,1.24687,0.00962,-0.00957,LS+MCMC,0.0,0
6037581,K01916.02,Kepler-336 c,290.23764,0.0,19h20m57.03s,41.331379,0.0,+41d19m53.0s,14.012,,13.549,,13.42,,13.356,,12.488,0.019,12.194,0.018,12.144,0.022,13.598,,cumulative,Done,11111111111111111000000000000000,CONFIRMED,CANDIDATE,3,142.0,5.2048445,32.263363,0.8008,Claret (2011 A&A 529 75) ATLAS LS,0.0,0.0,0.2555,0.4191,Mandel and Agol (2002 ApJ 580 171),52.0,,,136.58227,0.00172,-0.00172,0.0,,,,,,2.08,0.35,-0.35,0.091,,,0.063,0.362,-0.063,4.3206,0.0549,-0.0549,,,,271.2,5.5,-5.5,9.59993246,2.139e-05,-2.139e-05,0.014963,0.000395,-0.000212,17.2,1.0,-1.0,89.79,,,967.0,,,5865.0,105.0,-117.0,4.266,0.137,-0.112,0.16,0.15,-0.15,1.272,0.213,-0.213,1.088,0.089,-0.089,,,,q1_q17_dr25_stellar,,19.3491634,6.4e-06,41.331341,6.6e-05,-0.51,0.26,-0.14,0.24,,,4.4e-05,6.6e-05,-0.32,0.17,-0.26,0.18,0.42,0.17,-0.39,0.17,-0.24,0.18,0.45,0.17,NO_COMMENT,2018-08-16 00:00:00,1.0,q1_q17_dr25_tce,006/006037/006037581/dv/kplr006037581-001-20160209194854_dvs.pdf,q1_q17_dr25_sup_koi,q1_q17_dr25_koi,2454969.582,0.00172,-0.00172,006/006037/006037581/dv/kplr006037581-20160209194854_dvr.pdf,0,0,0,0,206.91,95.83,-74.6,1.04528,0.06202,-0.27675,LS+MCMC,1.0,1
7177766,K07819.01,,283.11136,0.0,18h52m26.73s,42.76107,0.0,+42d45m39.9s,12.718,,11.992,,11.77,,11.652,,10.648,0.02,10.241,0.019,10.116,0.016,12.055,,cumulative,Done,11111111111111111000000000000000,FALSE POSITIVE,FALSE POSITIVE,1,1740.0,3.709295,9.520501,0.9631,Claret (2011 A&A 529 75) ATLAS LS,0.0,0.0,0.2079,0.4949,Mandel and Agol (2002 ApJ 580 171),19.8,,,131.57827,0.00408,-0.00408,0.0,,,,,,1.93,0.41,-0.6,0.0185,,,0.111,0.341,-0.111,1.5364,0.0893,-0.0893,,,,44.8,2.8,-2.8,0.769358923,2.907e-06,-2.907e-06,0.006026,0.00038,-0.000142,3.87,0.764,-0.764,88.35,,,2928.0,,,5267.0,146.0,-182.0,3.655,0.222,-0.167,0.02,0.25,-0.3,2.935,0.614,-0.921,1.42,0.174,-0.407,,,,q1_q17_dr25_stellar,0.0,18.874108,1.5e-05,42.76161,0.00014,0.7,0.61,1.94,0.49,-2.2e-05,1.7e-05,-5e-05,1.4e-05,-0.2,0.94,1.02,0.68,1.04,0.76,-0.21,0.87,1.21,0.7,1.23,0.76,MOD_NONUNIQ_ALT---EPHEM_MATCH,2018-08-16 00:00:00,1.0,q1_q17_dr25_tce,007/007177/007177766/dv/kplr007177766-001-20160209194854_dvs.pdf,q1_q17_dr25_sup_koi,q1_q17_dr25_koi,2454964.578,0.00408,-0.00408,007/007177/007177766/dv/kplr007177766-20160209194854_dvr.pdf,1,0,0,1,17335.4,10941.28,-10243.75,1.85294,0.36589,-0.73123,LS+MCMC,0.0,0
6023859,K03414.01,,284.49628,0.0,18h57m59.11s,41.32589,0.0,+41d19m33.2s,16.885,,15.538,,14.883,,14.531,,13.372,0.022,12.674,0.023,12.517,0.021,15.483,,cumulative,Done,00110011001100110000000000000000,FALSE POSITIVE,FALSE POSITIVE,1,25.0,222.5888,734.839,-1.0,Claret (2011 A&A 529 75) ATLAS LS,0.0,0.0,0.2238,0.5081,Mandel and Agol (2002 ApJ 580 171),541.3,,,141.2897316,9.31e-05,-9.31e-05,0.0,,,,,,22.32,1.84,-2.26,0.1448,,,0.949,0.183,-0.082,1.96698,0.00514,-0.00514,,,,67898.0,147.0,-147.0,27.009807384,2.752e-06,-2.752e-06,0.382756,0.133491,-0.06964,105.55,5.5,-5.5,89.49,,,330.0,,,3900.0,117.0,-140.0,4.727,0.05,-0.041,-0.1,0.2,-0.2,0.534,0.044,-0.054,0.555,0.041,-0.056,,,,q1_q17_dr25_stellar,0.013,18.96641031,4.5e-07,41.3258471,5.1e-06,-0.312,0.018,-0.155,0.018,-0.001,0.024,0.002,0.032,0.017,0.068,-0.031,0.068,0.035,0.07,-0.14,0.1,-0.11,0.094,0.18,0.1,MOD_ODDEVEN_ALT---DEEP_V_SHAPED,2018-08-16 00:00:00,1.0,q1_q17_dr25_tce,006/006023/006023859/dv/kplr006023859-001-20160209194854_dvs.pdf,q1_q17_dr25_sup_koi,q1_q17_dr25_koi,2454974.29,9.31e-05,-9.31e-05,006/006023/006023859/dv/kplr006023859-20160209194854_dvr.pdf,0,1,0,0,2.82,0.89,-0.85,30.49176,1.57929,-0.48347,LS+MCMC,0.0,0
7601918,K04133.01,,289.98096,0.0,19h19m55.43s,43.299492,0.0,+43d17m58.2s,13.054,,12.644,,12.542,,12.526,,11.639,0.021,11.355,0.018,11.289,0.011,12.696,,cumulative,Done,11111111111111111000000000000000,FALSE POSITIVE,FALSE POSITIVE,1,2149.0,5.7794933,12.552448,0.9872,Claret (2011 A&A 529 75) ATLAS LS,0.0,0.0,0.3023,0.3153,Mandel and Agol (2002 ApJ 580 171),24.6,,,131.67283,0.0019,-0.0019,0.0,,,,,,1.12,0.26,-0.31,0.0148,,,0.017,0.452,-0.017,1.0628,0.0619,-0.0619,,,,45.0,2.2,-2.2,0.621361411,1.311e-06,-1.311e-06,0.0062,0.000137,-0.000307,4.53,1.5,-1.5,89.78,,,2913.0,,,6234.0,169.0,-188.0,4.046,0.234,-0.126,-0.2,0.25,-0.3,1.66,0.375,-0.458,1.116,0.19,-0.155,,,,q1_q17_dr25_stellar,0.0,19.332276,1.8e-05,43.29791,0.00019,8.32,0.72,-5.7,0.67,-0.000245,2.2e-05,0.000172,2e-05,7.19,0.48,-10.1,1.1,12.4,1.2,7.42,0.4,-9.94,0.92,12.4,0.97,CENT_RESOLVED_OFFSET,2018-08-16 00:00:00,1.0,q1_q17_dr25_tce,007/007601/007601918/dv/kplr007601918-001-20160209194854_dvs.pdf,q1_q17_dr25_sup_koi,q1_q17_dr25_koi,2454964.673,0.0019,-0.0019,007/007601/007601918/dv/kplr007601918-20160209194854_dvr.pdf,0,0,1,0,17004.65,11436.51,-9116.67,4.55852,3.03115,-1.81887,LS+MCMC,0.0,0
8378634,K01139.01,,296.29196,0.0,19h45m10.07s,44.33226,0.0,+44d19m56.1s,13.378,,13.006,,12.916,,12.903,,11.997,0.021,11.805,0.021,11.753,0.018,13.055,,cumulative,Done,11111111111111111000000000000000,FALSE POSITIVE,FALSE POSITIVE,1,369.0,17.71473,87.26203,0.7952,Claret (2011 A&A 529 75) ATLAS LS,0.0,0.0,0.3103,0.2947,Mandel and Agol (2002 ApJ 580 171),76.4,,,134.70066,0.00203,-0.00203,0.0,,,,,,3.28,0.72,-0.41,0.0487,,,0.97,0.002,-0.003,5.63,0.11,-0.11,,,,426.6,8.1,-8.1,3.629442796,8.461e-06,-8.461e-06,0.024717,0.000257,-0.000508,1.904,0.171,-0.171,59.37,,,1434.0,,,6506.0,145.0,-194.0,4.336,0.077,-0.143,-0.14,0.25,-0.3,1.217,0.265,-0.155,1.171,0.15,-0.15,,,,q1_q17_dr25_stellar,,19.7549055,3.9e-06,44.3381,2.6e-05,81.43,0.15,21.023,0.093,-0.02544,4.7e-05,,,,,,,,,,,,,,,MOD_SEC_DV---MOD_SEC_ALT---HAS_SEC_TCE---CENT_RESOLVED_OFFSET---EPHEM_MATCH,2018-08-16 00:00:00,1.0,q1_q17_dr25_tce,008/008378/008378634/dv/kplr008378634-001-20160209194854_dvs.pdf,q1_q17_dr25_sup_koi,q1_q17_dr25_koi,2454967.701,0.00203,-0.00203,008/008378/008378634/dv/kplr008378634-20160209194854_dvr.pdf,0,1,1,1,1001.35,620.44,-325.79,0.00991,0.00089,-0.00076,LS+MCMC,0.0,0
8175131,K02139.01,,295.00293,0.0,19h40m00.70s,44.09203,0.0,+44d05m31.3s,16.857,,15.9,,15.543,,15.306,,14.22,0.033,13.704,0.039,13.589,0.043,15.938,,cumulative,Done,00011111111111111000000000000000,FALSE POSITIVE,FALSE POSITIVE,1,266.0,10.5187025,34.33378,0.084,Claret (2011 A&A 529 75) ATLAS LS,0.0,0.0,0.1263,0.6019,Mandel and Agol (2002 ApJ 580 171),38.0,,,132.10466,0.00259,-0.00259,0.0,,,,,,2.17,0.17,-0.21,0.0448,,,0.636,0.303,-0.406,2.9283,0.0783,-0.0783,,,,966.7,29.2,-29.2,4.27121961,1.104e-05,-1.104e-05,0.029689,0.007282,-0.001976,9.06,3.9,-3.9,85.97,,,802.0,,,4702.0,168.0,-168.0,4.602,0.063,-0.032,-0.3,0.3,-0.3,0.67,0.053,-0.065,0.654,0.08,-0.046,,,,q1_q17_dr25_stellar,0.0,19.6667707,6.4e-06,44.08769,9.1e-05,-3.51,0.25,-15.62,0.33,0.00282,0.00022,0.01239,0.0003,-0.889,0.081,-4.395,0.084,4.484,0.089,-1.238,0.07,-5.256,0.069,5.4,0.069,CENT_RESOLVED_OFFSET---HALO_GHOST,2018-08-16 00:00:00,1.0,q1_q17_dr25_tce,008/008175/008175131/dv/kplr008175131-001-20160209194854_dvs.pdf,q1_q17_dr25_sup_koi,q1_q17_dr25_koi,2454965.105,0.00259,-0.00259,008/008175/008175131/dv/kplr008175131-20160209194854_dvr.pdf,0,0,1,0,97.84,33.27,-28.87,0.77078,0.66979,-0.69861,LS+MCMC,0.0,0
12737015,K04245.01,,290.48007,0.0,19h21m55.22s,51.965012,0.0,+51d57m54.0s,13.962,,13.515,,13.405,,13.369,,12.449,0.023,12.197,0.028,12.159,0.026,13.572,,cumulative,Done,11111111111111111000000000000000,CANDIDATE,CANDIDATE,1,53.0,4.043023,12.285067,0.971,Claret (2011 A&A 529 75) ATLAS LS,0.0,0.0,0.2865,0.3671,Mandel and Agol (2002 ApJ 580 171),15.3,,,136.633,0.0124,-0.0124,0.0,,,,,,1.76,0.3,-0.37,0.1786,,,0.751,0.213,-0.529,8.556,0.353,-0.353,,,,109.2,8.1,-8.1,24.6683831,0.0003508,-0.0003508,0.010372,0.002146,-0.000911,14.92,7.0,-7.0,87.12,,,788.0,,,6059.0,109.0,-146.0,4.151,0.168,-0.112,0.16,0.15,-0.15,1.554,0.269,-0.328,1.249,0.095,-0.143,,,,q1_q17_dr25_stellar,0.286,19.365322,2.8e-05,51.96547,0.00029,-0.55,0.92,1.6,1.0,3.5e-05,9.7e-05,-9e-05,0.00011,0.62,0.68,0.47,0.81,0.78,0.66,0.69,0.7,0.46,0.77,0.83,0.66,NO_COMMENT,2018-08-16 00:00:00,1.0,q1_q17_dr25_tce,012/012737/012737015/dv/kplr012737015-001-20160209194854_dvs.pdf,q1_q17_dr25_sup_koi,q1_q17_dr25_koi,2454969.633,0.0124,-0.0124,012/012737/012737015/dv/kplr012737015-20160209194854_dvr.pdf,0,0,0,0,91.32,43.64,-39.77,0.10326,0.24262,-0.0939,LS+MCMC,0.965,1
9576197,K06207.01,,285.88449,0.0,19h03m32.28s,46.289829,0.0,+46d17m23.4s,15.27,,14.593,,14.372,,14.256,,13.229,0.021,12.768,0.022,12.638,0.019,14.641,,cumulative,Done,11111111111111111000000000000000,FALSE POSITIVE,FALSE POSITIVE,1,170.0,247.589,1433.228,0.0916,Claret (2011 A&A 529 75) ATLAS LS,0.0,0.0,0.2337,0.4535,Mandel and Agol (2002 ApJ 580 171),693.8,,,136.194674,0.000311,-0.000311,0.0,,,,,,18.98,2.17,-1.96,0.0693,,,0.001,0.032,-0.001,9.1701,0.0108,-0.0108,,,,68454.0,112.0,-112.0,7.964440392,3.038e-06,-3.038e-06,0.236195,0.000177,-0.000237,8.2332,0.0139,-0.0139,90.0,,,755.0,,,5250.0,158.0,-142.0,4.548,0.084,-0.056,-0.48,0.3,-0.3,0.736,0.084,-0.076,0.698,0.095,-0.044,,,,q1_q17_dr25_stellar,0.0,19.058967507,3.9e-08,46.28983308,4.1e-07,0.0562,0.0015,0.0111,0.0015,-0.0003,0.0089,0.0,0.013,0.007,0.067,-0.017,0.067,0.018,0.068,0.018,0.067,0.024,0.07,0.03,0.069,MOD_SEC_DV---MOD_SEC_ALT---MOD_ODDEVEN_ALT---HAS_SEC_TCE,2018-08-16 00:00:00,1.0,q1_q17_dr25_tce,009/009576/009576197/dv/kplr009576197-001-20160209194854_dvs.pdf,q1_q17_dr25_sup_koi,q1_q17_dr25_koi,2454969.195,0.000311,-0.000311,009/009576/009576197/dv/kplr009576197-20160209194854_dvr.pdf,0,1,0,0,76.69,30.49,-21.43,0.16644,0.00028,-0.00109,LS+MCMC,0.0,0
9874581,K08189.01,,283.13617,0.0,18h52m32.68s,46.788219,0.0,+46d47m17.6s,13.253,,13.003,,12.989,,12.957,,12.172,0.022,11.976,0.024,11.935,0.032,13.065,,cumulative,Done,11111111111111111000000000000000,FALSE POSITIVE,FALSE POSITIVE,1,3.0,7.8161187,8.150614,0.0058,Claret (2011 A&A 529 75) ATLAS LS,0.0,0.0,0.3297,0.2541,Mandel and Agol (2002 ApJ 580 171),8.7,,,222.9281,0.0244,-0.0244,0.0,,,,,,5.39,0.79,-1.86,1.4084,,,0.158,0.295,-0.158,5.087,0.541,-0.541,,,,327.4,45.1,-45.1,473.56314,0.01833,-0.01833,0.016791,0.001048,-0.001578,714.0,155.0,-155.0,89.99,,,449.0,,,7056.0,190.0,-254.0,3.722,0.296,-0.074,-0.2,0.25,-0.25,2.937,0.434,-1.012,1.657,0.206,-0.309,,,,q1_q17_dr25_stellar,0.365,18.875747,2.9e-05,46.78838,0.00029,0.1,1.1,0.6,1.1,-0.00011,0.00038,-0.00023,0.00037,0.41,0.62,1.72,0.38,1.77,0.39,0.4,0.57,1.61,0.39,1.66,0.41,INDIV_TRANS_SKYE---INCONSISTENT_TRANS---CENT_FEW_DIFFS,2018-08-16 00:00:00,1.0,q1_q17_dr25_tce,009/009874/009874581/dv/kplr009874581-001-20160209194854_dvs.pdf,q1_q17_dr25_sup_koi,q1_q17_dr25_koi,2455055.928,0.0244,-0.0244,009/009874/009874581/dv/kplr009874581-20160209194854_dvr.pdf,1,0,0,0,9.65,4.48,-6.07,30.7564,6.67104,-18.4492,LS+MCMC,0.0,0
9702945,K04822.01,,288.50702,0.0,19h14m01.68s,46.406712,0.0,+46d24m24.2s,13.84,,13.413,,13.317,,13.264,,12.419,0.021,12.111,0.017,12.046,0.016,13.474,,cumulative,Done,11111111111111111000000000000000,CANDIDATE,CANDIDATE,1,383.0,46.417217,7.310105,,Claret (2011 A&A 529 75) ATLAS LS,0.0,0.0,0.3006,0.3224,Mandel and Agol (2002 ApJ 580 171),11.2,,,132.40707,0.00904,-0.00904,0.0,,,,,,0.69,0.3,-0.06,0.0461,,,0.9353,0.017,-0.6499,3.919,0.28,-0.28,,,,32.7,3.5,-3.5,3.51413723,4.493e-05,-4.493e-05,0.006432,1e-06,-0.001584,2.72,1.3,-1.3,69.9,,,1267.0,,,6201.0,150.0,-184.0,4.472,0.046,-0.302,-0.2,0.24,-0.32,0.989,0.426,-0.09,1.058,0.195,-0.13,,,,stellar_q1_q16,0.083,19.23384,3.3e-05,46.40663,0.0003,1.4,1.2,-0.3,1.1,-4.8e-05,4.3e-05,1e-05,3.7e-05,-0.21,0.91,0.58,0.59,0.62,0.63,-0.19,0.93,0.59,0.62,0.62,0.62,EYEBALL---INVERT_DIFF,2018-08-16 00:00:00,1.0,q1_q17_dr24_tce,009/009702/009702945/dv/kplr009702945-001-20141002224145_dvs.pdf,q1_q17_dr25_sup_koi,q1_q17_dr24_koi,2454965.407,0.00904,-0.00904,009/009702/009702945/dv/kplr009702945-20141002224145_dvr.pdf,0,0,0,0,609.04,762.75,-162.93,0.03083,0.48299,-0.00996,MCMC,,1
6521045,K00041.02,Kepler-100 b,291.38599,0.0,19h25m32.64s,41.990269,0.0,+41d59m25.0s,11.585,,11.125,,11.03,,10.992,,10.081,0.021,9.804,0.017,9.768,0.014,11.197,,cumulative,Done,11111111111111111000000000000000,CONFIRMED,CANDIDATE,3,187.0,5.231696,27.484186,0.5283,Claret (2011 A&A 529 75) ATLAS LS,0.0,0.0,0.2638,0.4046,Mandel and Agol (2002 ApJ 580 171),38.2,,,133.17797,0.00268,-0.00268,0.0,,,,,,1.3,0.08,-0.07,0.072,,,0.696,0.029,-0.508,4.4679,0.0757,-0.0757,,,,68.7,2.0,-2.0,6.88707073,2.277e-05,-2.277e-05,0.008082,8e-06,-0.000632,8.62,3.9,-3.9,85.37,,,1155.0,,,5788.0,78.0,-78.0,4.122,0.033,-0.027,0.1,0.15,-0.15,1.474,0.094,-0.079,1.05,0.126,-0.068,,,,q1_q17_dr25_stellar,0.0,19.4257419,8.3e-06,41.99046,0.0001,0.4,0.33,0.7,0.37,-4e-06,2.4e-05,-6e-05,2.6e-05,-1.05,0.3,1.76,0.56,2.05,0.59,-0.64,0.3,1.44,0.64,1.58,0.68,CENT_SATURATED,2018-08-16 00:00:00,2.0,q1_q17_dr25_tce,006/006521/006521045/dv/kplr006521045-002-20160209194854_dvs.pdf,q1_q17_dr25_sup_koi,q1_q17_dr25_koi,2454966.178,0.00268,-0.00268,006/006521/006521045/dv/kplr006521045-20160209194854_dvr.pdf,0,0,0,0,420.97,81.61,-63.83,0.25585,0.3484,-0.03735,LS+MCMC,1.0,1
8628758,K01279.01,Kepler-804 b,293.37225,0.0,19h33m29.34s,44.785141,0.0,+44d47m06.5s,14.201,,13.695,,13.555,,13.486,,12.631,0.021,12.3,0.021,12.246,0.031,13.749,,cumulative,Done,11111111111111111000000000000000,CONFIRMED,CANDIDATE,2,95.0,6.8020535,42.90383,0.5121,Claret (2011 A&A 529 75) ATLAS LS,0.0,0.0,0.2622,0.4035,Mandel and Agol (2002 ApJ 580 171),55.2,,,138.20189,0.00192,-0.00192,0.0,,,,,,1.94,0.29,-0.24,0.1137,,,0.035,0.384,-0.035,4.7892,0.057,-0.057,,,,335.8,6.6,-6.6,14.37457572,3.311e-05,-3.311e-05,0.016643,0.000446,-0.000215,23.3,1.3,-1.3,89.91,,,779.0,,,5768.0,115.0,-115.0,4.358,0.121,-0.11,-0.04,0.15,-0.15,1.067,0.16,-0.131,0.946,0.072,-0.057,,,,q1_q17_dr25_stellar,0.094,19.5581433,6.2e-06,44.785121,6.9e-05,-0.28,0.24,-0.07,0.25,9.8e-05,8e-05,6.1e-05,8.3e-05,0.03,0.14,-0.04,0.14,0.06,0.14,-0.02,0.12,0.06,0.13,0.07,0.13,NO_COMMENT,2018-08-16 00:00:00,1.0,q1_q17_dr25_tce,008/008628/008628758/dv/kplr008628758-001-20160209194854_dvs.pdf,q1_q17_dr25_sup_koi,q1_q17_dr25_koi,2454971.202,0.00192,-0.00192,008/008628/008628758/dv/kplr008628758-20160209194854_dvr.pdf,0,0,0,0,87.24,37.61,-25.3,1.15872,0.06673,-0.29441,LS+MCMC,1.0,1
7610663,K04160.01,Kepler-1560 b,292.78461,0.0,19h31m08.31s,43.215981,0.0,+43d12m57.5s,13.925,,13.375,,13.205,,13.154,,12.247,0.021,11.912,0.021,11.868,0.021,13.421,,cumulative,Done,11111111111111111000000000000000,CONFIRMED,CANDIDATE,1,446.0,3.4853294,14.200007,0.2508,Claret (2011 A&A 529 75) ATLAS LS,0.0,0.0,0.2676,0.3928,Mandel and Agol (2002 ApJ 580 171),15.8,,,133.98825,0.0038,-0.0038,0.0,,,,,,0.9,0.25,-0.14,0.0397,,,0.287,0.163,-0.287,1.723,0.14,-0.14,,,,81.5,6.6,-6.6,3.03196812,1.415e-05,-1.415e-05,0.008297,0.000467,-0.000361,13.01,4.7,-4.7,88.74,,,1269.0,,,5755.0,154.0,-154.0,4.402,0.124,-0.186,-0.14,0.3,-0.3,0.993,0.278,-0.149,0.909,0.124,-0.082,,,,q1_q17_dr25_stellar,0.21,19.518991,1.5e-05,43.21607,0.00017,0.68,0.58,0.32,0.6,-5.7e-05,4.8e-05,-1.8e-05,4.9e-05,0.21,0.5,0.69,0.3,0.72,0.39,0.22,0.55,0.79,0.3,0.82,0.38,NO_COMMENT,2018-08-16 00:00:00,1.0,q1_q17_dr25_tce,007/007610/007610663/dv/kplr007610663-001-20160209194854_dvs.pdf,q1_q17_dr25_sup_koi,q1_q17_dr25_koi,2454966.988,0.0038,-0.0038,007/007610/007610663/dv/kplr007610663-20160209194854_dvr.pdf,0,0,0,0,614.2,504.14,-216.12,4.53071,1.62021,-1.99962,LS+MCMC,0.987,1
3230578,K00381.01,,290.20364,0.0,19h20m48.87s,38.374931,0.0,+38d22m29.8s,13.86,,13.353,,13.211,,,,12.379,0.019,12.189,0.023,12.108,0.022,13.406,,cumulative,Done,11111111111111111000000000000000,FALSE POSITIVE,FALSE POSITIVE,1,211.0,20.925316,195.59431,0.4432,Claret (2011 A&A 529 75) ATLAS LS,0.0,0.0,0.3105,0.2893,Mandel and Agol (2002 ApJ 580 171),132.7,,,170.189414,0.000351,-0.000351,0.0,,,,,,9.57,2.64,-2.63,0.0709,,,0.972,0.05,-0.026,1.742,0.0352,-0.0352,,,,1807.4,19.2,-19.2,6.337614357,2.774e-06,-2.774e-06,0.057085,0.033119,-0.009242,11.6,3.7,-3.7,85.19,,,1351.0,,,6581.0,187.0,-234.0,4.138,0.22,-0.16,-0.34,0.25,-0.3,1.536,0.423,-0.423,1.185,0.178,-0.196,,,,q1_q17_dr25_stellar,0.0,19.3469095,1.5e-06,38.374908,2e-05,-0.011,0.064,-0.083,0.073,-5e-05,0.00016,0.00027,0.00019,-0.012,0.074,-0.03,0.078,0.032,0.078,-0.032,0.076,-0.037,0.082,0.049,0.079,MOD_SEC_DV---MOD_SEC_ALT---HAS_SEC_TCE,2018-08-16 00:00:00,1.0,q1_q17_dr25_tce,003/003230/003230578/dv/kplr003230578-001-20160209194854_dvs.pdf,q1_q17_dr25_sup_koi,q1_q17_dr25_koi,2455003.189,0.000351,-0.000351,003/003230/003230578/dv/kplr003230578-20160209194854_dvr.pdf,0,1,0,0,787.89,645.7,-429.98,0.73525,0.46533,-0.2103,LS+MCMC,0.0,0
4482738,K06418.01,,296.13901,0.0,19h44m33.36s,39.579632,0.0,+39d34m46.7s,13.79,,12.897,,12.583,,12.372,,11.241,0.025,10.728,0.018,10.629,0.014,12.945,,cumulative,Done,11111011101110110000000000000000,FALSE POSITIVE,FALSE POSITIVE,1,1209.0,3.4467912,12.262509,0.9739,Claret (2011 A&A 529 75) ATLAS LS,0.0,0.0,0.2016,0.5023,Mandel and Agol (2002 ApJ 580 171),46.5,,,132.06358,0.00163,-0.00163,0.0,,,,,,6.85,1.52,-0.16,0.0168,,,0.318,0.135,-0.318,1.9188,0.0547,-0.0547,,,,233.6,6.0,-6.0,0.866344816,1.601e-06,-1.601e-06,0.013856,0.000274,-0.000469,3.382,0.613,-0.613,84.6,,,3569.0,,,4936.0,109.0,-69.0,3.055,0.028,-0.031,-0.44,0.25,-0.15,4.527,1.003,-0.106,0.848,0.394,-0.021,,,,q1_q17_dr25_stellar,,19.74257,1.1e-05,39.54616,0.00031,-1.3,0.45,-120.5,1.1,,,0.01028,9.5e-05,-3.26,0.21,-9.73,0.22,10.26,0.27,-3.35,0.24,-9.67,0.23,10.24,0.29,MOD_NONUNIQ_ALT---CENT_RESOLVED_OFFSET---HALO_GHOST---EPHEM_MATCH,2018-08-16 00:00:00,1.0,q1_q17_dr25_tce,004/004482/004482738/dv/kplr004482738-001-20160209194854_dvs.pdf,q1_q17_dr25_sup_koi,q1_q17_dr25_koi,2454965.064,0.00163,-0.00163,004/004482/004482738/dv/kplr004482738-20160209194854_dvr.pdf,1,0,1,1,38575.44,24242.58,-3799.76,0.97539,0.17686,-0.27351,LS+MCMC,0.0,0
3966801,K00494.01,Kepler-577 b,294.71194,0.0,19h38m50.87s,39.073761,0.0,+39d04m25.5s,15.59,,14.84,,14.582,,14.428,,13.438,0.028,12.952,0.035,12.861,0.033,14.885,,cumulative,Done,11111011101110111000000000000000,CONFIRMED,CANDIDATE,1,42.0,7.9091387,35.88009,0.5933,Claret (2011 A&A 529 75) ATLAS LS,0.0,0.0,0.426,0.2631,Mandel and Agol (2002 ApJ 580 171),45.1,,,188.78889,0.00175,-0.00175,0.0,,,,,,1.7,0.21,-0.33,0.1348,,,0.68,0.206,-0.439,4.0251,0.0791,-0.0791,,,,1130.8,29.0,-29.0,25.69581456,5.824e-05,-5.824e-05,0.032548,0.003146,-0.001672,37.9,16.8,-16.8,88.97,,,314.0,,,3787.0,163.0,-204.0,4.775,0.096,-0.056,-0.22,0.2,-0.15,0.477,0.061,-0.092,0.496,0.057,-0.093,,,,q1_q17_dr25_stellar,0.896,19.647473,1.1e-05,39.07369,0.00011,0.46,0.45,-0.25,0.39,-0.00013,0.00051,-6e-05,0.00045,-0.11,0.11,-0.02,0.11,0.12,0.11,0.033,0.1,-0.03,0.18,0.04,0.15,NO_COMMENT,2018-08-16 00:00:00,1.0,q1_q17_dr25_tce,003/003966/003966801/dv/kplr003966801-001-20160209194854_dvs.pdf,q1_q17_dr25_sup_koi,q1_q17_dr25_koi,2455021.789,0.00175,-0.00175,003/003966/003966801/dv/kplr003966801-20160209194854_dvr.pdf,0,0,0,0,2.3,1.17,-1.1,1.56084,2.07231,-0.01134,LS+MCMC,1.0,1
6806695,K04061.01,,298.90161,0.0,19h55m36.39s,42.212799,0.0,+42d12m46.1s,15.261,,14.636,,14.406,,14.298,,13.291,0.024,12.873,0.033,12.799,0.022,14.663,,cumulative,Done,11111111111111111000000000000000,FALSE POSITIVE,FALSE POSITIVE,1,1566.0,4.4560127,16.070698,0.9085,Claret (2011 A&A 529 75) ATLAS LS,0.0,0.0,0.2665,0.398,Mandel and Agol (2002 ApJ 580 171),21.1,,,131.64426,0.00262,-0.00262,0.0,,,,,,0.87,0.12,-0.1,0.0159,,,0.009,0.45,-0.009,1.514,0.0923,-0.0923,,,,130.9,7.9,-7.9,0.855922327,2.657e-06,-2.657e-06,0.01048,0.000546,-0.000318,4.403,0.537,-0.537,89.89,,,1658.0,,,5437.0,178.0,-146.0,4.539,0.081,-0.09,-0.52,0.3,-0.3,0.759,0.109,-0.09,0.727,0.097,-0.045,,,,q1_q17_dr25_stellar,0.0,19.926683,2e-05,42.21228,0.00021,-3.62,0.81,-1.88,0.75,0.000384,8.3e-05,0.000179,7.7e-05,-5.88,0.092,-4.978,0.076,7.704,0.095,-5.837,0.094,-5.027,0.073,7.703,0.089,MOD_SEC_DV---MOD_SEC_ALT---HAS_SEC_TCE---CENT_RESOLVED_OFFSET,2018-08-16 00:00:00,1.0,q1_q17_dr25_tce,006/006806/006806695/dv/kplr006806695-001-20160209194854_dvs.pdf,q1_q17_dr25_sup_koi,q1_q17_dr25_koi,2454964.644,0.00262,-0.00262,006/006806/006806695/dv/kplr006806695-20160209194854_dvr.pdf,0,1,1,0,1782.11,869.15,-540.41,2.20445,0.26871,-1.02098,LS+MCMC,0.0,0
10292238,K03526.01,,298.07739,0.0,19h52m18.57s,47.346581,0.0,+47d20m47.7s,15.525,,14.945,,14.769,,14.703,,13.768,0.022,13.434,0.023,13.322,0.033,14.996,,cumulative,Done,11111101110111011000000000000000,FALSE POSITIVE,FALSE POSITIVE,1,8.0,1044.9034,1980.3479,0.0023,Claret (2011 A&A 529 75) ATLAS LS,0.0,0.0,0.2676,0.3928,Mandel and Agol (2002 ApJ 580 171),1638.0,,,266.359224,0.000208,-0.000208,0.0,,,,,,53.3,12.83,-4.58,0.526,,,0.703,0.015,-0.015,16.8109,0.0124,-0.0124,,,,255714.0,180.0,-180.0,143.1188694,4.133e-05,-4.133e-05,0.573511,0.009088,-0.009112,91.575,0.516,-0.516,89.56,,,321.0,,,5713.0,152.0,-169.0,4.554,0.042,-0.168,-0.12,0.3,-0.3,0.851,0.205,-0.073,0.948,0.094,-0.115,,,,q1_q17_dr25_stellar,0.0,19.87182623,1.1e-07,47.346598,1e-06,0.0341,0.0039,0.0648,0.0036,0.0,0.23,-0.01,0.33,0.004,0.067,-0.001,0.067,0.004,0.067,0.035,0.069,0.063,0.091,0.072,0.086,MOD_SEC_DV---MOD_SEC_ALT---HAS_SEC_TCE,2018-08-16 00:00:00,1.0,q1_q17_dr25_tce,010/010292/010292238/dv/kplr010292238-001-20160209194854_dvs.pdf,q1_q17_dr25_sup_koi,q1_q17_dr25_koi,2455099.359,0.000208,-0.000208,010/010292/010292238/dv/kplr010292238-20160209194854_dvr.pdf,0,1,0,0,2.5,1.77,-0.65,0.70925,0.004,-0.00561,LS+MCMC,0.0,0
8625408,K07073.01,,292.01733,0.0,19h28m04.16s,44.713268,0.0,+44d42m47.8s,13.388,,13.004,,12.911,,12.902,,12.055,0.026,11.786,0.022,11.773,0.021,13.054,,cumulative,Done,11111111111111111000000000000000,CANDIDATE,CANDIDATE,1,4.0,6.540831,11.75748,0.5698,Claret (2011 A&A 529 75) ATLAS LS,0.0,0.0,0.2844,0.3661,Mandel and Agol (2002 ApJ 580 171),31.7,,,246.6289,0.0191,-0.0191,0.0,,,,,,30.25,5.32,-3.87,0.8734,,,1.198,6.728,-0.019,31.92,1.6,-1.6,,,,395.2,15.7,-15.7,279.036565,0.008788,-0.008788,0.217619,6.69988,-0.018891,14.75,7.4,-7.4,85.34,,,323.0,,,6072.0,81.0,-90.0,4.285,0.103,-0.126,0.1,0.15,-0.15,1.273,0.224,-0.163,1.139,0.081,-0.089,,,,q1_q17_dr25_stellar,0.401,19.467832,1.7e-05,44.71333,0.00019,0.36,0.65,0.23,0.69,-0.0001,0.00019,-0.00011,0.0002,0.66,0.43,0.76,0.69,1.01,0.59,0.6,0.44,0.64,0.72,0.88,0.61,CENT_FEW_DIFFS,2018-08-16 00:00:00,1.0,q1_q17_dr25_tce,008/008625/008625408/dv/kplr008625408-001-20160209194854_dvs.pdf,q1_q17_dr25_sup_koi,q1_q17_dr25_koi,2455079.629,0.0191,-0.0191,008/008625/008625408/dv/kplr008625408-20160209194854_dvr.pdf,0,0,0,0,2.58,1.19,-0.73,0.00078,0.00819,-0.00023,LS+MCMC,0.951,1
12418891,K04321.01,,296.47104,0.0,19h45m53.05s,51.215221,0.0,+51d12m54.8s,16.431,,15.8,,15.607,,15.535,,14.598,0.029,14.229,0.034,14.125,0.069,15.855,,cumulative,Done,11111111111111111000000000000000,FALSE POSITIVE,FALSE POSITIVE,1,1757.0,3.4213204,12.128616,1.0,Claret (2011 A&A 529 75) ATLAS LS,0.0,0.0,0.2602,0.4096,Mandel and Agol (2002 ApJ 580 171),15.2,,,131.62978,0.00466,-0.00466,0.0,,,,,,1.18,0.27,-0.11,0.0162,,,0.26,0.208,-0.26,1.773,0.152,-0.152,,,,186.6,15.4,-15.4,0.760941405,4.138e-06,-4.138e-06,0.012468,0.000797,-0.000546,3.27,1.2,-1.2,85.44,,,1817.0,,,5629.0,152.0,-169.0,4.553,0.038,-0.152,0.07,0.2,-0.35,0.87,0.193,-0.083,0.987,0.073,-0.125,,,,q1_q17_dr25_stellar,0.016,19.764654,3.7e-05,51.21569,0.00044,-2.8,1.3,1.7,1.6,0.00039,0.00015,-9e-05,0.00019,0.78,0.71,3.51,0.78,3.6,0.74,0.66,0.65,3.6,0.76,3.66,0.75,HALO_GHOST---EPHEM_MATCH,2018-08-16 00:00:00,1.0,q1_q17_dr25_tce,012/012418/012418891/dv/kplr012418891-001-20160209194854_dvs.pdf,q1_q17_dr25_sup_koi,q1_q17_dr25_koi,2454964.63,0.00466,-0.00466,012/012418/012418891/dv/kplr012418891-20160209194854_dvr.pdf,0,0,1,1,2591.44,1712.4,-714.29,1.14102,0.42581,-0.50871,LS+MCMC,0.0,0
4919550,K04766.02,,290.46756,0.0,19h21m52.21s,40.056438,0.0,+40d03m23.2s,15.902,,15.165,,14.932,,14.764,,13.812,0.025,13.311,0.023,13.199,0.03,15.223,,cumulative,Done,11111111111111111000000000000000,FALSE POSITIVE,FALSE POSITIVE,2,523.0,2.9353194,8.005492,,Claret (2011 A&A 529 75) ATLAS LS,0.0,0.0,0.2102,0.487,Mandel and Agol (2002 ApJ 580 171),8.8,,,133.60879,0.00766,-0.00766,0.0,,,,,,0.69,0.15,-0.06,0.0324,,,0.3595,0.1057,-0.3595,1.9,0.226,-0.226,,,,85.5,12.3,-12.3,2.45261841,2.175e-05,-2.175e-05,0.008449,0.000746,-0.000688,9.31,4.0,-4.0,87.66,,,1108.0,,,5216.0,165.0,-137.0,4.564,0.046,-0.046,-0.28,0.36,-0.26,0.751,0.156,-0.065,0.755,0.125,-0.063,,,,stellar_q1_q17,0.444,19.364482,4.2e-05,40.05631,0.00048,-0.9,1.7,-0.5,1.7,9e-05,0.00013,2e-05,0.00013,-0.76,0.7,-0.6,1.1,1.0,1.2,-0.55,0.65,-0.9,1.0,1.0,1.1,SIGNIF_OFFSET,2018-08-16 00:00:00,2.0,q1_q17_dr24_tce,004/004919/004919550/dv/kplr004919550-002-20141002224145_dvs.pdf,q1_q17_dr25_sup_koi,q1_q17_dr24_koi,2454966.609,0.00766,-0.00766,004/004919/004919550/dv/kplr004919550-20141002224145_dvr.pdf,0,0,1,0,355.92,232.09,-88.94,2.54067,2.15861,-2.38985,MCMC,,0
3554031,K01194.02,,293.80441,0.0,19h35m13.06s,38.63913,0.0,+38d38m20.9s,16.893,,15.784,,15.391,,15.148,,14.091,0.035,13.434,0.031,13.378,0.04,15.842,,cumulative,Done,00011011101110111000000000000000,CANDIDATE,CANDIDATE,3,57.0,3.7422206,10.898724,0.2071,Claret (2011 A&A 529 75) ATLAS LS,0.0,0.0,0.1496,0.5738,Mandel and Agol (2002 ApJ 580 171),14.4,,,354.57297,0.00685,-0.00685,0.0,,,,,,1.57,0.12,-0.05,0.0993,,,0.324,0.143,-0.324,3.161,0.213,-0.213,,,,840.0,62.5,-62.5,14.8623076,0.0001304,-0.0001304,0.025982,0.001033,-0.002139,34.98,8.1,-8.1,89.47,,,454.0,,,4362.0,87.0,-78.0,4.722,0.012,-0.051,-0.5,0.15,-0.15,0.554,0.042,-0.017,0.59,0.029,-0.029,,,,q1_q17_dr25_stellar,0.005,19.586971,8.4e-06,38.63796,0.00012,0.41,0.35,-4.22,0.44,0.0001,0.00031,0.00066,0.00039,0.2,0.32,-0.96,0.59,0.98,0.58,0.66,0.32,-3.65,0.59,3.71,0.58,CENT_RESOLVED_OFFSET---HALO_GHOST,2018-08-16 00:00:00,3.0,q1_q17_dr25_tce,003/003554/003554031/dv/kplr003554031-003-20160209194854_dvs.pdf,q1_q17_dr25_sup_koi,q1_q17_dr25_koi,2455187.573,0.00685,-0.00685,003/003554/003554031/dv/kplr003554031-20160209194854_dvr.pdf,0,0,0,0,10.08,2.55,-1.26,3.66619,0.84391,-1.63168,LS+MCMC,0.0,1
4172013,K02386.01,,294.94009,0.0,19h39m45.62s,39.232571,0.0,+39d13m57.3s,15.416,,14.895,,14.736,,14.649,,13.773,0.026,13.416,0.027,13.351,0.042,14.94,,cumulative,Done,11111011101110111000000000000000,CANDIDATE,CANDIDATE,1,67.0,4.936196,14.665428,0.9971,Claret (2011 A&A 529 75) ATLAS LS,0.0,0.0,0.2844,0.3661,Mandel and Agol (2002 ApJ 580 171),13.0,,,145.097,0.0112,-0.0112,0.0,,,,,,28.42,4.68,-3.11,0.1323,,,1.187,7.163,-0.166,5.707,0.579,-0.579,,,,468.0,43.8,-43.8,16.2707207,0.0002229,-0.0002229,0.209216,7.154314,-0.159981,5.2,2.6,-2.6,76.82,,,827.0,,,6117.0,79.0,-85.0,4.315,0.084,-0.126,0.14,0.15,-0.15,1.244,0.205,-0.136,1.17,0.081,-0.089,,,,q1_q17_dr25_stellar,0.044,19.662646,1.6e-05,39.23255,0.0002,-1.16,0.68,-0.07,0.72,0.0006,0.00036,-7e-05,0.00039,-0.17,0.34,-0.18,0.43,0.25,0.48,-0.2,0.36,-0.18,0.44,0.27,0.49,NO_COMMENT,2018-08-16 00:00:00,1.0,q1_q17_dr25_tce,004/004172/004172013/dv/kplr004172013-001-20160209194854_dvs.pdf,q1_q17_dr25_sup_koi,q1_q17_dr25_koi,2454978.097,0.0112,-0.0112,004/004172/004172013/dv/kplr004172013-20160209194854_dvr.pdf,0,0,0,0,110.79,47.43,-27.69,0.01007,0.22001,-0.00624,LS+MCMC,1.0,1
4277304,K04774.01,,295.12238,0.0,19h40m29.37s,39.391033,0.0,+39d23m27.7s,14.778,,13.849,,13.498,,,,12.555,0.022,12.137,0.022,12.035,0.023,13.882,,cumulative,Done,01111011101110111000000000000000,CANDIDATE,CANDIDATE,1,22.0,4.375697,10.004025,0.3224,Claret (2011 A&A 529 75) ATLAS LS,0.0,0.0,0.1959,0.5086,Mandel and Agol (2002 ApJ 580 171),13.5,,,168.873,0.0107,-0.0107,0.0,,,,,,1.3,0.24,-0.18,0.254,,,0.554,0.389,-0.346,5.514,0.29,-0.29,,,,210.1,18.0,-18.0,51.567801,0.0006141,-0.0006141,0.013584,0.000234,-0.001168,60.6,27.3,-27.3,89.48,,,433.0,,,5285.0,185.0,-185.0,4.467,0.104,-0.138,0.0,0.25,-0.3,0.876,0.16,-0.12,0.821,0.104,-0.07,,,,q1_q17_dr25_stellar,0.099,19.674792,2.8e-05,39.39123,0.00033,-1.3,1.2,0.7,1.2,0.00032,0.00023,-0.00014,0.00024,0.35,0.51,-0.4,1.2,0.55,0.82,0.41,0.59,-0.4,1.1,0.59,0.71,NO_COMMENT,2018-08-16 00:00:00,1.0,q1_q17_dr25_tce,004/004277/004277304/dv/kplr004277304-001-20160209194854_dvs.pdf,q1_q17_dr25_sup_koi,q1_q17_dr25_koi,2455001.873,0.0107,-0.0107,004/004277/004277304/dv/kplr004277304-20160209194854_dvr.pdf,0,0,0,0,8.3,5.03,-2.94,1.58567,1.43032,-0.124,LS+MCMC,0.986,1
2302548,K00988.01,Kepler-261 b,291.36478,0.0,19h25m27.55s,37.609169,0.0,+37d36m33.0s,14.271,,13.495,,13.259,,13.118,,12.127,0.02,11.672,0.02,11.585,0.021,13.562,,cumulative,Done,11111111111111111000000000000000,CONFIRMED,CANDIDATE,2,130.0,12.495703,68.87667,0.6468,Claret (2011 A&A 529 75) ATLAS LS,0.0,0.0,0.153,0.5684,Mandel and Agol (2002 ApJ 580 171),41.9,,,268.02421,0.00149,-0.00149,0.0,,,,,,2.18,0.15,-0.1,0.0871,,,0.319,0.117,-0.319,2.715,0.0552,-0.0552,,,,801.5,21.5,-21.5,10.38122447,2.131e-05,-2.131e-05,0.025572,0.000552,-0.000833,28.48,5.3,-5.3,89.36,,,672.0,,,5095.0,101.0,-101.0,4.566,0.032,-0.052,0.02,0.15,-0.15,0.78,0.055,-0.035,0.816,0.047,-0.041,,,,q1_q17_dr25_stellar,0.0,19.4243148,3.7e-06,37.6091,5.6e-05,-0.14,0.16,-0.25,0.2,0.00028,0.00013,-0.00027,0.00016,-0.022,0.085,0.06,0.12,0.06,0.12,-0.009,0.087,0.24,0.13,0.24,0.13,NO_COMMENT,2018-08-16 00:00:00,1.0,q1_q17_dr25_tce,002/002302/002302548/dv/kplr002302548-001-20160209194854_dvs.pdf,q1_q17_dr25_sup_koi,q1_q17_dr25_koi,2455101.024,0.00149,-0.00149,002/002302/002302548/dv/kplr002302548-20160209194854_dvr.pdf,0,0,0,0,48.37,11.58,-7.64,4.05514,0.75488,-1.22522,LS+MCMC,1.0,1
8582291,K02330.01,,298.84979,0.0,19h55m23.95s,44.615009,0.0,+44d36m54.0s,15.476,,14.817,,14.616,,14.462,,13.456,0.03,13.126,0.038,13.079,0.03,14.874,,cumulative,Done,11111111111111111000000000000000,FALSE POSITIVE,FALSE POSITIVE,1,543.0,4.9203672,17.424297,0.6531,Claret (2011 A&A 529 75) ATLAS LS,0.0,0.0,0.2434,0.4341,Mandel and Agol (2002 ApJ 580 171),22.1,,,132.07692,0.0049,-0.0049,0.0,,,,,,1.22,0.27,-0.15,0.0334,,,0.689,0.241,-0.461,2.83,0.183,-0.183,,,,172.8,9.7,-9.7,2.4681015,1.408e-05,-1.408e-05,0.012797,0.00268,-0.000908,5.01,2.3,-2.3,82.1,,,1244.0,,,5516.0,166.0,-166.0,4.466,0.1,-0.15,-0.24,0.3,-0.3,0.872,0.196,-0.105,0.811,0.111,-0.065,,,,q1_q17_dr25_stellar,0.0,19.923617,2.1e-05,44.6112,0.00023,11.48,0.82,-13.72,0.82,-0.00162,0.00012,0.00189,0.00012,2.78,0.1,-5.208,0.093,5.9,0.11,2.81,0.1,-5.58,0.074,6.246,0.093,CENT_RESOLVED_OFFSET,2018-08-16 00:00:00,1.0,q1_q17_dr25_tce,008/008582/008582291/dv/kplr008582291-001-20160209194854_dvs.pdf,q1_q17_dr25_sup_koi,q1_q17_dr25_koi,2454965.077,0.0049,-0.0049,008/008582/008582291/dv/kplr008582291-20160209194854_dvr.pdf,0,0,1,0,564.74,389.07,-178.09,0.39112,0.54019,-0.33366,LS+MCMC,0.001,0
4249611,K02821.01,,287.84833,0.0,19h11m23.60s,39.358429,0.0,+39d21m30.3s,15.891,,15.254,,15.049,,14.951,,14.023,0.045,13.627,0.051,13.522,0.037,15.302,,cumulative,Done,00011111111111111000000000000000,CANDIDATE,CANDIDATE,1,15.0,5.9018903,12.376152,0.1951,Claret (2011 A&A 529 75) ATLAS LS,0.0,0.0,0.2676,0.3928,Mandel and Agol (2002 ApJ 580 171),14.4,,,161.5717,0.011,-0.011,0.0,,,,,,3.33,0.92,-0.46,0.3479,,,0.001,0.459,-0.001,5.382,0.233,-0.233,,,,1347.3,99.9,-99.9,79.2450351,0.0009309,-0.0009309,0.033253,0.001825,-0.001404,116.2,10.9,-10.9,90.0,,,404.0,,,5648.0,169.0,-186.0,4.464,0.094,-0.175,-0.12,0.3,-0.3,0.917,0.254,-0.127,0.892,0.115,-0.083,,,,q1_q17_dr25_stellar,0.0,19.1899796,2.8e-06,39.358231,2.4e-05,3.77,0.12,-0.718,0.085,0.00058,0.00039,7e-05,0.00047,-5.99,0.4,1.11,0.28,6.09,0.4,0.2,0.31,-0.06,0.23,0.21,0.3,CENT_FEW_MEAS,2018-08-16 00:00:00,1.0,q1_q17_dr25_tce,004/004249/004249611/dv/kplr004249611-001-20160209194854_dvs.pdf,q1_q17_dr25_sup_koi,q1_q17_dr25_koi,2454994.572,0.011,-0.011,004/004249/004249611/dv/kplr004249611-20160209194854_dvr.pdf,0,0,0,0,6.33,5.28,-2.22,4.72989,0.4447,-1.86957,LS+MCMC,0.983,1
10122538,K02926.01,Kepler-1388 b,283.33606,0.0,18h53m20.65s,47.174541,0.0,+47d10m28.3s,17.65,,16.299,,15.691,,15.389,,14.222,0.029,13.516,0.031,13.343,0.042,16.279,,cumulative,Done,00000001000111111000000000000000,CONFIRMED,CANDIDATE,5,40.0,6.359875,16.71722,0.4057,Claret (2011 A&A 529 75) ATLAS LS,0.0,0.0,0.1023,0.6504,Mandel and Agol (2002 ApJ 580 171),23.8,,,131.90073,0.00867,-0.00867,0.0,,,,,,2.21,0.14,-0.1,0.0882,,,0.291,0.175,-0.291,2.996,0.107,-0.107,,,,1617.1,74.1,-74.1,12.2854718,9.246e-05,-9.246e-05,0.035947,0.001373,-0.001596,31.15,7.2,-7.2,89.46,,,434.0,,,3891.0,70.0,-86.0,4.718,0.018,-0.042,0.21,0.15,-0.15,0.564,0.035,-0.026,0.605,0.025,-0.034,,,,q1_q17_dr25_stellar,0.807,18.889072,1.4e-05,47.17453,0.00015,0.07,0.52,-0.03,0.55,-0.00035,0.00094,-0.0002,0.0011,-0.12,0.23,-0.1,0.19,0.16,0.22,-0.41,0.23,-0.25,0.19,0.48,0.22,NO_COMMENT,2018-08-16 00:00:00,2.0,q1_q17_dr25_tce,010/010122/010122538/dv/kplr010122538-002-20160209194854_dvs.pdf,q1_q17_dr25_sup_koi,q1_q17_dr25_koi,2454964.901,0.00867,-0.00867,010/010122/010122538/dv/kplr010122538-20160209194854_dvr.pdf,0,0,0,0,8.39,1.77,-1.41,3.78957,0.8777,-1.14099,LS+MCMC,1.0,1
4365442,K02787.01,,291.68573,0.0,19h26m44.58s,39.42886,0.0,+39d25m43.9s,13.668,,13.262,,13.138,,13.059,,12.229,0.021,11.964,0.016,11.916,0.023,13.297,,cumulative,Done,11111111111111111000000000000000,FALSE POSITIVE,FALSE POSITIVE,1,786.0,3.9340475,18.520512,0.4113,Claret (2011 A&A 529 75) ATLAS LS,0.0,0.0,0.3001,0.3071,Mandel and Agol (2002 ApJ 580 171),22.9,,,131.86549,0.00449,-0.00449,0.0,,,,,,1.84,0.3,-0.69,0.03,,,0.56,0.385,-0.336,3.336,0.141,-0.141,,,,50.4,2.6,-2.6,1.714410345,8.894e-06,-8.894e-06,0.006757,6.7e-05,-0.000412,3.37,1.3,-1.3,80.44,,,2551.0,,,6340.0,187.0,-187.0,3.731,0.33,-0.11,-0.58,0.35,-0.3,2.498,0.404,-0.944,1.223,0.212,-0.259,,,,q1_q17_dr25_stellar,0.0,19.447523,1.6e-05,39.42707,0.00017,75.37,0.65,-6.46,0.6,-0.00372,3.2e-05,0.000346,3e-05,10.07,0.16,-0.39,0.18,10.08,0.16,10.04,0.16,-0.39,0.18,10.05,0.16,CENT_RESOLVED_OFFSET---HALO_GHOST---EPHEM_MATCH,2018-08-16 00:00:00,1.0,q1_q17_dr25_tce,004/004365/004365442/dv/kplr004365442-001-20160209194854_dvs.pdf,q1_q17_dr25_sup_koi,q1_q17_dr25_koi,2454964.865,0.00449,-0.00449,004/004365/004365442/dv/kplr004365442-20160209194854_dvr.pdf,0,0,1,1,10025.53,5173.46,-6583.5,0.24598,0.19322,-0.02551,LS+MCMC,0.0,0
9896018,K02579.02,Kepler-1859 c,293.98871,0.0,19h35m57.29s,46.718021,0.0,+46d43m04.9s,15.605,,15.11,,14.951,,14.887,,13.994,0.026,13.71,0.032,13.714,0.048,15.147,,cumulative,Done,11111111111111111000000000000000,CONFIRMED,CANDIDATE,3,335.0,3.296124,12.747314,0.7337,Claret (2011 A&A 529 75) ATLAS LS,0.0,0.0,0.2826,0.3729,Mandel and Agol (2002 ApJ 580 171),16.2,,,132.77209,0.00761,-0.00761,0.0,,,,,,1.66,0.29,-0.23,0.0473,,,0.781,0.176,-0.545,2.661,0.213,-0.213,,,,149.6,11.1,-11.1,3.59645081,3.644e-05,-3.644e-05,0.012319,0.002505,-0.001273,6.71,2.9,-2.9,83.31,,,1327.0,,,5887.0,70.0,-79.0,4.292,0.12,-0.12,0.16,0.15,-0.15,1.235,0.213,-0.175,1.09,0.07,-0.078,,,,q1_q17_dr25_stellar,0.882,19.599245,2.1e-05,46.71812,0.00023,-0.07,0.79,0.35,0.82,0.0,0.00012,-3e-05,0.00012,0.51,0.2,0.15,0.45,0.53,0.28,0.45,0.18,0.25,0.44,0.51,0.31,NO_COMMENT,2018-08-16 00:00:00,2.0,q1_q17_dr25_tce,009/009896/009896018/dv/kplr009896018-002-20160209194854_dvs.pdf,q1_q17_dr25_sup_koi,q1_q17_dr25_koi,2454965.772,0.00761,-0.00761,009/009896/009896018/dv/kplr009896018-20160209194854_dvr.pdf,0,0,0,0,732.82,323.35,-221.37,0.44132,1.3317,-0.11806,LS+MCMC,0.98,1
10319341,K05784.01,,281.5239,0.0,18h46m05.74s,47.474751,0.0,+47d28m29.1s,14.644,,14.182,,14.089,,13.985,,13.118,0.032,12.763,0.038,12.704,0.031,14.255,,cumulative,Done,11111111111111111000000000000000,FALSE POSITIVE,FALSE POSITIVE,1,31.0,7.417276,7.145041,,Claret (2011 A&A 529 75) ATLAS LS,0.0,0.0,0.2989,0.3262,Mandel and Agol (2002 ApJ 580 171),9.2,,,158.8392,0.012,-0.012,0.0,,,,,,1.5,0.71,-0.18,0.2312,,,0.2029,0.2591,-0.2029,3.471,0.453,-0.453,,,,187.3,27.5,-27.5,40.1043796,0.0006491,-0.0006491,0.012604,0.001203,-0.000874,87.6,23.8,-23.8,89.95,,,591.0,,,6174.0,155.0,-195.0,4.374,0.088,-0.293,-0.16,0.24,-0.3,1.089,0.514,-0.13,1.02,0.206,-0.112,,,,stellar_q1_q16,0.0,18.768412,3.3e-05,47.47473,0.00035,5.5,1.2,-0.1,1.3,-0.00099,0.00022,0.0003,0.00023,5.03,0.46,-0.42,0.21,5.05,0.46,5.26,0.45,0.59,0.15,5.29,0.44,CLEAR_APO,2018-08-16 00:00:00,1.0,q1_q17_dr24_tce,010/010319/010319341/dv/kplr010319341-001-20141002224145_dvs.pdf,q1_q17_dr25_sup_koi,q1_q17_dr24_koi,2454991.839,0.012,-0.012,010/010319/010319341/dv/kplr010319341-20141002224145_dvr.pdf,0,0,1,0,28.85,40.18,-9.17,7.90007,4.28987,-7.62328,MCMC,,0
9291368,K07155.02,,295.82617,0.0,19h43m18.28s,45.78764,0.0,+45d47m15.5s,14.077,,13.982,,13.962,,13.957,,13.263,0.02,13.021,0.024,12.948,0.029,14.005,,cumulative,Done,00000000000000011000000000000000,FALSE POSITIVE,FALSE POSITIVE,2,26.0,117.00692,403.76572,0.9816,Claret (2011 A&A 529 75) ATLAS LS,0.0,0.0,0.2719,0.3017,Mandel and Agol (2002 ApJ 580 171),283.7,,,133.2353,0.0226,-0.0226,0.0,,,,,,159.34,14.01,-74.74,0.0593,,,1.081,0.069,-0.07,11.4071,0.0549,-0.0549,,,,70781.0,304.0,-304.0,3.79654367,6.114e-05,-6.114e-05,0.475282,0.058329,-0.051038,2.835,0.126,-0.126,67.59,,,2577.0,,,8117.0,251.0,-334.0,3.748,0.442,-0.078,-0.42,0.2,-0.3,3.07,0.27,-1.44,1.922,0.084,-0.501,,,,q1_q17_dr25_stellar,,19.72174268,1.1e-07,45.787562,1.7e-06,-0.0762,0.0043,-0.2809,0.0062,,,,,0.064,0.067,-0.064,0.07,0.091,0.068,-0.016,0.079,-0.126,0.073,0.127,0.073,SWEET_EB---DEEP_V_SHAPED---CENT_FEW_DIFFS,2018-08-16 00:00:00,2.0,q1_q17_dr25_tce,009/009291/009291368/dv/kplr009291368-002-20160209194854_dvs.pdf,q1_q17_dr25_sup_koi,q1_q17_dr25_koi,2454966.235,0.0226,-0.0226,009/009291/009291368/dv/kplr009291368-20160209194854_dvr.pdf,0,1,0,0,10412.56,3508.68,-7931.36,0.02989,0.00133,-0.00164,LS+MCMC,0.0,0
11923213,K05943.01,,296.20459,0.0,19h44m49.10s,50.236328,0.0,+50d14m10.8s,14.537,,14.14,,14.015,,13.986,,13.112,0.022,12.826,0.021,12.778,0.029,14.172,,cumulative,Done,11111111111111111000000000000000,CANDIDATE,CANDIDATE,1,49.0,2.4174368,8.062193,0.3617,Claret (2011 A&A 529 75) ATLAS LS,0.0,0.0,0.2638,0.4046,Mandel and Agol (2002 ApJ 580 171),8.7,,,151.86606,0.00801,-0.00801,0.0,,,,,,1.87,0.33,-0.36,0.1808,,,0.223,0.224,-0.223,1.811,0.248,-0.248,,,,180.3,24.8,-24.8,27.2020672,0.0002533,-0.0002533,0.012294,0.000815,-0.001149,113.31,9.7,-9.7,89.89,,,719.0,,,5869.0,79.0,-79.0,4.175,0.162,-0.108,0.1,0.15,-0.15,1.396,0.246,-0.27,1.065,0.098,-0.071,,,,q1_q17_dr25_stellar,0.388,19.74696,4.2e-05,50.23614,0.00041,-0.4,1.5,-0.7,1.5,0.00012,0.00028,0.00019,0.00029,-0.94,0.38,-1.27,0.69,1.58,0.64,-1.02,0.36,-1.24,0.69,1.61,0.59,CENT_UNCERTAIN,2018-08-16 00:00:00,1.0,q1_q17_dr25_tce,011/011923/011923213/dv/kplr011923213-001-20160209194854_dvs.pdf,q1_q17_dr25_sup_koi,q1_q17_dr25_koi,2454984.866,0.00801,-0.00801,011/011923/011923213/dv/kplr011923213-20160209194854_dvr.pdf,0,0,0,0,63.31,29.08,-24.3,37.19627,3.17462,-36.45242,LS+MCMC,0.4,1
5597970,K06014.01,,283.43982,0.0,18h53m45.56s,40.83622,0.0,+40d50m10.4s,13.415,,12.73,,12.505,,,,11.295,0.019,10.872,0.017,10.784,0.021,12.778,,cumulative,Done,11110111011101110000000000000000,FALSE POSITIVE,FALSE POSITIVE,1,150.0,2343.8896,17334.152,-1.0,Claret (2011 A&A 529 75) ATLAS LS,0.0,0.0,0.1914,0.5167,Mandel and Agol (2002 ApJ 580 171),1208.2,,,137.2100078,6.53e-05,-6.53e-05,0.0,,,,,,37.65,8.69,-5.07,0.0656,,,0.159,0.009,-0.116,3.60057,0.00155,-0.00155,,,,164979.0,151.0,-151.0,6.71738328,5.34e-07,-5.34e-07,0.368371,0.000561,-0.000431,19.387,0.165,-0.165,89.53,,,883.0,,,5301.0,185.0,-185.0,4.416,0.139,-0.186,0.07,0.25,-0.3,0.936,0.216,-0.126,0.833,0.107,-0.066,,,,q1_q17_dr25_stellar,0.0,18.895995182,1.3e-08,40.83640364,1.5e-07,0.25665,0.00051,0.66111,0.00054,-0.001,0.028,0.0,0.037,0.005,0.067,-0.001,0.067,0.005,0.067,0.4,0.07,0.643,0.074,0.757,0.075,MOD_SEC_DV---MOD_SEC_ALT---MOD_ODDEVEN_DV---CENT_KIC_POS,2018-08-16 00:00:00,1.0,q1_q17_dr25_tce,005/005597/005597970/dv/kplr005597970-001-20160209194854_dvs.pdf,q1_q17_dr25_sup_koi,q1_q17_dr25_koi,2454970.21,6.53e-05,-6.53e-05,005/005597/005597970/dv/kplr005597970-20160209194854_dvr.pdf,0,1,0,0,143.87,106.12,-50.4,3.05468,0.02596,-0.06316,LS+MCMC,0.0,0
5823557,K07743.01,,299.63028,0.0,19h58m31.27s,41.03569,0.0,+41d02m08.5s,14.287,,13.858,,13.726,,13.648,,12.809,0.025,12.574,0.027,12.549,0.024,13.894,,cumulative,Done,11111111111111111000000000000000,FALSE POSITIVE,FALSE POSITIVE,1,562.0,3.8443632,8.707376,0.3063,Claret (2011 A&A 529 75) ATLAS LS,0.0,0.0,0.311,0.2914,Mandel and Agol (2002 ApJ 580 171),10.8,,,133.2244,0.0167,-0.0167,0.0,,,,,,0.85,0.26,-0.16,0.036,,,0.559,0.004,-0.482,4.575,0.591,-0.591,,,,42.7,5.2,-5.2,2.4044122,3.665e-05,-3.665e-05,0.006215,0.000359,-0.000458,3.44,1.6,-1.6,80.64,,,1662.0,,,6398.0,175.0,-214.0,4.276,0.132,-0.198,-0.22,0.25,-0.3,1.249,0.38,-0.234,1.07,0.177,-0.129,,,,q1_q17_dr25_stellar,0.282,19.975352,3.1e-05,41.03487,0.00046,0.0,1.3,-3.0,1.6,1.3e-05,4.5e-05,4.5e-05,5.9e-05,-1.4,1.1,-0.5,1.5,1.5,1.5,-1.4,1.2,-0.5,1.4,1.5,1.6,CENT_FEW_MEAS---EPHEM_MATCH,2018-08-16 00:00:00,1.0,q1_q17_dr25_tce,005/005823/005823557/dv/kplr005823557-001-20160209194854_dvs.pdf,q1_q17_dr25_sup_koi,q1_q17_dr25_koi,2454966.224,0.0167,-0.0167,005/005823/005823557/dv/kplr005823557-20160209194854_dvr.pdf,0,0,0,1,1805.11,1615.47,-764.68,0.13311,0.18528,-0.12229,LS+MCMC,0.0,0
3232859,K01090.01,,290.862,0.0,19h23m26.88s,38.35358,0.0,+38d21m12.9s,14.396,,13.961,,13.845,,13.805,,12.916,0.034,12.644,0.034,12.579,0.036,14.01,,cumulative,Done,11111111111111111000000000000000,FALSE POSITIVE,FALSE POSITIVE,1,160.0,46.2108,230.32713,0.0797,Claret (2011 A&A 529 75) ATLAS LS,0.0,0.0,0.2891,0.3589,Mandel and Agol (2002 ApJ 580 171),180.6,,,138.903759,0.000221,-0.000221,0.0,,,,,,72.52,11.35,-17.05,0.0882,,,1.284,31.34,-0.104,1.6477,0.0122,-0.0122,,,,4952.0,33.4,-33.4,8.387210055,2.133e-06,-2.133e-06,0.369981,31.24206,-0.096723,18.6,9.3,-9.3,86.04,,,1211.0,,,6089.0,82.0,-82.0,4.044,0.182,-0.098,0.08,0.15,-0.1,1.795,0.281,-0.422,1.299,0.116,-0.174,,,,q1_q17_dr25_stellar,0.0,19.39096499,9.7e-07,38.353012,1.1e-05,7.017,0.041,-2.045,0.041,-0.02757,0.00036,0.00924,0.00044,4.715,0.078,-1.137,0.07,4.851,0.077,4.948,0.086,-1.177,0.073,5.086,0.086,MOD_SEC_DV---MOD_SEC_ALT---DEEP_V_SHAPED---HAS_SEC_TCE---CENT_UNRESOLVED_OFFSET---HALO_GHOST,2018-08-16 00:00:00,1.0,q1_q17_dr25_tce,003/003232/003232859/dv/kplr003232859-001-20160209194854_dvs.pdf,q1_q17_dr25_sup_koi,q1_q17_dr25_koi,2454971.904,0.000221,-0.000221,003/003232/003232859/dv/kplr003232859-20160209194854_dvr.pdf,0,1,1,0,509.55,209.48,-227.16,1.73124,138.70279,-0.12854,LS+MCMC,0.0,0
10670112,K07360.01,,293.66928,0.0,19h34m40.63s,47.906689,0.0,+47d54m24.1s,13.767,,13.468,,13.385,,13.398,,12.533,0.021,12.333,0.017,12.267,0.02,13.543,,cumulative,Done,11111111111111111000000000000000,CANDIDATE,CANDIDATE,1,329.0,4.6553483,7.617462,,Claret (2011 A&A 529 75) ATLAS LS,0.0,0.0,0.3123,0.2693,Mandel and Agol (2002 ApJ 580 171),60.2,,,135.7884,0.0169,-0.0169,0.0,,,,,,7.76,3.62,-2.15,0.0548,,,1.0194,0.0032,-0.0264,44.35,2.1,-2.1,,,,226.8,13.8,-13.8,4.0953585,7.179e-05,-7.179e-05,0.041799,0.00078,-0.019445,1.037606,0.0,0.0,10.89,,,1680.0,,,6839.0,172.0,-253.0,4.094,0.202,-0.202,-0.32,0.22,-0.32,1.7,0.794,-0.47,1.313,0.258,-0.258,,,,stellar_q1_q17,0.022,19.5779586,7.8e-06,47.906592,9.4e-05,0.24,0.28,-0.35,0.34,-1.6e-05,2e-05,3e-05,2.4e-05,0.13,0.31,-0.49,0.29,0.51,0.24,0.14,0.29,-0.32,0.26,0.35,0.21,,2018-08-16 00:00:00,1.0,q1_q17_dr24_tce,010/010670/010670112/dv/kplr010670112-001-20141002224145_dvs.pdf,q1_q17_dr25_sup_koi,q1_q17_dr24_koi,2454968.788,0.0169,-0.0169,010/010670/010670112/dv/kplr010670112-20141002224145_dvr.pdf,0,0,0,0,1884.15,2594.63,-1035.86,0.00126,0.0,-6e-05,MCMC,,1
8278073,K04799.01,,281.55267,0.0,18h46m12.64s,44.228531,0.0,+44d13m42.7s,14.699,,14.213,,14.008,,13.991,,13.056,0.025,12.673,0.019,12.62,0.019,14.216,,cumulative,Done,11111111111111111000000000000000,CANDIDATE,CANDIDATE,1,113.0,3.6532876,9.005999,0.5549,Claret (2011 A&A 529 75) ATLAS LS,0.0,0.0,0.2286,0.4641,Mandel and Agol (2002 ApJ 580 171),9.7,,,142.429,0.0116,-0.0116,0.0,,,,,,1.69,0.28,-0.43,0.1046,,,0.312,0.135,-0.312,3.783,0.418,-0.418,,,,99.5,13.3,-13.3,12.0729757,0.0001925,-0.0001925,0.009058,0.000941,-0.00044,23.4,9.0,-9.0,89.24,,,969.0,,,5436.0,89.0,-65.0,3.993,0.217,-0.093,0.2,0.15,-0.1,1.707,0.287,-0.43,1.046,0.094,-0.104,,,,q1_q17_dr25_stellar,0.828,18.770156,4e-05,44.22867,0.00041,-0.9,1.5,0.5,1.5,6e-05,0.00016,-2e-05,0.00015,0.23,0.68,1.22,0.85,1.24,0.79,0.18,0.75,1.58,0.84,1.59,0.79,CENT_KIC_POS,2018-08-16 00:00:00,1.0,q1_q17_dr25_tce,008/008278/008278073/dv/kplr008278073-001-20160209194854_dvs.pdf,q1_q17_dr25_sup_koi,q1_q17_dr25_koi,2454975.429,0.0116,-0.0116,008/008278/008278073/dv/kplr008278073-20160209194854_dvr.pdf,0,0,0,0,208.13,94.93,-97.12,1.66371,1.92377,-0.58947,LS+MCMC,0.994,1
2449074,K00378.01,,292.6933,0.0,19h30m46.39s,37.705513,0.0,+37d42m19.8s,14.265,,13.165,,12.674,,,,13.172,0.029,12.757,0.032,12.771,0.034,13.15,,cumulative,Done,11111111111111111000000000000000,FALSE POSITIVE,FALSE POSITIVE,1,269.0,5.834703,27.532963,0.6248,Claret (2011 A&A 529 75) ATLAS LS,0.0,0.0,0.2904,0.3534,Mandel and Agol (2002 ApJ 580 171),33.0,,,173.75192,0.00277,-0.00277,0.0,,,,,,32.92,8.4,-12.61,0.0594,,,1.157,12.72,-0.155,4.062,0.16,-0.16,,,,363.3,13.0,-13.0,4.94402197,1.853e-05,-1.853e-05,0.177335,12.70879,-0.140613,2.33,1.2,-1.2,60.24,,,1419.0,,,6013.0,211.0,-211.0,4.035,0.36,-0.144,0.02,0.25,-0.3,1.7,0.434,-0.651,1.141,0.176,-0.176,,,,q1_q17_dr25_stellar,0.0,19.513729,1e-05,37.71284,0.00012,35.99,0.43,26.36,0.43,-0.0108,0.00013,-0.00801,0.00013,8.29,0.1,6.52,0.13,10.54,0.11,7.758,0.08,6.959,0.071,10.422,0.081,MOD_SEC_DV---MOD_SEC_ALT---HAS_SEC_TCE---CENT_RESOLVED_OFFSET---EPHEM_MATCH,2018-08-16 00:00:00,1.0,q1_q17_dr25_tce,002/002449/002449074/dv/kplr002449074-001-20160209194854_dvs.pdf,q1_q17_dr25_sup_koi,q1_q17_dr25_koi,2455006.752,0.00277,-0.00277,002/002449/002449074/dv/kplr002449074-20160209194854_dvr.pdf,0,1,1,1,958.29,775.12,-641.99,0.0098,2.5839,-0.00265,LS+MCMC,0.0,0
11188249,K02765.01,,290.63736,0.0,19h22m32.97s,48.883133,0.0,+48d52m59.3s,14.274,,13.824,,13.713,,,,12.766,0.022,12.563,0.03,12.453,0.03,13.883,,cumulative,Done,01111111111111111000000000000000,FALSE POSITIVE,FALSE POSITIVE,1,479.0,4.4575615,22.056444,0.8451,Claret (2011 A&A 529 75) ATLAS LS,0.0,0.0,0.305,0.3201,Mandel and Agol (2002 ApJ 580 171),27.8,,,133.42201,0.00466,-0.00466,0.0,,,,,,1.74,0.48,-0.63,0.0419,,,0.738,0.213,-0.517,3.426,0.121,-0.121,,,,85.5,3.6,-3.6,2.75505467,1.369e-05,-1.369e-05,0.009138,0.001186,-0.000669,4.31,1.9,-1.9,80.15,,,1783.0,,,6257.0,199.0,-243.0,4.063,0.299,-0.161,-0.04,0.25,-0.3,1.748,0.48,-0.64,1.291,0.172,-0.258,,,,q1_q17_dr25_stellar,0.0,19.375785,1.2e-05,48.89677,0.00014,-1.37,0.42,49.1,0.49,0.000126,3.9e-05,-0.004616,4.6e-05,0.11,0.2,12.1,1.1,12.1,1.1,-0.11,0.24,12.0,1.3,12.1,1.3,CENT_RESOLVED_OFFSET,2018-08-16 00:00:00,1.0,q1_q17_dr25_tce,011/011188/011188249/dv/kplr011188249-001-20160209194854_dvs.pdf,q1_q17_dr25_sup_koi,q1_q17_dr25_koi,2454966.422,0.00466,-0.00466,011/011188/011188249/dv/kplr011188249-20160209194854_dvr.pdf,0,0,1,0,2387.41,2008.66,-1568.73,0.19983,0.34583,-0.15297,LS+MCMC,0.001,0
9710326,K00947.01,Kepler-737 b,291.86285,0.0,19h27m27.08s,46.42926,0.0,+46d25m45.3s,16.649,,15.261,,14.564,,14.11,,12.91,0.022,12.293,0.02,12.097,0.023,15.19,,cumulative,Done,11111111111111111000000000000000,CONFIRMED,CANDIDATE,1,44.0,12.458175,45.70763,0.2198,Claret (2011 A&A 529 75) ATLAS LS,0.0,0.0,0.4418,0.2405,Mandel and Agol (2002 ApJ 580 171),53.8,,,189.92667,0.00157,-0.00157,0.0,,,,,,1.83,0.16,-0.21,0.1422,,,0.009,0.374,-0.009,3.6567,0.0556,-0.0556,,,,1585.1,33.9,-33.9,28.59914031,5.489e-05,-5.489e-05,0.036375,0.000836,-0.000464,61.92,2.2,-2.2,89.99,,,298.0,,,3755.0,75.0,-84.0,4.781,0.063,-0.031,-0.26,0.15,-0.15,0.461,0.04,-0.053,0.47,0.038,-0.046,,,,q1_q17_dr25_stellar,0.869,19.4575217,6e-06,46.429201,6.5e-05,-0.04,0.22,-0.21,0.23,-3e-05,0.00038,-0.00011,0.00042,0.13,0.12,-0.06,0.11,0.15,0.11,0.13,0.12,-0.33,0.1,0.35,0.11,NO_COMMENT,2018-08-16 00:00:00,1.0,q1_q17_dr25_tce,009/009710/009710326/dv/kplr009710326-001-20160209194854_dvs.pdf,q1_q17_dr25_sup_koi,q1_q17_dr25_koi,2455022.927,0.00157,-0.00157,009/009710/009710326/dv/kplr009710326-20160209194854_dvr.pdf,0,0,0,0,1.87,0.52,-0.53,5.49136,0.19386,-1.32001,LS+MCMC,1.0,1
5790807,K00259.01,,291.77182,0.0,19h27m05.24s,41.098068,0.0,+41d05m53.0s,10.164,,9.885,,9.851,,9.884,,9.098,0.024,8.955,0.03,8.941,0.019,9.954,,cumulative,Done,11111111111111111000000000000000,FALSE POSITIVE,FALSE POSITIVE,1,17.0,287.7799,906.5277,0.2228,Claret (2011 A&A 529 75) ATLAS LS,0.0,0.0,0.3297,0.2724,Mandel and Agol (2002 ApJ 580 171),721.9,,,207.126264,0.000185,-0.000185,0.0,,,,,,40.73,6.4,-11.89,0.4352,,,0.594,0.005,-0.009,6.3339,0.0154,-0.0154,,,,24383.5,40.0,-40.0,79.99623328,1.993e-05,-1.993e-05,0.149796,0.000204,-0.000288,94.98,1.8,-1.8,89.64,,,717.0,,,6796.0,67.0,-88.0,3.88,0.224,-0.096,0.14,0.15,-0.15,2.49,0.391,-0.727,1.715,0.15,-0.244,,,,q1_q17_dr25_stellar,0.0,19.451464443,7.7e-08,41.0980502,1e-06,0.425,0.0032,-0.0711,0.0037,-0.0026,0.0021,0.0008,0.0028,1.74,0.9,-2.02,0.93,2.7,1.2,2.83,0.91,-2.44,0.95,3.7,1.2,MOD_SEC_ALT---CENT_SATURATED,2018-08-16 00:00:00,1.0,q1_q17_dr25_tce,005/005790/005790807/dv/kplr005790807-001-20160209194854_dvs.pdf,q1_q17_dr25_sup_koi,q1_q17_dr25_koi,2455040.126,0.000185,-0.000185,005/005790/005790807/dv/kplr005790807-20160209194854_dvr.pdf,0,1,0,0,62.49,24.52,-32.75,2.53309,0.04793,-0.04813,LS+MCMC,0.354,0
8866137,K02074.01,Kepler-1083 b,283.16196,0.0,18h52m38.87s,45.198311,0.0,+45d11m53.9s,16.544,,15.78,,15.516,,15.405,,14.386,0.028,13.932,0.032,13.815,0.058,15.824,,cumulative,Done,11111111111111111000000000000000,CONFIRMED,CANDIDATE,1,37.0,6.289584,25.621601,0.0529,Claret (2011 A&A 529 75) ATLAS LS,0.0,0.0,0.2043,0.4966,Mandel and Agol (2002 ApJ 580 171),28.4,,,155.58781,0.00452,-0.00452,0.0,,,,,,3.13,0.41,-0.24,0.1899,,,0.913,0.028,-0.615,4.645,0.133,-0.133,,,,1166.8,45.8,-45.8,33.4178173,0.0001735,-0.0001735,0.038586,0.000569,-0.007438,27.2,13.2,-13.2,88.08,,,448.0,,,5136.0,153.0,-138.0,4.607,0.033,-0.077,-0.12,0.3,-0.3,0.744,0.096,-0.059,0.827,0.057,-0.098,,,,q1_q17_dr25_stellar,0.96,18.877457,1.5e-05,45.19837,0.00016,-0.24,0.55,0.2,0.56,0.00014,0.00067,2e-05,0.00069,0.06,0.21,0.12,0.16,0.13,0.17,-0.09,0.21,0.31,0.2,0.32,0.23,NO_COMMENT,2018-08-16 00:00:00,1.0,q1_q17_dr25_tce,008/008866/008866137/dv/kplr008866137-001-20160209194854_dvs.pdf,q1_q17_dr25_sup_koi,q1_q17_dr25_koi,2454988.588,0.00452,-0.00452,008/008866/008866137/dv/kplr008866137-20160209194854_dvr.pdf,0,0,0,0,9.56,4.14,-2.29,0.34276,3.66046,-0.17297,LS+MCMC,1.0,1
8621348,K00461.01,,290.53214,0.0,19h22m07.71s,44.77512,0.0,+44d46m30.4s,14.935,,14.353,,14.185,,14.063,,13.112,0.021,12.711,0.021,12.618,0.02,14.41,,cumulative,Done,11111111111111111000000000000000,FALSE POSITIVE,FALSE POSITIVE,1,119.0,13.083215,50.695923,0.8091,Claret (2011 A&A 529 75) ATLAS LS,0.0,0.0,0.2665,0.398,Mandel and Agol (2002 ApJ 580 171),52.2,,,172.84392,0.00249,-0.00249,0.0,,,,,,17.21,3.62,-1.28,0.0927,,,1.183,23.59,-0.098,5.558,0.133,-0.133,,,,586.3,13.3,-13.3,11.34436822,3.465e-05,-3.465e-05,0.2096,23.55876,-0.093761,4.09,2.0,-2.0,73.19,,,703.0,,,5594.0,169.0,-152.0,4.602,0.034,-0.145,-0.42,0.3,-0.3,0.752,0.158,-0.056,0.841,0.08,-0.089,,,,q1_q17_dr25_stellar,0.0,19.3701928,7.8e-06,44.768635,8.4e-05,53.06,0.3,-23.35,0.3,-0.02727,0.00016,0.01194,0.00016,7.347,0.067,-3.383,0.067,8.089,0.067,7.271,0.07,-3.643,0.071,8.133,0.07,MOD_SEC_DV---MOD_SEC_ALT---HAS_SEC_TCE---CENT_RESOLVED_OFFSET---EPHEM_MATCH,2018-08-16 00:00:00,1.0,q1_q17_dr25_tce,008/008621/008621348/dv/kplr008621348-001-20160209194854_dvs.pdf,q1_q17_dr25_sup_koi,q1_q17_dr25_koi,2455005.844,0.00249,-0.00249,008/008621/008621348/dv/kplr008621348-20160209194854_dvr.pdf,0,1,1,1,57.67,37.46,-13.42,0.01007,3.37301,-0.00137,LS+MCMC,0.0,0
11450414,K01992.01,Kepler-347 b,289.19958,0.0,19h16m47.90s,49.305721,0.0,+49d18m20.6s,14.944,,14.454,,14.329,,14.292,,13.391,0.026,13.076,0.031,13.047,0.029,14.513,,cumulative,Done,11111111111111111000000000000000,CONFIRMED,CANDIDATE,3,107.0,5.885593,31.15827,0.5003,Claret (2011 A&A 529 75) ATLAS LS,0.0,0.0,0.2286,0.4641,Mandel and Agol (2002 ApJ 580 171),38.2,,,133.64979,0.00382,-0.00382,0.0,,,,,,2.88,0.41,-0.68,0.1072,,,0.738,0.158,-0.518,6.401,0.116,-0.116,,,,336.6,9.7,-9.7,12.7983174,6.108e-05,-6.108e-05,0.01815,0.001746,-0.00147,10.75,4.7,-4.7,86.06,,,908.0,,,5592.0,75.0,-75.0,4.115,0.195,-0.09,0.16,0.15,-0.15,1.451,0.211,-0.342,1.0,0.072,-0.072,,,,q1_q17_dr25_stellar,0.862,19.279973,1.1e-05,49.30563,0.00012,0.01,0.4,-0.31,0.43,-1e-05,0.00013,-4e-05,0.00014,-0.02,0.21,-0.44,0.29,0.44,0.29,-0.19,0.2,-0.89,0.3,0.91,0.29,NO_COMMENT,2018-08-16 00:00:00,1.0,q1_q17_dr25_tce,011/011450/011450414/dv/kplr011450414-001-20160209194854_dvs.pdf,q1_q17_dr25_sup_koi,q1_q17_dr25_koi,2454966.65,0.00382,-0.00382,011/011450/011450414/dv/kplr011450414-20160209194854_dvr.pdf,0,0,0,0,160.33,61.54,-71.6,0.14332,0.25015,-0.00957,LS+MCMC,1.0,1
9823519,K02793.02,Kepler-1350 c,288.25058,0.0,19h13m00.14s,46.679611,0.0,+46d40m46.6s,17.781,,16.389,,15.641,,15.226,,13.989,0.027,13.338,0.028,13.122,0.027,16.283,,cumulative,Done,00000001000111111000000000000000,CONFIRMED,CANDIDATE,2,273.0,4.6179905,21.649065,0.4951,Claret (2011 A&A 529 75) ATLAS LS,0.0,0.0,0.426,0.2631,Mandel and Agol (2002 ApJ 580 171),26.7,,,133.08336,0.0045,-0.0045,0.0,,,,,,1.4,0.14,-0.17,0.0222,,,0.066,0.387,-0.065,1.3345,0.0577,-0.0577,,,,1009.8,44.0,-44.0,1.766789509,6.768e-06,-6.768e-06,0.028909,0.000972,-0.00096,10.402,0.15,-0.15,89.64,,,730.0,,,3698.0,66.0,-73.0,4.81,0.055,-0.045,-0.2,0.2,-0.2,0.444,0.043,-0.053,0.464,0.042,-0.055,,,,q1_q17_dr25_stellar,0.027,19.21669,1.7e-05,46.67927,0.00016,-0.58,0.61,-1.22,0.57,0.00064,0.00062,0.00067,0.0006,-0.11,0.1,-0.12,0.17,0.17,0.17,-0.16,0.13,-0.47,0.2,0.5,0.19,NO_COMMENT,2018-08-16 00:00:00,2.0,q1_q17_dr25_tce,009/009823/009823519/dv/kplr009823519-002-20160209194854_dvs.pdf,q1_q17_dr25_sup_koi,q1_q17_dr25_koi,2454966.083,0.0045,-0.0045,009/009823/009823519/dv/kplr009823519-20160209194854_dvr.pdf,0,0,0,0,66.95,19.5,-19.01,6.82182,0.09856,-3.12079,LS+MCMC,0.999,1
4175630,K02998.01,Kepler-1405 b,295.68484,0.0,19h42m44.36s,39.256142,0.0,+39d15m22.1s,16.418,,15.825,,15.639,,15.509,,14.583,0.028,14.212,0.044,14.237,0.072,15.873,,cumulative,Done,01111011101110111000000000000000,CONFIRMED,CANDIDATE,1,40.0,5.2961516,19.216913,0.3974,Claret (2011 A&A 529 75) ATLAS LS,0.0,0.0,0.2787,0.3728,Mandel and Agol (2002 ApJ 580 171),25.3,,,141.49504,0.00471,-0.00471,0.0,,,,,,2.82,0.74,-0.26,0.1778,,,0.025,0.416,-0.025,5.782,0.147,-0.147,,,,1113.4,50.5,-50.5,28.227413,0.0001498,-0.0001498,0.030469,0.001181,-0.000761,38.42,1.4,-1.4,89.96,,,565.0,,,5858.0,157.0,-192.0,4.553,0.035,-0.184,-0.26,0.3,-0.3,0.849,0.222,-0.079,0.94,0.099,-0.121,,,,q1_q17_dr25_stellar,0.004,19.712338,1.3e-05,39.25629,0.00015,0.65,0.55,0.52,0.53,-0.00052,0.00063,-0.001,0.00063,-0.19,0.2,-0.14,0.16,0.23,0.18,-0.08,0.19,-0.05,0.14,0.09,0.17,NO_COMMENT,2018-08-16 00:00:00,1.0,q1_q17_dr25_tce,004/004175/004175630/dv/kplr004175630-001-20160209194854_dvs.pdf,q1_q17_dr25_sup_koi,q1_q17_dr25_koi,2454974.495,0.00471,-0.00471,004/004175/004175630/dv/kplr004175630-20160209194854_dvr.pdf,0,0,0,0,24.03,18.48,-6.73,1.34675,0.04879,-0.51163,LS+MCMC,1.0,1
7836096,K05435.01,,296.18665,0.0,19h44m44.80s,43.581379,0.0,+43d34m53.0s,16.813,,15.86,,15.581,,15.419,,14.311,0.025,13.753,0.029,13.639,0.039,15.951,,cumulative,Done,00011111111111111000000000000000,CANDIDATE,CANDIDATE,1,68.0,3.6167471,9.011559,0.0145,Claret (2011 A&A 529 75) ATLAS LS,0.0,0.0,0.1451,0.582,Mandel and Agol (2002 ApJ 580 171),10.7,,,138.93316,0.00642,-0.00642,0.0,,,,,,1.71,0.16,-0.13,0.1179,,,0.297,0.158,-0.297,1.656,0.154,-0.154,,,,500.7,55.5,-55.5,15.9961296,0.0001158,-0.0001158,0.020119,0.001076,-0.001973,72.0,22.5,-22.5,89.76,,,560.0,,,4949.0,177.0,-177.0,4.588,0.025,-0.07,0.24,0.2,-0.3,0.777,0.072,-0.059,0.855,0.049,-0.077,,,,q1_q17_dr25_stellar,0.831,19.74573,2.5e-05,43.58126,0.00027,-1.81,0.97,-0.43,0.97,0.00016,0.00046,0.0001,0.00047,0.18,0.29,0.58,0.92,0.6,0.87,-0.41,0.28,0.14,0.84,0.43,0.47,NO_COMMENT,2018-08-16 00:00:00,1.0,q1_q17_dr25_tce,007/007836/007836096/dv/kplr007836096-001-20160209194854_dvs.pdf,q1_q17_dr25_sup_koi,q1_q17_dr25_koi,2454971.933,0.00642,-0.00642,007/007836/007836096/dv/kplr007836096-20160209194854_dvr.pdf,0,0,0,0,23.32,8.72,-6.11,27.61091,8.64529,-13.31694,LS+MCMC,0.995,1
8414907,K01134.01,,284.51962,0.0,18h58m04.71s,44.453941,0.0,+44d27m14.2s,16.543,,15.702,,15.458,,15.227,,14.291,0.028,13.844,0.035,13.815,,15.783,,cumulative,Done,01111111111111111000000000000000,FALSE POSITIVE,FALSE POSITIVE,2,14.0,103.01269,118.214294,0.0065,Claret (2011 A&A 529 75) ATLAS LS,0.0,0.0,0.153,0.5684,Mandel and Agol (2002 ApJ 580 171),63.2,,,277.0607,0.00261,-0.00261,0.0,,,,,,29.55,3.1,-2.53,0.3925,,,1.256,69.04,-0.111,8.702,0.207,-0.207,,,,5450.0,116.0,-116.0,100.3039228,0.0004708,-0.0004708,0.35047,66.70348,-0.100939,43.8,21.9,-21.9,88.36,,,313.0,,,5055.0,153.0,-138.0,4.566,0.045,-0.06,0.0,0.25,-0.3,0.772,0.081,-0.066,0.8,0.073,-0.066,,,,q1_q17_dr25_stellar,0.0,18.9683142,2.7e-06,44.459079,3.3e-05,13.09,0.1,18.5,0.12,-0.07,0.68,-0.1,0.95,3.53,0.1,4.194,0.099,5.48,0.12,3.66,0.1,4.328,0.1,5.67,0.13,INCONSISTENT_TRANS---CENT_RESOLVED_OFFSET---EPHEM_MATCH,2018-08-16 00:00:00,1.0,q1_q17_dr25_tce,008/008414/008414907/dv/kplr008414907-001-20160209194854_dvs.pdf,q1_q17_dr25_sup_koi,q1_q17_dr25_koi,2455110.061,0.00261,-0.00261,008/008414/008414907/dv/kplr008414907-20160209194854_dvr.pdf,1,0,1,1,2.26,0.85,-0.57,0.15797,47.58891,-0.02612,LS+MCMC,0.0,0
4665989,K06433.01,,294.76398,0.0,19h39m03.36s,39.752838,0.0,+39d45m10.2s,13.215,,12.95,,12.928,,12.922,,12.137,0.023,12.001,0.029,11.994,0.027,13.016,,cumulative,Done,11111011101110111000000000000000,FALSE POSITIVE,FALSE POSITIVE,1,954.0,3874.8313,43282.883,-1.0,Claret (2011 A&A 529 75) ATLAS LS,0.0,0.0,0.3342,0.2394,Mandel and Agol (2002 ApJ 580 171),792.9,,,131.62878,0.000158,-0.000158,0.0,,,,,,98.04,32.87,-15.18,0.0239,,,0.719,0.048,-0.038,5.5728,0.0114,-0.0114,,,,247561.0,380.0,-380.0,1.124033822,2.16e-07,-2.16e-07,0.574424,0.023335,-0.029222,2.4266,0.0674,-0.0674,72.77,,,2547.0,,,7141.0,200.0,-300.0,4.208,0.105,-0.21,-0.08,0.25,-0.35,1.563,0.524,-0.242,1.442,0.218,-0.218,,,,q1_q17_dr25_stellar,,,,,,,,,,,,,,0.046,0.067,-0.011,0.067,0.048,0.067,0.061,0.071,-0.009,0.067,0.062,0.07,SWEET_EB---DEPTH_ODDEVEN_DV---DEPTH_ODDEVEN_ALT---MOD_ODDEVEN_ALT---CENT_NOFITS,2018-08-16 00:00:00,1.0,q1_q17_dr25_tce,004/004665/004665989/dv/kplr004665989-001-20160209194854_dvs.pdf,q1_q17_dr25_sup_koi,q1_q17_dr25_koi,2454964.629,0.000158,-0.000158,004/004665/004665989/dv/kplr004665989-20160209194854_dvr.pdf,0,1,0,0,9953.28,9865.54,-3965.08,0.21394,0.00594,-0.00737,LS+MCMC,0.0,0
6129694,K04131.01,,293.71811,0.0,19h34m52.35s,41.430939,0.0,+41d25m51.4s,13.332,,13.163,,13.17,,13.185,,12.489,0.023,12.385,0.023,12.328,0.022,13.205,,cumulative,Done,11111111111111111000000000000000,FALSE POSITIVE,FALSE POSITIVE,2,1439.0,3.5255432,14.388791,0.0794,Claret (2011 A&A 529 75) ATLAS LS,0.0,0.0,0.3299,0.2374,Mandel and Agol (2002 ApJ 580 171),23.0,,,132.2026,0.00733,-0.00733,0.0,,,,,,2.07,0.35,-0.81,0.0239,,,0.991,0.036,-0.758,5.658,0.576,-0.576,,,,26.4,1.5,-1.5,0.936751792,7.657e-06,-7.657e-06,0.006508,0.000746,-0.001897,1.021,0.51,-0.51,13.9,,,3814.0,,,7843.0,218.0,-327.0,3.829,0.315,-0.105,0.07,0.25,-0.4,2.909,0.49,-1.143,2.081,0.284,-0.527,,,,q1_q17_dr25_stellar,0.629,19.581205,2.3e-05,41.43093,0.00029,-0.08,0.95,0.0,1.0,2e-06,1.3e-05,7e-06,1.4e-05,0.25,0.33,-0.09,0.26,0.26,0.31,0.23,0.35,-0.08,0.25,0.24,0.32,LPP_DV,2018-08-16 00:00:00,1.0,q1_q17_dr25_tce,006/006129/006129694/dv/kplr006129694-001-20160209194854_dvs.pdf,q1_q17_dr25_sup_koi,q1_q17_dr25_koi,2454965.203,0.00733,-0.00733,006/006129/006129694/dv/kplr006129694-20160209194854_dvr.pdf,1,0,0,0,50168.18,26262.91,-34574.79,0.02296,0.09169,-0.00522,LS+MCMC,0.0,0
7037540,K01347.01,,293.02036,0.0,19h32m04.89s,42.508835,0.0,+42d30m31.8s,15.339,,14.761,,14.58,,,,13.359,0.025,13.06,0.029,12.934,0.034,14.808,,cumulative,Done,00011111111111111000000000000000,FALSE POSITIVE,FALSE POSITIVE,2,79.0,356.06284,2348.2366,0.9844,Claret (2011 A&A 529 75) ATLAS LS,0.0,0.0,0.2904,0.3534,Mandel and Agol (2002 ApJ 580 171),2294.1,,,360.3847471,4.81e-05,-4.81e-05,0.0,,,,,,23.42,6.56,-6.56,0.1174,,,0.001,0.026,-0.001,5.48509,0.00152,-0.00152,,,,30430.6,14.2,-14.2,14.405857436,9.74e-07,-9.74e-07,0.159345,5e-05,-3.3e-05,23.27068,0.00993,-0.00993,90.0,,,888.0,,,5945.0,184.0,-205.0,4.196,0.246,-0.164,-0.02,0.25,-0.3,1.346,0.377,-0.377,1.039,0.152,-0.138,,,,q1_q17_dr25_stellar,0.0,19.53469085,1.4e-07,42.5088858,1.5e-06,-0.0178,0.0058,0.1791,0.0055,0.0001,0.0012,-0.0012,0.0017,-0.002,0.067,0.002,0.067,0.002,0.067,-0.005,0.068,0.142,0.068,0.142,0.068,MOD_SEC_DV---MOD_SEC_ALT---HAS_SEC_TCE,2018-08-16 00:00:00,1.0,q1_q17_dr25_tce,007/007037/007037540/dv/kplr007037540-001-20160209194854_dvs.pdf,q1_q17_dr25_sup_koi,q1_q17_dr25_koi,2455193.385,4.81e-05,-4.81e-05,007/007037/007037540/dv/kplr007037540-20160209194854_dvr.pdf,0,1,0,0,146.95,125.07,-80.76,1.1487,0.00049,-0.0025,LS+MCMC,0.0,0
9579641,K00115.02,Kepler-105 c,287.88733,0.0,19h11m32.96s,46.276241,0.0,+46d16m34.5s,13.111,,12.732,,12.654,,12.648,,11.811,0.021,11.555,0.02,11.503,0.013,12.791,,cumulative,Done,11111111111111111000000000000000,CONFIRMED,CANDIDATE,3,181.0,6.1814723,39.793564,0.7788,Claret (2011 A&A 529 75) ATLAS LS,0.0,0.0,0.2676,0.3928,Mandel and Agol (2002 ApJ 580 171),47.1,,,139.00492,0.00159,-0.00159,0.0,,,,,,1.79,0.26,-0.23,0.0711,,,0.898,0.013,-0.699,3.0014,0.0384,-0.0384,,,,192.4,4.4,-4.4,7.12594387,1.406e-05,-1.406e-05,0.01512,0.000323,-0.002193,8.62,4.2,-4.2,84.02,,,997.0,,,5779.0,104.0,-115.0,4.339,0.132,-0.108,-0.06,0.15,-0.15,1.087,0.157,-0.142,0.941,0.074,-0.054,,,,q1_q17_dr25_stellar,0.009,19.1924958,6.9e-06,46.276037,7e-05,0.29,0.26,-0.73,0.25,-6.9e-05,4.8e-05,6.1e-05,4.6e-05,0.03,0.23,0.04,0.2,0.06,0.21,-0.09,0.24,-0.21,0.2,0.23,0.2,NO_COMMENT,2018-08-16 00:00:00,2.0,q1_q17_dr25_tce,009/009579/009579641/dv/kplr009579641-002-20160209194854_dvs.pdf,q1_q17_dr25_sup_koi,q1_q17_dr25_koi,2454972.005,0.00159,-0.00159,009/009579/009579641/dv/kplr009579641-20160209194854_dvr.pdf,0,0,0,0,233.31,94.86,-70.6,0.23879,1.86455,-0.04686,LS+MCMC,1.0,1
5303551,K00553.01,,298.57642,0.0,19h54m18.34s,40.491669,0.0,+40d29m30.0s,15.475,,14.806,,14.636,,14.48,,13.534,0.026,13.138,0.028,13.026,0.029,14.888,,cumulative,Done,11111111111111111000000000000000,FALSE POSITIVE,FALSE POSITIVE,1,557.0,4.17418,32.5147,0.9818,Claret (2011 A&A 529 75) ATLAS LS,0.0,0.0,0.2622,0.4035,Mandel and Agol (2002 ApJ 580 171),37.8,,,171.45413,0.00289,-0.00289,0.0,,,,,,1.78,0.5,-0.27,0.034,,,0.649,0.302,-0.413,3.2576,0.0942,-0.0942,,,,286.6,8.9,-8.9,2.399069173,8.78e-06,-8.78e-06,0.016289,0.003719,-0.000853,4.47,2.1,-2.1,81.66,,,1354.0,,,5654.0,169.0,-169.0,4.395,0.128,-0.192,-0.04,0.3,-0.3,1.001,0.28,-0.151,0.908,0.114,-0.085,,,,q1_q17_dr25_stellar,0.0,19.9051077,9.6e-06,40.48961,0.00011,0.56,0.39,-7.41,0.39,2e-05,0.00012,0.00199,0.00013,0.72,0.42,-4.5,0.36,4.56,0.36,0.76,0.36,-4.77,0.3,4.83,0.35,CENT_RESOLVED_OFFSET---HALO_GHOST---EPHEM_MATCH,2018-08-16 00:00:00,1.0,q1_q17_dr25_tce,005/005303/005303551/dv/kplr005303551-001-20160209194854_dvs.pdf,q1_q17_dr25_sup_koi,q1_q17_dr25_koi,2455004.454,0.00289,-0.00289,005/005303/005303551/dv/kplr005303551-20160209194854_dvr.pdf,0,0,1,1,792.76,667.85,-286.48,0.29394,0.27795,-0.26603,LS+MCMC,0.0,0
9006186,K02169.02,Kepler-1130 c,285.20749,0.0,19h00m49.80s,45.38435,0.0,+45d23m03.7s,12.944,,12.326,,12.172,,12.092,,11.137,0.023,10.735,0.018,10.662,0.016,12.404,,cumulative,Done,11111111111111111000000000000000,CONFIRMED,CANDIDATE,4,393.0,3.7622979,18.000952,0.6292,Claret (2011 A&A 529 75) ATLAS LS,0.0,0.0,0.2291,0.4603,Mandel and Agol (2002 ApJ 580 171),18.6,,,136.08452,0.00354,-0.00354,0.0,,,,,,0.68,0.08,-0.03,0.0423,,,0.623,0.002,-0.503,2.056,0.113,-0.113,,,,59.9,3.6,-3.6,3.26662733,1.395e-05,-1.395e-05,0.007398,0.002183,-0.000449,9.64,4.4,-4.4,86.3,,,1072.0,,,5450.0,108.0,-108.0,4.563,0.017,-0.094,0.1,0.15,-0.15,0.842,0.093,-0.033,0.944,0.039,-0.066,,,,q1_q17_dr25_stellar,0.0,19.013837,1e-05,45.38457,0.00011,0.21,0.39,0.8,0.41,-2.4e-05,2.2e-05,-5e-05,2.3e-05,-0.61,0.42,0.44,0.27,0.76,0.39,-0.8,0.41,0.38,0.25,0.88,0.4,NO_COMMENT,2018-08-16 00:00:00,2.0,q1_q17_dr25_tce,009/009006/009006186/dv/kplr009006186-002-20160209194854_dvs.pdf,q1_q17_dr25_sup_koi,q1_q17_dr25_koi,2454969.085,0.00354,-0.00354,009/009006/009006186/dv/kplr009006186-20160209194854_dvr.pdf,0,0,0,0,312.85,104.43,-46.26,1.58888,1.45448,-1.45638,LS+MCMC,0.961,1
7447200,K00676.01,Kepler-210 c,292.50339,0.0,19h30m00.81s,43.083149,0.0,+43d04m59.3s,14.874,,13.756,,13.371,,13.142,,11.992,0.019,11.449,0.017,11.313,0.016,13.822,,cumulative,Done,11111111111111111000000000000000,CONFIRMED,CANDIDATE,2,166.0,46.0098,336.3128,0.0003,Claret (2011 A&A 529 75) ATLAS LS,0.0,0.0,0.2238,0.5081,Mandel and Agol (2002 ApJ 580 171),206.7,,,171.585057,0.000358,-0.000358,0.0,,,,,,3.22,0.19,-0.21,0.0642,,,0.739,0.043,-0.11,2.9754,0.0569,-0.0569,,,,3139.0,18.8,-18.8,7.972510087,3.652e-06,-3.652e-06,0.055326,0.00035,-0.002356,15.45,7.5,-7.5,87.26,,,497.0,,,3912.0,78.0,-86.0,4.728,0.03,-0.033,-0.12,0.15,-0.15,0.533,0.032,-0.035,0.556,0.032,-0.039,,,,q1_q17_dr25_stellar,0.012,19.50022735,7.1e-07,43.0832436,7.4e-06,0.053,0.028,0.337,0.026,-0.00013,0.00013,-0.0001,0.00016,0.033,0.068,0.014,0.077,0.035,0.069,0.112,0.068,0.254,0.077,0.277,0.076,NO_COMMENT,2018-08-16 00:00:00,1.0,q1_q17_dr25_tce,007/007447/007447200/dv/kplr007447200-001-20160209194854_dvs.pdf,q1_q17_dr25_sup_koi,q1_q17_dr25_koi,2455004.585,0.000358,-0.000358,007/007447/007447200/dv/kplr007447200-20160209194854_dvr.pdf,0,0,0,0,14.45,3.12,-2.91,1.09862,0.53502,-0.241,LS+MCMC,0.378,1
8240904,K01070.01,Kepler-266 b,294.48438,0.0,19h37m56.25s,44.166908,0.0,+44d10m00.9s,16.153,,15.533,,15.348,,15.269,,14.3,0.027,13.907,0.028,13.811,0.05,15.59,,cumulative,Done,00011111111111111000000000000000,CONFIRMED,CANDIDATE,3,168.0,5.377145,27.650803,0.8273,Claret (2011 A&A 529 75) ATLAS LS,0.0,0.0,0.2286,0.4641,Mandel and Agol (2002 ApJ 580 171),31.5,,,360.36694,0.00263,-0.00263,0.0,,,,,,2.98,0.49,-0.66,0.0678,,,0.043,0.387,-0.043,3.6813,0.0788,-0.0788,,,,549.1,19.2,-19.2,6.61836309,2.529e-05,-2.529e-05,0.0211,0.000735,-0.000478,14.024,0.452,-0.452,89.82,,,1066.0,,,5529.0,83.0,-66.0,4.19,0.186,-0.108,0.16,0.15,-0.1,1.294,0.214,-0.285,0.947,0.067,-0.044,,,,q1_q17_dr25_stellar,0.021,19.632305,1.4e-05,44.1667,0.00015,0.5,0.54,-0.77,0.54,-0.00027,0.0003,0.00043,0.00031,0.18,0.17,0.06,0.22,0.19,0.17,0.24,0.16,0.05,0.22,0.25,0.16,NO_COMMENT,2018-08-16 00:00:00,1.0,q1_q17_dr25_tce,008/008240/008240904/dv/kplr008240904-001-20160209194854_dvs.pdf,q1_q17_dr25_sup_koi,q1_q17_dr25_koi,2455193.367,0.00263,-0.00263,008/008240/008240904/dv/kplr008240904-20160209194854_dvr.pdf,0,0,0,0,304.65,134.51,-128.1,1.19117,0.03842,-0.4096,LS+MCMC,1.0,1
5881813,K02744.01,Kepler-1333 b,293.52756,0.0,19h34m06.61s,41.111439,0.0,+41d06m41.2s,15.694,,15.101,,14.933,,14.837,,13.886,0.03,13.521,0.03,13.406,0.042,15.162,,cumulative,Done,11111111111111111000000000000000,CONFIRMED,CANDIDATE,2,13.0,8.014789,22.06446,0.4114,Claret (2011 A&A 529 75) ATLAS LS,0.0,0.0,0.1923,0.5191,Mandel and Agol (2002 ApJ 580 171),26.7,,,190.67271,0.00542,-0.00542,0.0,,,,,,4.85,0.73,-1.7,0.4382,,,0.797,0.137,-0.556,6.568,0.175,-0.175,,,,899.7,34.5,-34.5,109.6469948,0.0007071,-0.0007071,0.030575,0.005278,-0.003381,83.4,39.0,-39.0,89.45,,,428.0,,,5332.0,88.0,-72.0,4.083,0.368,-0.092,0.18,0.2,-0.1,1.453,0.218,-0.51,0.932,0.047,-0.058,,,,q1_q17_dr25_stellar,0.02,19.568477,1.5e-05,41.11125,0.00015,-1.09,0.6,-0.68,0.54,0.00068,0.00055,0.00059,0.00051,0.29,0.16,0.49,0.28,0.57,0.25,0.03,0.15,0.59,0.28,0.6,0.28,NO_COMMENT,2018-08-16 00:00:00,1.0,q1_q17_dr25_tce,005/005881/005881813/dv/kplr005881813-001-20160209194854_dvs.pdf,q1_q17_dr25_sup_koi,q1_q17_dr25_koi,2455023.673,0.00542,-0.00542,005/005881/005881813/dv/kplr005881813-20160209194854_dvr.pdf,0,0,0,0,7.95,3.28,-4.78,0.91161,2.56121,-0.19206,LS+MCMC,0.987,1
7134626,K07818.01,,296.40149,0.0,19h45m36.36s,42.651058,0.0,+42d39m03.8s,13.397,,13.026,,12.919,,12.902,,12.066,0.02,11.822,0.019,11.762,0.014,13.063,,cumulative,Done,11111111111111111000000000000000,CANDIDATE,CANDIDATE,1,536.0,3.882686,9.908729,0.9377,Claret (2011 A&A 529 75) ATLAS LS,0.0,0.0,0.3105,0.2893,Mandel and Agol (2002 ApJ 580 171),10.6,,,133.77012,0.00716,-0.00716,0.0,,,,,,1.53,0.28,-0.53,0.0393,,,0.232,0.221,-0.232,2.369,0.198,-0.198,,,,45.8,5.0,-5.0,2.52443998,2.092e-05,-2.092e-05,0.006278,0.000352,-0.000443,7.99,1.7,-1.7,88.33,,,2145.0,,,6461.0,176.0,-176.0,3.846,0.3,-0.1,-0.34,0.3,-0.25,2.225,0.41,-0.762,1.266,0.233,-0.21,,,,q1_q17_dr25_stellar,0.119,19.760116,1.5e-05,42.65119,0.00017,0.68,0.61,0.46,0.62,-3.6e-05,2.8e-05,-1.7e-05,2.9e-05,-0.34,0.47,0.01,0.23,0.34,0.47,-0.35,0.48,0.12,0.24,0.37,0.48,NO_COMMENT,2018-08-16 00:00:00,1.0,q1_q17_dr25_tce,007/007134/007134626/dv/kplr007134626-001-20160209194854_dvs.pdf,q1_q17_dr25_sup_koi,q1_q17_dr25_koi,2454966.77,0.00716,-0.00716,007/007134/007134626/dv/kplr007134626-20160209194854_dvr.pdf,0,0,0,0,4998.98,2807.79,-3063.75,1.51612,0.33013,-0.73725,LS+MCMC,0.999,1
11670125,K02355.01,Kepler-1206 b,295.93842,0.0,19h43m45.22s,49.791142,0.0,+49d47m28.1s,16.841,,15.897,,15.604,,15.388,,14.29,0.028,13.762,0.027,13.742,0.056,15.975,,cumulative,Done,01111111111111111000000000000000,CONFIRMED,CANDIDATE,1,1067.0,3.8816428,23.326597,0.5601,Claret (2011 A&A 529 75) ATLAS LS,0.0,0.0,0.1082,0.627,Mandel and Agol (2002 ApJ 580 171),26.5,,,132.03128,0.00193,-0.00193,0.0,,,,,,1.58,0.11,-0.15,0.0201,,,0.028,0.422,-0.028,1.3285,0.0701,-0.0701,,,,459.8,21.6,-21.6,1.217000383,2.865e-06,-2.865e-06,0.019082,0.000779,-0.000766,7.15,2.3,-2.3,89.77,,,1314.0,,,4859.0,145.0,-145.0,4.545,0.072,-0.039,-0.02,0.3,-0.3,0.757,0.053,-0.072,0.734,0.082,-0.054,,,,q1_q17_dr25_stellar,0.154,19.729248,1.3e-05,49.7911,0.00014,0.72,0.45,-0.16,0.51,-0.00021,0.00021,0.0002,0.00024,-0.21,0.19,-0.21,0.24,0.3,0.28,-0.21,0.19,-0.15,0.25,0.26,0.28,NO_COMMENT,2018-08-16 00:00:00,1.0,q1_q17_dr25_tce,011/011670/011670125/dv/kplr011670125-001-20160209194854_dvs.pdf,q1_q17_dr25_sup_koi,q1_q17_dr25_koi,2454965.031,0.00193,-0.00193,011/011670/011670125/dv/kplr011670125-20160209194854_dvr.pdf,0,0,0,0,707.61,203.68,-194.33,4.67568,3.03899,-1.69521,LS+MCMC,1.0,1
8505670,K00912.02,Kepler-252 b,295.57935,0.0,19h42m19.04s,44.545959,0.0,+44d32m45.5s,16.15,,14.989,,14.59,,14.388,,13.24,0.025,12.65,0.022,12.466,0.018,15.058,,cumulative,Done,11111111111111111000000000000000,CONFIRMED,CANDIDATE,2,192.0,4.588849,19.236187,0.8207,Claret (2011 A&A 529 75) ATLAS LS,0.0,0.0,0.101,0.6443,Mandel and Agol (2002 ApJ 580 171),14.2,,,137.43988,0.00405,-0.00405,0.0,,,,,,1.18,0.21,-0.22,0.0589,,,0.644,0.306,-0.445,1.915,0.132,-0.132,,,,362.3,30.1,-30.1,6.66833241,3.449e-05,-3.449e-05,0.018246,0.007087,-0.001443,21.0,10.2,-10.2,88.24,,,587.0,,,4201.0,676.0,-416.0,4.682,0.088,-0.072,-0.2,0.15,-0.1,0.591,0.109,-0.109,0.609,0.124,-0.101,,,,q1_q17_dr25_stellar,0.119,19.7053,1.2e-05,44.54579,0.00014,0.38,0.48,-0.62,0.52,-0.00019,0.00019,0.00019,0.00021,0.21,0.17,-0.08,0.16,0.23,0.17,0.12,0.17,-0.14,0.17,0.19,0.18,NO_COMMENT,2018-08-16 00:00:00,2.0,q1_q17_dr25_tce,008/008505/008505670/dv/kplr008505670-002-20160209194854_dvs.pdf,q1_q17_dr25_sup_koi,q1_q17_dr25_koi,2454970.44,0.00405,-0.00405,008/008505/008505670/dv/kplr008505670-20160209194854_dvr.pdf,0,0,0,0,28.06,43.45,-15.76,3.93143,5.71366,-0.37599,LS+MCMC,1.0,1
7287391,K03546.01,,293.46356,0.0,19h33m51.25s,42.88406,0.0,+42d53m02.6s,16.22,,15.264,,14.896,,,,13.007,0.023,12.342,0.021,12.194,0.021,15.295,,cumulative,Done,00011111111111111000000000000000,FALSE POSITIVE,FALSE POSITIVE,1,267.0,740.3565,5723.9014,0.1063,Claret (2011 A&A 529 75) ATLAS LS,0.0,0.0,0.1171,0.6215,Mandel and Agol (2002 ApJ 580 171),397.1,,,134.590777,0.000211,-0.000211,0.0,,,,,,25.8,2.1,-2.92,0.0432,,,0.544,0.011,-0.015,2.6422,0.0131,-0.0131,,,,173359.0,786.0,-786.0,4.286103033,1.011e-06,-1.011e-06,0.399778,0.002205,-0.003082,16.008,0.326,-0.326,88.05,,,686.0,,,4206.0,146.0,-161.0,4.663,0.054,-0.027,-0.28,0.3,-0.3,0.591,0.048,-0.067,0.587,0.063,-0.063,,,,q1_q17_dr25_stellar,0.0,19.564236214,4e-08,42.88410739,4.1e-07,-0.039,0.0016,0.1742,0.0015,-0.044,0.056,0.031,0.076,0.004,0.067,-0.008,0.067,0.01,0.067,0.013,0.068,0.162,0.068,0.162,0.068,MOD_SEC_DV---MOD_SEC_ALT---HAS_SEC_TCE,2018-08-16 00:00:00,1.0,q1_q17_dr25_tce,007/007287/007287391/dv/kplr007287391-001-20160209194854_dvs.pdf,q1_q17_dr25_sup_koi,q1_q17_dr25_koi,2454967.591,0.000211,-0.000211,007/007287/007287391/dv/kplr007287391-20160209194854_dvr.pdf,0,1,0,0,52.42,17.82,-17.17,4.22453,0.0859,-0.08952,LS+MCMC,0.0,0
7914906,K06047.01,,298.81647,0.0,19h55m15.95s,43.673321,0.0,+43d40m24.0s,12.137,,11.902,,11.874,,11.875,,11.131,0.027,10.982,0.029,10.925,0.022,11.961,,cumulative,Done,11111111111111111000000000000000,FALSE POSITIVE,FALSE POSITIVE,1,152.0,67.05615,505.18005,0.7624,Claret (2011 A&A 529 75) ATLAS LS,0.0,0.0,0.3376,0.2353,Mandel and Agol (2002 ApJ 580 171),326.1,,,138.724933,0.00026,-0.00026,0.0,,,,,,119.91,24.27,-48.48,0.1012,,,1.124,0.835,-0.183,3.4546,0.0183,-0.0183,,,,41770.0,155.0,-155.0,8.752913958,2.797e-06,-2.797e-06,0.418487,0.775332,-0.138366,16.78,4.6,-4.6,86.16,,,1635.0,,,7279.0,226.0,-327.0,3.856,0.315,-0.135,-0.04,0.2,-0.35,2.624,0.531,-1.061,1.8,0.177,-0.412,,,,q1_q17_dr25_stellar,0.0,19.921099739,3.6e-08,43.67331498,3.1e-07,0.0679,0.0014,-0.0181,0.0011,0.0,0.027,0.0,0.038,0.002,0.067,0.004,0.067,0.005,0.067,0.003,0.07,0.095,0.068,0.095,0.068,DEEP_V_SHAPED,2018-08-16 00:00:00,1.0,q1_q17_dr25_tce,007/007914/007914906/dv/kplr007914906-001-20160209194854_dvs.pdf,q1_q17_dr25_sup_koi,q1_q17_dr25_koi,2454971.725,0.00026,-0.00026,007/007914/007914906/dv/kplr007914906-20160209194854_dvr.pdf,0,1,0,0,1689.12,1070.49,-1190.46,1.1673,0.64376,-0.05305,LS+MCMC,0.0,0
9271752,K01406.01,Kepler-836 b,287.45279,0.0,19h09m48.67s,45.704399,0.0,+45d42m15.8s,15.026,,14.581,,14.46,,14.414,,13.539,0.026,13.244,0.025,13.15,0.028,14.63,,cumulative,Done,11111111111111111000000000000000,CONFIRMED,CANDIDATE,1,118.0,7.1512623,47.52569,0.3614,Claret (2011 A&A 529 75) ATLAS LS,0.0,0.0,0.3032,0.3147,Mandel and Agol (2002 ApJ 580 171),57.0,,,136.92584,0.0017,-0.0017,0.0,,,,,,2.6,0.86,-0.29,0.1013,,,0.734,0.01,-0.528,4.1886,0.0592,-0.0592,,,,569.5,11.3,-11.3,11.36113254,2.414e-05,-2.414e-05,0.023554,0.002479,-0.001558,14.82,6.6,-6.6,87.16,,,869.0,,,6244.0,175.0,-197.0,4.46,0.056,-0.224,-0.2,0.3,-0.3,1.009,0.335,-0.112,1.069,0.158,-0.144,,,,q1_q17_dr25_stellar,0.281,19.1635169,7.2e-06,45.704349,7.6e-05,-0.09,0.27,-0.19,0.27,0.0001,0.00015,0.00011,0.00016,0.011,0.096,0.07,0.12,0.07,0.12,0.092,0.098,0.12,0.13,0.15,0.12,NO_COMMENT,2018-08-16 00:00:00,1.0,q1_q17_dr25_tce,009/009271/009271752/dv/kplr009271752-001-20160209194854_dvs.pdf,q1_q17_dr25_sup_koi,q1_q17_dr25_koi,2454969.926,0.0017,-0.0017,009/009271/009271752/dv/kplr009271752-20160209194854_dvr.pdf,0,0,0,0,134.97,132.49,-41.14,0.47666,0.84668,-0.00244,LS+MCMC,1.0,1
7025526,K01380.01,,289.24817,0.0,19h16m59.56s,42.565559,0.0,+42d33m56.0s,12.526,,11.702,,11.414,,11.291,,10.212,0.021,9.69,0.017,9.604,0.014,11.748,,cumulative,Done,11111111111111111000000000000000,FALSE POSITIVE,FALSE POSITIVE,1,621.0,4.241189,16.241411,0.598,Claret (2011 A&A 529 75) ATLAS LS,0.0,0.0,0.1082,0.627,Mandel and Agol (2002 ApJ 580 171),48.5,,,133.84323,0.00136,-0.00136,0.0,,,,,,0.52,0.04,-0.01,0.0184,,,0.122,0.265,-0.121,1.9797,0.0519,-0.0519,,,,64.5,1.6,-1.6,1.074106954,1.82e-06,-1.82e-06,0.00709,0.000199,-0.000141,4.186,0.231,-0.231,88.34,,,1255.0,,,4699.0,75.0,-84.0,4.637,0.01,-0.045,0.02,0.15,-0.15,0.676,0.053,-0.021,0.756,0.03,-0.045,,,,q1_q17_dr25_stellar,,19.285657,1.4e-05,42.53938,0.00016,97.23,0.55,-94.25,0.56,-0.003584,2.1e-05,,,11.844,0.073,-12.244,0.094,17.035,0.085,12.382,0.07,-10.625,0.068,16.315,0.069,MOD_SEC_DV---MOD_SEC_ALT---CENT_RESOLVED_OFFSET---HALO_GHOST---EPHEM_MATCH,2018-08-16 00:00:00,1.0,q1_q17_dr25_tce,007/007025/007025526/dv/kplr007025526-001-20160209194854_dvs.pdf,q1_q17_dr25_sup_koi,q1_q17_dr25_koi,2454966.843,0.00136,-0.00136,007/007025/007025526/dv/kplr007025526-20160209194854_dvr.pdf,0,1,1,1,588.96,140.76,-74.51,1.20271,0.06624,-0.33578,LS+MCMC,0.0,0
11547513,K00295.02,Kepler-134 c,284.73904,0.0,18h58m57.37s,49.5984,0.0,+49d35m54.2s,12.717,,12.259,,12.155,,,,11.26,0.024,10.984,0.015,10.951,0.019,12.324,,cumulative,Done,11111110111011101000000000000000,CONFIRMED,CANDIDATE,2,102.0,4.166133,17.889442,0.1449,Claret (2011 A&A 529 75) ATLAS LS,0.0,0.0,0.2889,0.3511,Mandel and Agol (2002 ApJ 580 171),19.9,,,135.50958,0.0028,-0.0028,0.0,,,,,,1.28,0.2,-0.14,0.0905,,,0.828,0.0,-0.592,2.0138,0.0895,-0.0895,,,,116.8,6.5,-6.5,10.10575764,3.523e-05,-3.523e-05,0.011144,0.001522,-0.00132,22.25,10.0,-10.0,87.87,,,892.0,,,5923.0,107.0,-131.0,4.377,0.099,-0.121,-0.14,0.15,-0.15,1.054,0.164,-0.12,0.966,0.067,-0.067,,,,q1_q17_dr25_stellar,0.017,18.98258,1.6e-05,49.59864,0.00017,-0.79,0.55,0.88,0.61,0.000106,6.6e-05,-8.2e-05,7.3e-05,-0.34,0.3,-0.81,0.33,0.88,0.32,-0.24,0.29,-0.67,0.33,0.72,0.32,NO_COMMENT,2018-08-16 00:00:00,2.0,q1_q17_dr25_tce,011/011547/011547513/dv/kplr011547513-002-20160209194854_dvs.pdf,q1_q17_dr25_sup_koi,q1_q17_dr25_koi,2454968.51,0.0028,-0.0028,011/011547/011547513/dv/kplr011547513-20160209194854_dvr.pdf,0,0,0,0,149.4,64.93,-42.12,2.03998,8.22865,-1.60987,LS+MCMC,0.958,1
10454313,K00532.01,Kepler-588 b,284.2572,0.0,18h57m01.73s,47.68895,0.0,+47d41m20.2s,15.125,,14.648,,14.529,,14.483,,13.58,0.022,13.277,0.025,13.187,0.038,14.708,,cumulative,Done,11111111111111111000000000000000,CONFIRMED,CANDIDATE,1,317.0,6.6115994,69.103584,0.2022,Claret (2011 A&A 529 75) ATLAS LS,0.0,0.0,0.2889,0.3511,Mandel and Agol (2002 ApJ 580 171),83.7,,,173.699895,0.000919,-0.000919,0.0,,,,,,2.87,0.96,-0.32,0.052,,,0.847,0.004,-0.616,3.0619,0.0416,-0.0416,,,,658.0,9.0,-9.0,4.221626193,5.023e-06,-5.023e-06,0.02667,0.000138,-0.002798,6.18,3.1,-3.1,82.12,,,1176.0,,,6123.0,171.0,-192.0,4.472,0.052,-0.221,-0.14,0.25,-0.35,0.987,0.329,-0.11,1.053,0.15,-0.137,,,,q1_q17_dr25_stellar,0.095,18.9504828,4.8e-06,47.689005,4.6e-05,0.07,0.17,0.2,0.17,-5e-05,0.00011,-0.00012,0.00011,0.228,0.095,-0.091,0.088,0.245,0.094,0.214,0.095,-0.074,0.086,0.227,0.094,NO_COMMENT,2018-08-16 00:00:00,1.0,q1_q17_dr25_tce,010/010454/010454313/dv/kplr010454313-001-20160209194854_dvs.pdf,q1_q17_dr25_sup_koi,q1_q17_dr25_koi,2455006.7,0.000919,-0.000919,010/010454/010454313/dv/kplr010454313-20160209194854_dvr.pdf,0,0,0,0,453.2,446.34,-138.2,0.25047,0.99829,-0.00552,LS+MCMC,1.0,1
10935993,K03367.01,,298.19162,0.0,19h52m45.99s,48.396259,0.0,+48d23m46.5s,15.503,,15.015,,14.865,,14.783,,13.881,0.038,13.541,0.045,13.524,0.052,15.056,,cumulative,Done,11111101110111011000000000000000,CANDIDATE,CANDIDATE,1,44.0,3.6960511,9.163354,0.4531,Claret (2011 A&A 529 75) ATLAS LS,0.0,0.0,0.3058,0.3071,Mandel and Agol (2002 ApJ 580 171),10.6,,,151.8667,0.00775,-0.00775,0.0,,,,,,1.88,0.6,-0.2,0.1693,,,0.265,0.207,-0.265,2.619,0.264,-0.264,,,,372.9,40.7,-40.7,25.3736543,0.0002614,-0.0002614,0.017854,0.000882,-0.001457,72.7,32.2,-32.2,89.79,,,653.0,,,6195.0,169.0,-225.0,4.47,0.067,-0.216,-0.3,0.3,-0.3,0.966,0.305,-0.102,0.998,0.147,-0.12,,,,q1_q17_dr25_stellar,0.767,19.879417,3e-05,48.39608,0.00031,-0.9,1.1,-0.7,1.1,0.00021,0.00042,-9e-05,0.00044,-0.23,0.44,0.98,0.54,1.01,0.53,-0.48,0.44,0.3,0.54,0.56,0.47,CENT_KIC_POS,2018-08-16 00:00:00,1.0,q1_q17_dr25_tce,010/010935/010935993/dv/kplr010935993-001-20160209194854_dvs.pdf,q1_q17_dr25_sup_koi,q1_q17_dr25_koi,2454984.867,0.00775,-0.00775,010/010935/010935993/dv/kplr010935993-20160209194854_dvr.pdf,0,0,0,0,42.92,39.82,-13.31,11.30462,34.99108,-4.79215,LS+MCMC,0.999,1
4073017,K07681.01,,295.47382,0.0,19h41m53.72s,39.124561,0.0,+39d07m28.4s,15.408,,14.68,,14.5,,14.352,,13.459,0.026,13.032,0.029,12.946,0.031,14.772,,cumulative,Done,11111011101110111000000000000000,CANDIDATE,CANDIDATE,1,177.0,2.9427624,7.941939,0.158,Claret (2011 A&A 529 75) ATLAS LS,0.0,0.0,0.1914,0.5167,Mandel and Agol (2002 ApJ 580 171),9.8,,,131.59851,0.00911,-0.00911,0.0,,,,,,0.92,0.17,-0.07,0.063,,,0.19,0.269,-0.19,2.818,0.238,-0.238,,,,134.6,16.5,-16.5,6.05552018,6.367e-05,-6.367e-05,0.010451,0.000886,-0.000673,16.3,7.0,-7.0,89.33,,,844.0,,,5352.0,159.0,-159.0,4.585,0.024,-0.128,0.07,0.3,-0.3,0.805,0.149,-0.064,0.919,0.058,-0.102,,,,q1_q17_dr25_stellar,0.005,19.698274,3.1e-05,39.12509,0.00038,0.8,1.3,1.9,1.4,-6e-05,0.00019,-0.00035,0.0002,-0.04,0.44,0.4,1.2,0.4,1.2,0.21,0.41,0.4,1.2,0.5,1.2,NO_COMMENT,2018-08-16 00:00:00,1.0,q1_q17_dr25_tce,004/004073/004073017/dv/kplr004073017-001-20160209194854_dvs.pdf,q1_q17_dr25_sup_koi,q1_q17_dr25_koi,2454964.599,0.00911,-0.00911,004/004073/004073017/dv/kplr004073017-20160209194854_dvr.pdf,0,0,0,0,119.89,69.41,-29.85,2.23603,0.96538,-1.041,LS+MCMC,1.0,1
10933561,K00291.01,Kepler-133 c,297.27798,0.0,19h49m06.72s,48.320332,0.0,+48d19m13.2s,13.328,,12.789,,12.642,,12.578,,11.68,0.022,11.399,0.017,11.32,0.016,12.848,,cumulative,Done,11111101110111011000000000000000,CONFIRMED,CANDIDATE,2,34.0,10.422963,46.380043,0.161,Claret (2011 A&A 529 75) ATLAS LS,0.0,0.0,0.2286,0.4641,Mandel and Agol (2002 ApJ 580 171),63.2,,,185.1533,0.00223,-0.00223,0.0,,,,,,2.72,0.41,-0.61,0.1951,,,0.561,0.02,-0.455,7.634,0.0784,-0.0784,,,,357.6,6.1,-6.1,31.51779463,9.375e-05,-9.375e-05,0.017813,0.001953,-0.000659,26.79,7.6,-7.6,88.8,,,663.0,,,5611.0,114.0,-91.0,4.144,0.195,-0.105,0.16,0.15,-0.15,1.4,0.211,-0.316,0.995,0.087,-0.072,,,,q1_q17_dr25_stellar,0.03,19.8185452,7.2e-06,48.320433,7.3e-05,0.48,0.26,0.37,0.26,-0.000187,9.1e-05,-5.7e-05,9.3e-05,0.6,0.27,0.1,0.27,0.6,0.28,0.44,0.27,0.23,0.26,0.5,0.31,NO_COMMENT,2018-08-16 00:00:00,1.0,q1_q17_dr25_tce,010/010933/010933561/dv/kplr010933561-001-20160209194854_dvs.pdf,q1_q17_dr25_sup_koi,q1_q17_dr25_koi,2455018.153,0.00223,-0.00223,010/010933/010933561/dv/kplr010933561-20160209194854_dvr.pdf,0,0,0,0,45.68,19.87,-20.03,0.36609,0.20642,-0.28129,LS+MCMC,0.995,1
6948054,K00869.04,Kepler-245 e,291.63898,0.0,19h26m33.36s,42.436321,0.0,+42d26m10.8s,16.312,,15.541,,15.293,,15.162,,14.121,0.028,13.688,0.033,13.639,0.053,15.599,,cumulative,Done,11111111111111111000000000000000,CONFIRMED,CANDIDATE,4,391.0,3.4647944,19.364616,0.9338,Claret (2011 A&A 529 75) ATLAS LS,0.0,0.0,0.153,0.5684,Mandel and Agol (2002 ApJ 580 171),30.5,,,133.00406,0.00134,-0.00134,0.0,,,,,,1.69,0.11,-0.08,0.04,,,0.06,0.4,-0.06,2.0642,0.0392,-0.0392,,,,488.2,17.6,-17.6,3.219814777,5.531e-06,-5.531e-06,0.019702,0.000934,-0.000356,12.14,1.1,-1.1,89.72,,,998.0,,,5103.0,101.0,-101.0,4.562,0.032,-0.052,0.04,0.15,-0.15,0.787,0.051,-0.039,0.823,0.041,-0.047,,,,q1_q17_dr25_stellar,0.947,19.442601,1.5e-05,42.43641,0.00015,0.12,0.58,0.32,0.54,-4e-05,0.0002,-1e-05,0.00019,-0.14,0.29,-0.41,0.25,0.43,0.21,-0.1,0.3,-0.27,0.24,0.29,0.21,NO_COMMENT,2018-08-16 00:00:00,3.0,q1_q17_dr25_tce,006/006948/006948054/dv/kplr006948054-003-20160209194854_dvs.pdf,q1_q17_dr25_sup_koi,q1_q17_dr25_koi,2454966.004,0.00134,-0.00134,006/006948/006948054/dv/kplr006948054-20160209194854_dvr.pdf,0,0,0,0,234.93,53.16,-39.02,3.26825,0.28946,-1.03478,LS+MCMC,1.0,1
4478168,K00626.02,,295.19339,0.0,19h40m46.41s,39.539669,0.0,+39d32m22.8s,13.843,,13.447,,13.339,,13.289,,12.514,0.022,12.195,0.022,12.205,0.021,13.49,,cumulative,Done,11111011101110111000000000000000,CANDIDATE,CANDIDATE,2,135.0,3.9179962,9.928506,0.7099,Claret (2011 A&A 529 75) ATLAS LS,0.0,0.0,0.2889,0.3511,Mandel and Agol (2002 ApJ 580 171),11.7,,,132.8283,0.00827,-0.00827,0.0,,,,,,0.99,0.16,-0.16,0.0788,,,0.51,0.455,-0.316,3.462,0.322,-0.322,,,,65.6,6.9,-6.9,8.0292018,8.295e-05,-8.295e-05,0.007627,0.000423,-0.000489,15.42,6.1,-6.1,88.1,,,1040.0,,,6063.0,121.0,-133.0,4.29,0.137,-0.112,-0.14,0.15,-0.15,1.191,0.189,-0.189,1.009,0.082,-0.067,,,,q1_q17_dr25_stellar,,19.679612,3.5e-05,39.53977,0.00041,2.2,1.4,0.4,1.5,,,-1.2e-05,9.5e-05,-0.09,0.74,-0.8,0.76,0.81,0.8,-0.16,0.63,-0.64,0.73,0.66,0.79,NO_COMMENT,2018-08-16 00:00:00,2.0,q1_q17_dr25_tce,004/004478/004478168/dv/kplr004478168-002-20160209194854_dvs.pdf,q1_q17_dr25_sup_koi,q1_q17_dr25_koi,2454965.828,0.00827,-0.00827,004/004478/004478168/dv/kplr004478168-20160209194854_dvr.pdf,0,0,0,0,276.27,125.14,-97.33,1.07496,1.27795,-0.20974,LS+MCMC,0.994,1
1995519,K02634.01,Kepler-1299 b,286.15015,0.0,19h04m36.04s,37.411369,0.0,+37d24m40.9s,16.467,,15.878,,15.689,,15.587,,14.644,0.032,14.284,0.037,14.191,0.053,15.922,,cumulative,Done,11111111111111111000000000000000,CONFIRMED,CANDIDATE,1,67.0,4.2165155,15.501348,0.0959,Claret (2011 A&A 529 75) ATLAS LS,0.0,0.0,0.2665,0.398,Mandel and Agol (2002 ApJ 580 171),18.0,,,142.34849,0.0053,-0.0053,0.0,,,,,,2.42,0.47,-0.2,0.1357,,,0.862,0.083,-0.621,4.283,0.188,-0.188,,,,758.9,47.1,-47.1,19.9401211,0.0001344,-0.0001344,0.029059,0.003888,-0.004141,20.0,9.6,-9.6,87.53,,,588.0,,,5623.0,152.0,-169.0,4.596,0.04,-0.12,-0.4,0.3,-0.3,0.763,0.147,-0.063,0.853,0.08,-0.097,,,,q1_q17_dr25_stellar,0.664,19.076664,2e-05,37.41117,0.00024,-0.55,0.87,-0.72,0.86,-0.00019,0.00066,-0.00029,0.00065,-1.05,0.56,0.11,0.66,1.06,0.61,-1.19,0.59,0.09,0.68,1.19,0.63,NO_COMMENT,2018-08-16 00:00:00,1.0,q1_q17_dr25_tce,001/001995/001995519/dv/kplr001995519-001-20160209194854_dvs.pdf,q1_q17_dr25_sup_koi,q1_q17_dr25_koi,2454975.348,0.0053,-0.0053,001/001995/001995519/dv/kplr001995519-20160209194854_dvr.pdf,0,0,0,0,28.29,16.48,-7.22,0.3806,2.18895,-0.26733,LS+MCMC,0.952,1
8039892,K00903.01,Kepler-719 b,295.53613,0.0,19h42m08.67s,43.884449,0.0,+43d53m04.0s,16.341,,15.777,,15.586,,15.516,,14.572,0.032,14.207,0.039,14.126,0.065,15.813,,cumulative,Done,11111111111111111000000000000000,CONFIRMED,CANDIDATE,1,271.0,42.768375,435.91187,0.1863,Claret (2011 A&A 529 75) ATLAS LS,0.0,0.0,0.2787,0.3728,Mandel and Agol (2002 ApJ 580 171),431.4,,,173.433997,0.000219,-0.000219,0.0,,,,,,6.96,1.75,-0.62,0.0556,,,0.344,0.076,-0.181,4.2362,0.0248,-0.0248,,,,6932.3,19.7,-19.7,5.007316661,1.389e-06,-1.389e-06,0.077106,0.001757,-0.00061,9.24,1.8,-1.8,87.87,,,998.0,,,5865.0,146.0,-190.0,4.563,0.042,-0.168,-0.34,0.3,-0.3,0.827,0.208,-0.074,0.914,0.099,-0.109,,,,q1_q17_dr25_stellar,0.0,19.7024098,1.2e-06,43.884446,1.2e-05,0.018,0.048,-0.014,0.043,0.00497,0.00045,0.0019,0.00051,-0.344,0.07,0.06,0.071,0.349,0.07,-0.133,0.068,-0.056,0.069,0.144,0.069,NO_COMMENT,2018-08-16 00:00:00,1.0,q1_q17_dr25_tce,008/008039/008039892/dv/kplr008039892-001-20160209194854_dvs.pdf,q1_q17_dr25_sup_koi,q1_q17_dr25_koi,2455006.434,0.000219,-0.000219,008/008039/008039892/dv/kplr008039892-20160209194854_dvr.pdf,0,0,0,0,234.28,170.6,-64.02,0.59565,0.11486,-0.01675,LS+MCMC,1.0,1
8611832,K02414.01,Kepler-384 b,286.02612,0.0,19h04m06.27s,44.782871,0.0,+44d46m58.3s,14.036,,13.54,,13.39,,13.324,,12.419,0.02,12.082,0.022,12.038,0.018,13.584,,cumulative,Done,11111111111111111000000000000000,CONFIRMED,CANDIDATE,2,60.0,6.117268,17.997093,0.99,Claret (2011 A&A 529 75) ATLAS LS,0.0,0.0,0.2327,0.4526,Mandel and Agol (2002 ApJ 580 171),22.2,,,140.42654,0.00809,-0.00809,0.0,,,,,,1.3,0.21,-0.2,0.1505,,,0.062,0.38,-0.062,6.179,0.182,-0.182,,,,142.9,7.1,-7.1,22.5968256,0.0002242,-0.0002242,0.010811,0.000493,-0.000277,28.19,1.5,-1.5,89.87,,,670.0,,,5610.0,112.0,-101.0,4.301,0.168,-0.112,-0.04,0.15,-0.15,1.104,0.176,-0.176,0.889,0.072,-0.044,,,,q1_q17_dr25_stellar,0.014,19.068416,1.6e-05,44.78261,0.00019,0.34,0.62,-0.93,0.67,-4.2e-05,8.6e-05,0.000135,9.2e-05,0.23,0.31,-0.38,0.4,0.45,0.43,0.27,0.32,-0.35,0.46,0.45,0.47,NO_COMMENT,2018-08-16 00:00:00,1.0,q1_q17_dr25_tce,008/008611/008611832/dv/kplr008611832-001-20160209194854_dvs.pdf,q1_q17_dr25_sup_koi,q1_q17_dr25_koi,2454973.427,0.00809,-0.00809,008/008611/008611832/dv/kplr008611832-20160209194854_dvr.pdf,0,0,0,0,47.7,21.7,-16.36,0.8302,0.04411,-0.32221,LS+MCMC,0.972,1
9886224,K03614.01,,289.8569,0.0,19h19m25.66s,46.789928,0.0,+46d47m23.7s,17.23,,16.271,,15.941,,15.735,,14.598,0.029,14.087,0.042,13.796,0.045,16.328,,cumulative,Done,00000000011111111000000000000000,FALSE POSITIVE,FALSE POSITIVE,1,207.0,253.59456,2288.0679,0.7505,Claret (2011 A&A 529 75) ATLAS LS,0.0,0.0,0.1507,0.5775,Mandel and Agol (2002 ApJ 580 171),296.8,,,131.893219,0.000626,-0.000626,0.0,,,,,,60.35,36.23,-36.24,0.0398,,,0.001,0.147,-0.001,2.5258,0.0126,-0.0126,,,,113705.0,461.0,-461.0,2.992662857,1.657e-06,-1.657e-06,0.300827,0.001641,-0.000612,11.798,0.109,-0.109,90.0,,,1476.0,,,4927.0,190.0,-155.0,3.883,0.728,-0.312,0.16,0.25,-0.25,1.837,1.103,-1.103,0.94,0.219,-0.164,,,,q1_q17_dr25_stellar,,19.32379783,1.6e-07,46.7899206,1.4e-06,0.1897,0.0059,-0.034,0.0049,,,,,-0.022,0.071,0.063,0.078,0.067,0.08,0.033,0.069,0.038,0.069,0.05,0.069,MOD_SEC_DV---MOD_SEC_ALT---HAS_SEC_TCE,2018-08-16 00:00:00,1.0,q1_q17_dr25_tce,009/009886/009886224/dv/kplr009886224-001-20160209194854_dvs.pdf,q1_q17_dr25_sup_koi,q1_q17_dr25_koi,2454964.893,0.000626,-0.000626,009/009886/009886224/dv/kplr009886224-20160209194854_dvr.pdf,0,1,0,0,1123.54,2224.56,-965.69,3.46895,0.03204,-0.13553,LS+MCMC,0.012,0
10963242,K01312.01,Kepler-814 b,284.91049,0.0,18h59m38.52s,48.431641,0.0,+48d25m53.9s,15.055,,14.66,,14.557,,14.542,,13.713,0.027,13.415,0.028,13.418,0.049,14.706,,cumulative,Done,11111110111011101000000000000000,CONFIRMED,CANDIDATE,2,177.0,3.8294797,22.47045,0.1197,Claret (2011 A&A 529 75) ATLAS LS,0.0,0.0,0.2826,0.3729,Mandel and Agol (2002 ApJ 580 171),25.8,,,135.07385,0.0033,-0.0033,0.0,,,,,,2.04,0.34,-0.27,0.0695,,,0.083,0.371,-0.083,3.3153,0.0999,-0.0999,,,,249.6,11.0,-11.0,6.1469956,2.368e-05,-2.368e-05,0.014447,0.0006,-0.00032,14.33,1.2,-1.2,89.67,,,1164.0,,,6110.0,79.0,-85.0,4.285,0.099,-0.121,0.16,0.15,-0.15,1.296,0.215,-0.176,1.185,0.074,-0.098,,,,q1_q17_dr25_stellar,0.391,18.994015,1.8e-05,48.43161,0.00018,-0.61,0.66,-0.1,0.63,0.00017,0.00016,3e-05,0.00016,0.04,0.13,0.1,0.32,0.11,0.29,0.24,0.15,0.01,0.15,0.25,0.15,NO_COMMENT,2018-08-16 00:00:00,1.0,q1_q17_dr25_tce,010/010963/010963242/dv/kplr010963242-001-20160209194854_dvs.pdf,q1_q17_dr25_sup_koi,q1_q17_dr25_koi,2454968.074,0.0033,-0.0033,010/010963/010963242/dv/kplr010963242-20160209194854_dvr.pdf,0,0,0,0,433.72,186.93,-127.45,1.47416,0.12726,-0.51467,LS+MCMC,1.0,1
5184584,K01564.01,Kepler-891 b,291.0838,0.0,19h24m20.11s,40.355251,0.0,+40d21m18.9s,15.794,,15.222,,15.07,,15.033,,14.18,0.029,13.84,0.036,13.85,0.046,15.287,,cumulative,Done,11111111111111111000000000000000,CONFIRMED,CANDIDATE,1,24.0,30.049507,110.02427,0.1809,Claret (2011 A&A 529 75) ATLAS LS,0.0,0.0,0.2826,0.3729,Mandel and Agol (2002 ApJ 580 171),119.5,,,149.20185,0.00103,-0.00103,0.0,,,,,,5.82,1.49,-0.5,0.2881,,,0.092,0.27,-0.092,5.3091,0.0439,-0.0439,,,,3437.0,33.2,-33.2,53.44944498,6.701e-05,-6.701e-05,0.053288,0.000873,-0.000421,80.697,0.149,-0.149,89.93,,,486.0,,,5919.0,162.0,-203.0,4.485,0.044,-0.187,0.21,0.2,-0.3,1.0,0.257,-0.086,1.114,0.1,-0.137,,,,q1_q17_dr25_stellar,0.0,19.4055886,2.9e-06,40.355198,2.9e-05,0.1,0.12,-0.19,0.1,0.00151,0.00052,0.00046,0.00055,-0.123,0.081,0.001,0.081,0.123,0.081,-0.037,0.079,-0.022,0.084,0.043,0.085,NO_COMMENT,2018-08-16 00:00:00,1.0,q1_q17_dr25_tce,005/005184/005184584/dv/kplr005184584-001-20160209194854_dvs.pdf,q1_q17_dr25_sup_koi,q1_q17_dr25_koi,2454982.202,0.00103,-0.00103,005/005184/005184584/dv/kplr005184584-20160209194854_dvr.pdf,0,0,0,0,13.23,10.07,-3.61,3.47971,0.00643,-1.00916,LS+MCMC,0.989,1
8609450,K01278.05,,284.67728,0.0,18h58m42.55s,44.79768,0.0,+44d47m51.6s,15.632,,15.164,,15.02,,14.971,,14.08,0.028,13.718,0.027,13.65,0.046,15.204,,cumulative,Done,11111111111111111000000000000000,FALSE POSITIVE,FALSE POSITIVE,5,7.0,4.037198,7.603865,0.0478,Claret (2011 A&A 529 75) ATLAS LS,0.0,0.0,0.2521,0.421,Mandel and Agol (2002 ApJ 580 171),7.0,,,208.4914,0.0345,-0.0345,0.0,,,,,,1.35,0.14,-0.13,0.626,,,0.336,0.127,-0.336,9.81,1.0,-1.0,,,,238.9,37.3,-37.3,203.250506,0.008664,-0.008664,0.014194,0.003854,-0.002269,151.5,72.7,-72.7,89.87,,,292.0,,,5600.0,112.0,-100.0,4.455,0.102,-0.077,-0.36,0.15,-0.15,0.872,0.088,-0.088,0.793,0.064,-0.035,,,,q1_q17_dr25_stellar,0.184,18.978547,4.8e-05,44.79749,0.00053,2.4,1.8,-0.7,1.9,-0.00079,0.0006,0.0002,0.00063,0.29,0.76,-0.23,0.46,0.38,0.69,0.22,0.99,-0.28,0.3,0.35,0.66,INDIV_TRANS_MARSHALL---MOD_NONUNIQ_ALT,2018-08-16 00:00:00,5.0,q1_q17_dr25_tce,008/008609/008609450/dv/kplr008609450-005-20160209194854_dvs.pdf,q1_q17_dr25_sup_koi,q1_q17_dr25_koi,2455041.491,0.0345,-0.0345,008/008609/008609450/dv/kplr008609450-20160209194854_dvr.pdf,1,0,0,0,1.71,0.53,-0.43,1.5917,7.63752,-1.41833,LS+MCMC,0.174,0
11614617,K01990.01,Kepler-1041 b,293.88177,0.0,19h35m31.62s,49.683151,0.0,+49d40m59.3s,14.896,,14.427,,14.315,,14.256,,13.405,0.022,13.096,0.027,13.034,0.033,14.49,,cumulative,Done,11111111111111111000000000000000,CONFIRMED,CANDIDATE,1,55.0,7.0413713,31.792923,0.2426,Claret (2011 A&A 529 75) ATLAS LS,0.0,0.0,0.2916,0.3447,Mandel and Agol (2002 ApJ 580 171),37.6,,,142.06826,0.0036,-0.0036,0.0,,,,,,2.44,0.71,-0.24,0.1688,,,0.896,0.025,-0.619,6.998,0.13,-0.13,,,,458.7,13.8,-13.8,24.7577652,0.0001215,-0.0001215,0.023093,0.000596,-0.003408,13.4,6.3,-6.3,86.17,,,644.0,,,6106.0,163.0,-199.0,4.487,0.048,-0.192,-0.16,0.3,-0.3,0.966,0.285,-0.095,1.043,0.141,-0.128,,,,q1_q17_dr25_stellar,0.548,19.592105,1.1e-05,49.68314,0.00014,-0.45,0.4,-0.02,0.49,0.00017,0.00018,0.0,0.00022,0.16,0.14,0.04,0.2,0.17,0.16,0.09,0.14,0.05,0.19,0.1,0.18,NO_COMMENT,2018-08-16 00:00:00,1.0,q1_q17_dr25_tce,011/011614/011614617/dv/kplr011614617-001-20160209194854_dvs.pdf,q1_q17_dr25_sup_koi,q1_q17_dr25_koi,2454975.068,0.0036,-0.0036,011/011614/011614617/dv/kplr011614617-20160209194854_dvr.pdf,0,0,0,0,40.74,35.18,-11.73,0.07423,0.55974,-0.02165,LS+MCMC,1.0,1
5266937,K06547.01,,289.34967,0.0,19h17m23.92s,40.497189,0.0,+40d29m49.9s,14.901,,14.307,,14.117,,13.963,,13.296,0.021,12.75,0.024,12.561,0.025,14.352,,cumulative,Done,11111111111111111000000000000000,FALSE POSITIVE,FALSE POSITIVE,1,0.0,1269.5857,3825.1863,-1.0,Claret (2011 A&A 529 75) ATLAS LS,0.0,0.0,0.2711,0.3858,Mandel and Agol (2002 ApJ 580 171),1331.5,,,132.900327,0.000352,-0.000352,0.0,,,,,,75.86,20.67,-12.07,0.0609,,,0.095,0.012,-0.014,23.7545,0.0307,-0.0307,,,,563292.0,618.0,-618.0,5.917085496,2.518e-06,-2.518e-06,0.703816,0.000715,-0.000796,3.3927,0.0113,-0.0113,88.4,,,1005.0,,,5661.0,152.0,-152.0,4.383,0.149,-0.182,-0.18,0.3,-0.3,0.987,0.269,-0.157,0.859,0.125,-0.073,,,,q1_q17_dr25_stellar,,19.289978488,7e-09,40.49722545,9e-08,0.02005,0.0003,0.12761,0.00031,,,,,0.012,0.068,0.021,0.067,0.025,0.067,0.038,0.069,0.144,0.07,0.149,0.07,SWEET_EB---MOD_SEC_ALT---MOD_ODDEVEN_ALT---CENT_NOFITS,2018-08-16 00:00:00,1.0,q1_q17_dr25_tce,005/005266/005266937/dv/kplr005266937-001-20160209194854_dvs.pdf,q1_q17_dr25_sup_koi,q1_q17_dr25_koi,2454965.9,0.000352,-0.000352,005/005266/005266937/dv/kplr005266937-20160209194854_dvr.pdf,0,1,0,0,241.42,193.24,-88.3,0.0211,7e-05,-8e-05,LS+MCMC,0.0,0
11134879,K00480.01,Kepler-570 b,290.43759,0.0,19h21m45.02s,48.791882,0.0,+48d47m30.8s,14.927,,14.286,,14.077,,14.023,,13.07,0.026,12.719,0.029,12.605,0.032,14.332,,cumulative,Done,11111111111111111000000000000000,CONFIRMED,CANDIDATE,1,314.0,8.439959,83.365845,0.4329,Claret (2011 A&A 529 75) ATLAS LS,0.0,0.0,0.2327,0.4526,Mandel and Agol (2002 ApJ 580 171),88.3,,,172.311001,0.000678,-0.000678,0.0,,,,,,2.42,0.55,-0.24,0.0497,,,0.547,0.371,-0.337,2.1055,0.0295,-0.0295,,,,739.4,9.8,-9.8,4.30165843,3.67e-06,-3.67e-06,0.025589,0.004696,-0.000878,13.56,3.8,-3.8,87.69,,,1009.0,,,5480.0,164.0,-147.0,4.509,0.063,-0.147,-0.04,0.3,-0.3,0.865,0.198,-0.085,0.881,0.091,-0.082,,,,q1_q17_dr25_stellar,0.833,19.3625062,3.6e-06,48.791864,3.1e-05,0.01,0.13,-0.06,0.11,1e-06,9.6e-05,-2.8e-05,8.6e-05,0.047,0.084,0.074,0.08,0.088,0.081,0.038,0.089,0.089,0.081,0.097,0.082,NO_COMMENT,2018-08-16 00:00:00,1.0,q1_q17_dr25_tce,011/011134/011134879/dv/kplr011134879-001-20160209194854_dvs.pdf,q1_q17_dr25_sup_koi,q1_q17_dr25_koi,2455005.311,0.000678,-0.000678,011/011134/011134879/dv/kplr011134879-20160209194854_dvr.pdf,0,0,0,0,244.48,170.96,-66.17,2.54886,1.4113,-1.86501,LS+MCMC,1.0,1
6531485,K06726.01,,294.58789,0.0,19h38m21.09s,41.914261,0.0,+41d54m51.3s,16.095,,15.521,,15.321,,15.24,,14.312,0.027,13.865,0.031,13.797,0.049,15.553,,cumulative,Done,11111111111111111000000000000000,FALSE POSITIVE,FALSE POSITIVE,1,1970.0,51.007984,1043.6171,-1.0,Claret (2011 A&A 529 75) ATLAS LS,0.0,0.0,0.2787,0.3728,Mandel and Agol (2002 ApJ 580 171),997.0,,,131.8017098,4.64e-05,-4.64e-05,0.0,,,,,,37.5,9.79,-3.26,0.0146,,,1.223,0.043,-0.044,1.69459,0.00303,-0.00303,,,,20505.9,8.7,-8.7,0.676990194,3.7e-08,-3.7e-08,0.420848,0.040094,-0.037161,2.558,0.262,-0.262,61.44,,,1919.0,,,5813.0,157.0,-174.0,4.568,0.044,-0.176,-0.34,0.3,-0.3,0.816,0.213,-0.071,0.903,0.09,-0.111,,,,q1_q17_dr25_stellar,0.0,19.63919679,1.8e-07,41.9142522,1.9e-06,0.1401,0.0071,-0.0279,0.007,0.001,0.0014,-0.0012,0.0019,-0.05,0.068,-0.015,0.069,0.052,0.069,0.074,0.072,0.015,0.068,0.076,0.073,MOD_SEC_DV---MOD_SEC_ALT---DEEP_V_SHAPED,2018-08-16 00:00:00,1.0,q1_q17_dr25_tce,006/006531/006531485/dv/kplr006531485-001-20160209194854_dvs.pdf,q1_q17_dr25_sup_koi,q1_q17_dr25_koi,2454964.802,4.64e-05,-4.64e-05,006/006531/006531485/dv/kplr006531485-20160209194854_dvr.pdf,0,1,0,0,3192.15,2455.01,-835.89,0.69114,0.07074,-0.02995,LS+MCMC,0.0,0
5024177,K04286.01,,295.2811,0.0,19h41m07.46s,40.132858,0.0,+40d07m58.3s,15.405,,14.936,,14.775,,14.696,,13.77,0.028,13.566,0.034,13.5,0.045,14.964,,cumulative,Done,11111011101110111000000000000000,FALSE POSITIVE,FALSE POSITIVE,1,1365.0,3.9045677,12.351057,0.9761,Claret (2011 A&A 529 75) ATLAS LS,0.0,0.0,0.3102,0.286,Mandel and Agol (2002 ApJ 580 171),43.3,,,131.73939,0.0019,-0.0019,0.0,,,,,,23.81,2.81,-3.12,0.0147,,,1.263,0.668,-0.034,3.1648,0.0946,-0.0946,,,,265.5,7.3,-7.3,0.787120016,1.791e-06,-1.791e-06,0.276999,0.688294,-0.039363,1.318,0.535,-0.535,16.66,,,1972.0,,,6112.0,201.0,-201.0,4.481,0.15,-0.1,-1.98,0.25,-0.05,0.787,0.093,-0.103,0.684,0.069,-0.017,,,,q1_q17_dr25_stellar,0.0,19.685135,2.7e-05,40.12843,0.00029,-11.2,1.1,-15.9,1.0,0.000882,7.9e-05,0.001144,7.5e-05,-3.23,0.25,-6.11,0.64,6.91,0.57,-3.17,0.24,-6.11,0.57,6.88,0.52,MOD_SEC_DV---MOD_SEC_ALT---HAS_SEC_TCE---CENT_RESOLVED_OFFSET---EPHEM_MATCH,2018-08-16 00:00:00,1.0,q1_q17_dr25_tce,005/005024/005024177/dv/kplr005024177-001-20160209194854_dvs.pdf,q1_q17_dr25_sup_koi,q1_q17_dr25_koi,2454964.739,0.0019,-0.0019,005/005024/005024177/dv/kplr005024177-20160209194854_dvr.pdf,0,1,1,1,3579.78,1514.49,-1214.25,0.06993,0.1419,-0.02542,LS+MCMC,0.0,0
7174617,K06156.01,,281.59381,0.0,18h46m22.51s,42.710011,0.0,+42d42m36.0s,14.48,,13.799,,13.537,,13.381,,12.342,0.023,11.868,0.02,11.76,0.018,13.819,,cumulative,Done,11111111111111111000000000000000,FALSE POSITIVE,FALSE POSITIVE,1,831.0,285.23932,3099.3726,0.9658,Claret (2011 A&A 529 75) ATLAS LS,0.0,0.0,0.2386,0.4539,Mandel and Agol (2002 ApJ 580 171),312.3,,,131.58432,0.000187,-0.000187,0.0,,,,,,19.36,1.34,-1.22,0.0225,,,0.608,0.025,-0.032,2.1988,0.0125,-0.0125,,,,96134.0,486.0,-486.0,1.608363345,3.6e-07,-3.6e-07,0.300955,0.003128,-0.000601,6.491,0.428,-0.428,84.63,,,1133.0,,,5022.0,151.0,-151.0,4.668,0.052,-0.036,-1.1,0.3,-0.3,0.589,0.041,-0.037,0.589,0.052,-0.022,,,,q1_q17_dr25_stellar,,18.772912386,3e-08,42.71004502,3.6e-07,-0.3537,0.0012,0.1261,0.0013,,,-0.032,0.055,0.049,0.068,0.098,0.068,0.109,0.069,0.003,0.071,0.259,0.068,0.259,0.068,MOD_SEC_DV---PLANET_OCCULT_DV---MOD_SEC_ALT---HAS_SEC_TCE,2018-08-16 00:00:00,1.0,q1_q17_dr25_tce,007/007174/007174617/dv/kplr007174617-001-20160209194854_dvs.pdf,q1_q17_dr25_sup_koi,q1_q17_dr25_koi,2454964.584,0.000187,-0.000187,007/007174/007174617/dv/kplr007174617-20160209194854_dvr.pdf,0,1,0,0,390.1,112.35,-86.86,1.99996,0.13192,-0.14572,LS+MCMC,0.869,0
11853130,K03263.01,,285.09586,0.0,19h00m23.01s,50.10096,0.0,+50d06m03.5s,17.525,,16.118,,15.273,,14.854,,13.558,0.025,12.886,0.024,12.726,0.035,15.949,,cumulative,Done,11111110111011101000000000000000,CANDIDATE,CANDIDATE,1,14.0,38.037132,118.37778,0.6321,Claret (2011 A&A 529 75) ATLAS LS,0.0,0.0,0.4064,0.2898,Mandel and Agol (2002 ApJ 580 171),131.0,,,146.882451,0.000505,-0.000505,0.0,,,,,,7.71,0.8,-0.86,0.2746,,,0.864,0.076,-0.045,2.3819,0.0429,-0.0429,,,,21272.0,253.0,-253.0,76.87935893,4.834e-05,-4.834e-05,0.161985,0.039212,-0.012579,191.715,0.414,-0.414,89.74,,,202.0,,,3638.0,72.0,-79.0,4.828,0.041,-0.054,-0.06,0.15,-0.15,0.436,0.045,-0.049,0.467,0.043,-0.052,,,,q1_q17_dr25_stellar,0.008,19.0063796,3.2e-06,50.101032,3e-05,-0.36,0.11,0.26,0.11,0.001,0.014,0.004,0.022,-0.011,0.072,-0.011,0.073,0.015,0.076,-0.124,0.095,-0.062,0.076,0.139,0.098,NO_COMMENT,2018-08-16 00:00:00,1.0,q1_q17_dr25_tce,011/011853/011853130/dv/kplr011853130-001-20160209194854_dvs.pdf,q1_q17_dr25_sup_koi,q1_q17_dr25_koi,2454979.882,0.000505,-0.000505,011/011853/011853130/dv/kplr011853130-20160209194854_dvr.pdf,0,0,0,0,0.4,0.12,-0.11,22.55318,0.04865,-5.62866,LS+MCMC,0.968,1
11546211,K01654.01,,283.79654,0.0,18h55m11.17s,49.50399,0.0,+49d30m14.4s,16.807,,15.37,,14.447,,13.979,,12.691,0.023,11.996,0.019,11.816,0.018,15.155,,cumulative,Done,11111110111011101000000000000000,FALSE POSITIVE,FALSE POSITIVE,1,974.0,98.81571,1356.9958,1.0,Claret (2011 A&A 529 75) ATLAS LS,0.0,0.0,0.3976,0.3142,Mandel and Agol (2002 ApJ 580 171),83.5,,,131.517201,0.000531,-0.000531,0.0,,,,,,16.07,1.87,-2.12,0.0145,,,1.145,22.0,-0.108,1.6738,0.0316,-0.0316,,,,38946.0,586.0,-586.0,1.097211085,7.27e-07,-7.27e-07,0.440466,21.90634,-0.086357,4.56,2.3,-2.3,75.45,,,740.0,,,3497.0,62.0,-55.0,4.92,0.055,-0.04,-0.2,0.1,-0.1,0.334,0.039,-0.044,0.339,0.051,-0.051,,,,q1_q17_dr25_stellar,0.0,18.91976093,1.5e-07,49.5041476,1.4e-06,-0.2935,0.0054,0.5674,0.005,-0.0001,0.0047,-0.0016,0.0072,-0.01,0.067,0.066,0.067,0.066,0.067,-0.276,0.073,0.456,0.069,0.533,0.071,SWEET_EB---MOD_ODDEVEN_ALT---CENT_KIC_POS,2018-08-16 00:00:00,1.0,q1_q17_dr25_tce,011/011546/011546211/dv/kplr011546211-001-20160209194854_dvs.pdf,q1_q17_dr25_sup_koi,q1_q17_dr25_koi,2454964.517,0.000531,-0.000531,011/011546/011546211/dv/kplr011546211-20160209194854_dvr.pdf,0,1,0,0,71.01,24.01,-20.76,1.48511,354.69669,-0.22987,LS+MCMC,0.0,0
2437209,K04939.01,,290.20993,0.0,19h20m50.38s,37.725979,0.0,+37d43m33.5s,17.239,,16.238,,15.973,,15.72,,14.42,0.041,13.918,0.051,13.728,0.046,16.353,,cumulative,Done,11111111110011111000000000000000,FALSE POSITIVE,FALSE POSITIVE,1,4.0,12.137967,15.945324,0.0006,Claret (2011 A&A 529 75) ATLAS LS,0.0,0.0,0.1236,0.6196,Mandel and Agol (2002 ApJ 580 171),135.6,,,215.41653,0.00766,-0.00766,0.0,,,,,,56.94,10.75,-13.13,0.9334,,,0.038,0.104,-0.038,66.892,0.32,-0.32,,,,12435.0,100.0,-100.0,281.36926,0.003941,-0.003941,0.098333,0.00057,-0.000498,35.277,0.572,-0.572,89.94,,,507.0,,,4818.0,86.0,-86.0,3.125,0.171,-0.124,0.1,0.15,-0.15,5.303,1.001,-1.223,1.366,0.182,-0.312,,,,q1_q17_dr25_stellar,0.021,19.3473442,6.2e-06,37.725679,5.5e-05,0.66,0.27,-1.08,0.2,-0.008,0.012,0.001,0.015,-2.5,1.0,2.64,0.34,3.64,0.75,-1.04,1.0,0.5,1.3,1.2,1.1,ALL_TRANS_CHASES---CENT_FEW_DIFFS,2018-08-16 00:00:00,1.0,q1_q17_dr25_tce,002/002437/002437209/dv/kplr002437209-001-20160209194854_dvs.pdf,q1_q17_dr25_sup_koi,q1_q17_dr25_koi,2455048.417,0.00766,-0.00766,002/002437/002437209/dv/kplr002437209-20160209194854_dvr.pdf,0,1,0,0,15.57,8.04,-7.0,0.01049,0.00017,-0.00042,LS+MCMC,0.0,0
6290935,K04302.01,,293.68127,0.0,19h34m43.50s,41.611969,0.0,+41d36m43.1s,13.917,,13.554,,13.451,,13.409,,12.588,0.022,12.365,0.022,12.336,0.023,13.591,,cumulative,Done,11111111111111111000000000000000,CANDIDATE,CANDIDATE,1,240.0,2.6966214,10.99513,0.5587,Claret (2011 A&A 529 75) ATLAS LS,0.0,0.0,0.3023,0.3153,Mandel and Agol (2002 ApJ 580 171),13.4,,,132.1648,0.00669,-0.00669,0.0,,,,,,1.05,0.18,-0.2,0.0622,,,0.299,0.174,-0.299,3.486,0.325,-0.325,,,,53.1,5.0,-5.0,5.53312006,7.177e-05,-7.177e-05,0.006746,0.000452,-0.000308,11.68,3.4,-3.4,88.53,,,1303.0,,,6170.0,83.0,-83.0,4.15,0.168,-0.112,-0.22,0.15,-0.15,1.425,0.248,-0.275,1.047,0.094,-0.078,,,,q1_q17_dr25_stellar,0.796,19.578755,2.7e-05,41.61206,0.00028,0.2,1.1,0.34,1.0,-1e-05,5.9e-05,-1.8e-05,5.4e-05,1.14,0.9,0.12,0.58,1.15,0.92,0.98,0.92,0.12,0.6,0.98,0.94,NO_COMMENT,2018-08-16 00:00:00,1.0,q1_q17_dr25_tce,006/006290/006290935/dv/kplr006290935-001-20160209194854_dvs.pdf,q1_q17_dr25_sup_koi,q1_q17_dr25_koi,2454965.165,0.00669,-0.00669,006/006290/006290935/dv/kplr006290935-20160209194854_dvr.pdf,0,0,0,0,680.77,309.09,-260.78,0.98348,0.57691,-0.47426,LS+MCMC,0.99,1
5120087,K00639.01,Kepler-631 b,296.88577,0.0,19h47m32.58s,40.22823,0.0,+40d13m41.6s,13.841,,13.466,,13.354,,13.304,,12.519,0.024,12.263,0.025,12.208,0.026,13.5,,cumulative,Done,11111111111111111000000000000000,CONFIRMED,CANDIDATE,1,72.0,8.731907,47.135498,0.0577,Claret (2011 A&A 529 75) ATLAS LS,0.0,0.0,0.3016,0.3403,Mandel and Agol (2002 ApJ 580 171),43.9,,,182.24179,0.00261,-0.00261,0.0,,,,,,2.89,0.5,-0.34,0.1447,,,0.069,0.356,-0.069,5.5828,0.0814,-0.0814,,,,459.1,11.9,-11.9,17.97979816,6.128e-05,-6.128e-05,0.019546,0.00058,-0.000253,25.035,0.772,-0.772,89.84,,,828.0,,,6141.0,110.0,-135.0,4.272,0.08,-0.12,0.34,0.1,-0.15,1.352,0.236,-0.158,1.247,0.085,-0.078,,,,q1_q17_dr25_stellar,0.005,19.7923874,4.5e-06,40.228096,5.4e-05,0.14,0.19,-0.48,0.2,2.4e-05,8.8e-05,0.000157,9.3e-05,-0.03,0.18,0.14,0.16,0.14,0.14,-0.1,0.18,-0.05,0.16,0.11,0.2,NO_COMMENT,2018-08-16 00:00:00,1.0,q1_q17_dr25_tce,005/005120/005120087/dv/kplr005120087-001-20160209194854_dvs.pdf,q1_q17_dr25_sup_koi,q1_q17_dr25_koi,2455015.242,0.00261,-0.00261,005/005120/005120087/dv/kplr005120087-20160209194854_dvr.pdf,0,0,0,0,111.12,53.46,-31.83,0.91814,0.02832,-0.30525,LS+MCMC,1.0,1
11853255,K00778.01,Kepler-674 b,285.17621,0.0,19h00m42.29s,50.149818,0.0,+50d08m59.3s,16.369,,15.11,,14.607,,14.322,,13.213,0.025,12.521,0.016,12.394,0.026,15.135,,cumulative,Done,11111110111011101000000000000000,CONFIRMED,CANDIDATE,1,472.0,4.251499,30.578562,0.5576,Claret (2011 A&A 529 75) ATLAS LS,0.0,0.0,0.1171,0.6215,Mandel and Agol (2002 ApJ 580 171),38.9,,,170.679233,0.0009,-0.0009,0.0,,,,,,1.99,0.1,-0.12,0.028,,,0.915,0.009,-0.63,1.1196,0.0384,-0.0384,,,,821.7,25.6,-25.6,2.243380573,2.67e-06,-2.67e-06,0.032248,0.000463,-0.005356,7.38,3.6,-3.6,82.88,,,822.0,,,4149.0,82.0,-91.0,4.698,0.024,-0.027,-0.32,0.15,-0.15,0.564,0.03,-0.033,0.578,0.027,-0.037,,,,q1_q17_dr25_stellar,0.0,19.0117449,9.9e-06,50.14995,0.0001,-0.06,0.34,0.46,0.36,-0.00024,0.00029,-0.00057,0.00031,0.19,0.15,0.27,0.2,0.33,0.22,0.05,0.13,-0.06,0.18,0.08,0.16,CENT_KIC_POS,2018-08-16 00:00:00,1.0,q1_q17_dr25_tce,011/011853/011853255/dv/kplr011853255-001-20160209194854_dvs.pdf,q1_q17_dr25_sup_koi,q1_q17_dr25_koi,2455003.679,0.0009,-0.0009,011/011853/011853255/dv/kplr011853255-20160209194854_dvr.pdf,0,0,0,0,107.6,21.47,-20.32,1.50915,17.63096,-0.38164,LS+MCMC,1.0,1
11093538,K03326.01,,296.11771,0.0,19h44m28.25s,48.664108,0.0,+48d39m50.8s,16.125,,15.631,,15.511,,15.41,,14.516,0.036,14.209,0.041,14.099,0.071,15.696,,cumulative,Done,00010011001100110000000000000000,FALSE POSITIVE,FALSE POSITIVE,1,37.0,52.69963,149.51245,0.0,Claret (2011 A&A 529 75) ATLAS LS,0.0,0.0,0.302,0.319,Mandel and Agol (2002 ApJ 580 171),123.1,,,144.09725,0.00115,-0.00115,0.0,,,,,,44.48,13.87,-4.93,0.1219,,,1.258,16.15,-0.216,5.395,0.0505,-0.0505,,,,10774.0,110.0,-110.0,14.77820911,1.795e-05,-1.795e-05,0.389436,16.12475,-0.187731,12.4,6.1,-6.1,84.18,,,809.0,,,6258.0,175.0,-263.0,4.442,0.067,-0.216,-0.12,0.25,-0.3,1.046,0.326,-0.116,1.102,0.154,-0.154,,,,q1_q17_dr25_stellar,0.0,19.7410116,1.3e-06,48.659597,1.5e-05,-6.005,0.047,-16.248,0.055,0.0565,0.0017,0.1657,0.0025,-3.178,0.072,-6.075,0.071,6.856,0.075,-3.229,0.074,-5.917,0.075,6.74,0.08,MOD_SEC_DV---MOD_SEC_ALT---DEEP_V_SHAPED---HAS_SEC_TCE---CENT_RESOLVED_OFFSET,2018-08-16 00:00:00,1.0,q1_q17_dr25_tce,011/011093/011093538/dv/kplr011093538-001-20160209194854_dvs.pdf,q1_q17_dr25_sup_koi,q1_q17_dr25_koi,2454977.097,0.00115,-0.00115,011/011093/011093538/dv/kplr011093538-20160209194854_dvr.pdf,0,1,1,0,101.07,93.09,-33.78,0.16511,6.21262,-0.01862,LS+MCMC,0.0,0
10024701,K02002.01,Kepler-1046 b,296.75574,0.0,19h47m01.38s,46.998291,0.0,+46d59m53.8s,13.711,,13.21,,13.104,,13.073,,12.123,0.021,11.829,0.018,11.73,0.018,13.286,,cumulative,Done,11111101110111011000000000000000,CONFIRMED,CANDIDATE,1,76.0,4.8745027,22.670963,0.6696,Claret (2011 A&A 529 75) ATLAS LS,0.0,0.0,0.2868,0.3588,Mandel and Agol (2002 ApJ 580 171),15.7,,,139.05924,0.0051,-0.0051,0.0,,,,,,2.05,0.33,-0.2,0.1167,,,0.927,0.019,-0.672,3.208,0.151,-0.151,,,,251.1,18.4,-18.4,14.37504582,8.684e-05,-8.684e-05,0.017825,0.001628,-0.003477,14.39,7.1,-7.1,86.3,,,786.0,,,5931.0,106.0,-130.0,4.403,0.076,-0.114,0.0,0.15,-0.15,1.053,0.168,-0.104,1.023,0.075,-0.068,,,,q1_q17_dr25_stellar,0.827,19.783726,1e-05,46.99838,0.00011,0.33,0.38,0.33,0.4,-1.9e-05,9.3e-05,-2.7e-05,9.9e-05,-0.32,0.21,-0.27,0.27,0.42,0.28,-0.17,0.2,-0.08,0.24,0.18,0.25,NO_COMMENT,2018-08-16 00:00:00,1.0,q1_q17_dr25_tce,010/010024/010024701/dv/kplr010024701-001-20160209194854_dvs.pdf,q1_q17_dr25_sup_koi,q1_q17_dr25_koi,2454972.059,0.0051,-0.0051,010/010024/010024701/dv/kplr010024701-20160209194854_dvr.pdf,0,0,0,0,90.16,39.97,-23.14,0.27281,4.43703,-0.13027,LS+MCMC,1.0,1
6612284,K02908.01,,293.6076,0.0,19h34m25.82s,42.058998,0.0,+42d03m32.4s,16.402,,15.819,,15.678,,15.604,,14.591,0.029,14.246,0.047,14.193,0.068,15.895,,cumulative,Done,00011111111111111000000000000000,FALSE POSITIVE,FALSE POSITIVE,1,912.0,4.28444,12.792149,0.5163,Claret (2011 A&A 529 75) ATLAS LS,0.0,0.0,0.2868,0.3588,Mandel and Agol (2002 ApJ 580 171),20.3,,,132.21522,0.00781,-0.00781,0.0,,,,,,1.48,0.44,-0.15,0.023,,,0.528,0.126,-0.528,2.152,0.49,-0.49,,,,224.2,16.9,-16.9,1.245353252,8.433e-06,-8.433e-06,0.014124,0.000214,-0.002514,3.89,1.8,-1.8,82.2,,,1704.0,,,5982.0,189.0,-210.0,4.493,0.05,-0.2,-0.04,0.25,-0.3,0.96,0.285,-0.095,1.047,0.126,-0.139,,,,q1_q17_dr25_stellar,0.0,19.573769,2.2e-05,42.05865,0.00019,-2.9,0.86,-1.27,0.68,0.00076,0.00013,0.00035,0.00011,-12.4,1.1,-5.95,0.4,13.8,1.1,-4.8,1.1,-2.02,0.36,5.2,1.1,CENT_KIC_POS---EPHEM_MATCH,2018-08-16 00:00:00,1.0,q1_q17_dr25_tce,006/006612/006612284/dv/kplr006612284-001-20160209194854_dvs.pdf,q1_q17_dr25_sup_koi,q1_q17_dr25_koi,2454965.215,0.00781,-0.00781,006/006612/006612284/dv/kplr006612284-20160209194854_dvr.pdf,0,0,0,1,1996.55,1806.33,-591.51,0.72056,0.32469,-0.58138,LS+MCMC,0.0,0
10843431,K07378.02,,282.37042,0.0,18h49m28.90s,48.259289,0.0,+48d15m33.4s,17.453,,16.285,,15.84,,15.577,,14.536,0.029,13.911,0.03,13.882,0.062,16.324,,cumulative,Done,00000000000001111000000000000000,CANDIDATE,CANDIDATE,2,5.0,4.709224,8.296029,0.2833,Claret (2011 A&A 529 75) ATLAS LS,0.0,0.0,0.0775,0.666,Mandel and Agol (2002 ApJ 580 171),11.4,,,167.579,0.113,-0.113,0.0,,,,,,3.58,0.29,-0.32,0.2472,,,0.92,0.026,-0.671,5.7,0.335,-0.335,,,,2042.0,201.0,-201.0,56.391062,0.004836,-0.004836,0.052224,0.009744,-0.012549,38.6,19.0,-19.0,88.64,,,310.0,,,4406.0,154.0,-170.0,4.643,0.044,-0.032,-0.24,0.3,-0.3,0.628,0.051,-0.056,0.632,0.063,-0.057,,,,q1_q17_dr25_stellar,0.075,18.824639,5.8e-05,48.25893,0.00052,-2.0,2.1,-1.3,1.9,0.0029,0.0033,0.003,0.0031,0.52,0.31,0.83,0.82,0.98,0.71,0.79,0.29,0.92,0.91,1.21,0.72,NO_COMMENT,2018-08-16 00:00:00,2.0,q1_q17_dr25_tce,010/010843/010843431/dv/kplr010843431-002-20160209194854_dvs.pdf,q1_q17_dr25_sup_koi,q1_q17_dr25_koi,2455000.579,0.113,-0.113,010/010843/010843431/dv/kplr010843431-20160209194854_dvr.pdf,0,0,0,0,2.18,0.74,-0.64,0.34289,5.04974,-0.0771,LS+MCMC,0.529,1
12004656,K08073.01,,286.409,0.0,19h05m38.16s,50.41811,0.0,+50d25m05.2s,16.798,,15.517,,14.973,,14.608,,13.544,0.034,12.877,0.036,12.23,,15.521,,cumulative,Done,11111110111011101000000000000000,FALSE POSITIVE,FALSE POSITIVE,1,421.0,2.920843,8.071877,0.1314,Claret (2011 A&A 529 75) ATLAS LS,0.0,0.0,0.2589,0.4639,Mandel and Agol (2002 ApJ 580 171),8.9,,,132.8709,0.0212,-0.0212,0.0,,,,,,9.68,1.58,-2.36,0.0297,,,1.158,20.26,-0.049,4.739,0.925,-0.925,,,,145.9,23.1,-23.1,2.52123022,5.491e-05,-5.491e-05,0.17051,20.2596,-0.04773,1.355,0.677,-0.677,31.28,,,726.0,,,3932.0,229.0,-252.0,4.745,0.13,-0.07,-0.2,0.4,-0.6,0.52,0.085,-0.127,0.548,0.074,-0.137,,,,q1_q17_dr25_stellar,0.004,19.093942,4.4e-05,50.41891,0.00046,0.3,1.5,2.9,1.6,7e-05,0.00021,-0.00039,0.00023,5.38,0.95,0.53,0.58,5.41,0.97,5.7,1.0,0.53,0.58,5.7,1.1,MOD_NONUNIQ_ALT---CENT_RESOLVED_OFFSET---HALO_GHOST---EPHEM_MATCH,2018-08-16 00:00:00,1.0,q1_q17_dr25_tce,012/012004/012004656/dv/kplr012004656-001-20160209194854_dvs.pdf,q1_q17_dr25_sup_koi,q1_q17_dr25_koi,2454965.871,0.0212,-0.0212,012/012004/012004656/dv/kplr012004656-20160209194854_dvr.pdf,1,0,1,1,65.58,45.75,-36.84,0.0074,32.73596,-0.00095,LS+MCMC,0.0,0
3353050,K00384.01,Kepler-541 b,294.14966,0.0,19h36m35.92s,38.458271,0.0,+38d27m29.8s,13.688,,13.183,,13.106,,12.952,,12.079,0.02,11.814,0.021,11.733,0.021,13.281,,cumulative,Done,11111011101110111000000000000000,CONFIRMED,CANDIDATE,1,212.0,6.1105356,40.25269,0.5216,Claret (2011 A&A 529 75) ATLAS LS,0.0,0.0,0.2904,0.3534,Mandel and Agol (2002 ApJ 580 171),56.7,,,174.42853,0.00195,-0.00195,0.0,,,,,,3.95,0.59,-1.1,0.0641,,,0.636,0.024,-0.494,5.207,0.0624,-0.0624,,,,222.8,4.5,-4.5,5.0800579,1.209e-05,-1.209e-05,0.014349,0.001971,-0.00061,5.94,2.8,-2.8,83.85,,,1673.0,,,6049.0,132.0,-120.0,3.769,0.224,-0.096,-0.04,0.15,-0.15,2.52,0.377,-0.7,1.359,0.143,-0.232,,,,q1_q17_dr25_stellar,0.379,19.6099746,6.3e-06,38.458252,7e-05,-0.14,0.26,-0.07,0.25,2.3e-05,5.6e-05,-3.7e-05,5.3e-05,0.15,0.2,-0.1,0.16,0.18,0.19,0.12,0.18,-0.21,0.16,0.24,0.16,NO_COMMENT,2018-08-16 00:00:00,1.0,q1_q17_dr25_tce,003/003353/003353050/dv/kplr003353050-001-20160209194854_dvs.pdf,q1_q17_dr25_sup_koi,q1_q17_dr25_koi,2455007.429,0.00195,-0.00195,003/003353/003353050/dv/kplr003353050-20160209194854_dvr.pdf,0,0,0,0,1851.94,816.29,-960.36,0.15353,0.14511,-0.01719,LS+MCMC,1.0,1
10031808,K07278.01,,298.79758,0.0,19h55m11.42s,46.930244,0.0,+46d55m48.9s,9.978,,9.574,,,,,,8.603,0.024,8.452,0.049,8.355,0.022,9.557,,cumulative,Done,11111101110111011000000000000000,FALSE POSITIVE,FALSE POSITIVE,1,0.0,436.10446,1585.6364,-1.0,Claret (2011 A&A 529 75) ATLAS LS,0.0,0.0,0.2998,0.3069,Mandel and Agol (2002 ApJ 580 171),5324.6,,,132.0206787,3.73e-05,-3.73e-05,0.0,,,,,,140.07,30.84,-71.88,0.0858,,,0.686,0.004,-0.005,9.49469,0.00201,-0.00201,,,,269518.0,44.0,-44.0,8.589644815,4.1e-07,-4.1e-07,0.58465,0.002182,-0.002966,9.93215,0.00356,-0.00356,86.04,,,1412.0,,,6331.0,204.0,-227.0,3.813,0.569,-0.134,-0.56,0.3,-0.3,2.194,0.483,-1.126,1.142,0.161,-0.261,,,,q1_q17_dr25_stellar,,19.919838039,1.1e-08,46.93027304,7e-08,-0.03173,0.00039,0.10096,0.00024,,,,,0.7,1.1,-4.1,1.2,4.2,1.2,-5.6,1.8,-3.3,1.2,6.5,2.1,MOD_SEC_ALT---MOD_ODDEVEN_ALT---HAS_SEC_TCE---CENT_SATURATED,2018-08-16 00:00:00,1.0,q1_q17_dr25_tce,010/010031/010031808/dv/kplr010031808-001-20160209194854_dvs.pdf,q1_q17_dr25_sup_koi,q1_q17_dr25_koi,2454965.021,3.73e-05,-3.73e-05,010/010031/010031808/dv/kplr010031808-20160209194854_dvr.pdf,0,1,0,0,940.15,648.81,-747.65,0.25121,9e-05,-0.00094,LS+MCMC,0.0,0
3832474,K00806.02,Kepler-30 c,285.28363,0.0,19h01m08.07s,38.947281,0.0,+38d56m50.2s,16.048,,15.349,,15.126,,15.017,,13.997,0.032,13.618,0.039,13.581,0.048,15.403,,cumulative,Done,11111111111111111000000000000000,CONFIRMED,CANDIDATE,5,22.0,88.82677,323.38303,0.0005,Claret (2011 A&A 529 75) ATLAS LS,0.0,0.0,0.224,0.4695,Mandel and Agol (2002 ApJ 580 171),347.2,,,243.892578,0.000423,-0.000423,0.0,,,,,,12.19,1.11,-0.52,0.2998,,,0.224,0.067,-0.146,6.6188,0.0327,-0.0327,,,,20280.4,64.0,-64.0,60.32494216,3.207e-05,-3.207e-05,0.128744,0.000241,-0.001016,77.04,5.8,-5.8,89.83,,,411.0,,,5485.0,98.0,-120.0,4.556,0.014,-0.081,0.21,0.15,-0.2,0.867,0.079,-0.037,0.986,0.035,-0.082,,,,q1_q17_dr25_stellar,0.051,19.01890178,6.6e-07,38.9471811,7.8e-06,-0.316,0.028,-0.356,0.028,0.0011,0.0047,0.0,0.006,-0.01,0.068,0.012,0.067,0.016,0.067,0.065,0.068,0.042,0.069,0.078,0.068,NO_COMMENT,2018-08-16 00:00:00,1.0,q1_q17_dr25_tce,003/003832/003832474/dv/kplr003832474-001-20160209194854_dvs.pdf,q1_q17_dr25_sup_koi,q1_q17_dr25_koi,2455076.893,0.000423,-0.000423,003/003832/003832474/dv/kplr003832474-20160209194854_dvr.pdf,0,0,0,0,6.77,1.89,-1.09,2.37656,0.17842,-0.09479,LS+MCMC,0.745,1
5653795,K07734.01,,299.8363,0.0,19h59m20.71s,40.88673,0.0,+40d53m12.2s,13.681,,13.151,,12.954,,12.835,,11.949,0.022,11.692,0.02,11.618,0.018,13.172,,cumulative,Done,11111111111111111000000000000000,FALSE POSITIVE,FALSE POSITIVE,1,7.0,6.1146126,9.025216,0.5369,Claret (2011 A&A 529 75) ATLAS LS,0.0,0.0,0.3037,0.3092,Mandel and Agol (2002 ApJ 580 171),7.0,,,215.6117,0.0177,-0.0177,0.0,,,,,,7.23,1.05,-3.16,0.5752,,,0.522,0.465,-0.32,4.79,1.4,-1.4,,,,216.3,46.0,-46.0,118.314913,0.003362,-0.003362,0.013895,0.001676,-0.001499,164.1,72.0,-72.0,89.82,,,786.0,,,6190.0,223.0,-223.0,3.34,0.391,-0.069,-0.34,0.35,-0.35,4.763,0.694,-2.082,1.811,0.131,-0.523,,,,q1_q17_dr25_stellar,,19.989097,2.3e-05,40.88666,0.00023,0.41,0.94,-0.25,0.81,1e-05,0.00024,,,0.33,0.8,-0.84,0.98,0.9,1.2,0.27,0.73,-0.92,0.97,1.0,1.1,MOD_NONUNIQ_ALT,2018-08-16 00:00:00,2.0,q1_q17_dr25_tce,005/005653/005653795/dv/kplr005653795-002-20160209194854_dvs.pdf,q1_q17_dr25_sup_koi,q1_q17_dr25_koi,2455048.612,0.0177,-0.0177,005/005653/005653795/dv/kplr005653795-20160209194854_dvr.pdf,1,0,0,0,90.09,46.16,-65.44,5.97078,15.72205,-5.92233,LS+MCMC,0.23,0
6541920,K00157.04,Kepler-11 f,297.11511,0.0,19h48m27.63s,41.909142,0.0,+41d54m32.9s,14.178,,13.653,,13.508,,13.455,,12.548,0.024,12.237,0.024,12.18,0.02,13.709,,cumulative,Done,11111111111111111000000000000000,CONFIRMED,CANDIDATE,6,28.0,11.762473,40.456486,0.4608,Claret (2011 A&A 529 75) ATLAS LS,0.0,0.0,0.2622,0.4035,Mandel and Agol (2002 ApJ 580 171),59.0,,,225.04604,0.00179,-0.00179,0.0,,,,,,2.52,0.16,-0.16,0.2472,,,0.217,0.187,-0.217,6.3794,0.0615,-0.0615,,,,588.8,10.0,-10.0,46.6856205,0.000112,-0.000112,0.022055,0.000437,-0.000381,55.84,5.4,-5.4,89.78,,,513.0,,,5657.0,113.0,-101.0,4.364,0.055,-0.045,0.0,0.15,-0.15,1.046,0.068,-0.068,0.921,0.071,-0.052,,,,q1_q17_dr25_stellar,0.005,19.8076824,5.6e-06,41.909202,5.7e-05,0.31,0.23,0.22,0.2,-0.00021,0.00013,0.00015,0.00012,-0.04,0.16,0.0,0.18,0.04,0.16,-0.1,0.16,0.15,0.19,0.18,0.19,NO_COMMENT,2018-08-16 00:00:00,5.0,q1_q17_dr25_tce,006/006541/006541920/dv/kplr006541920-005-20160209194854_dvs.pdf,q1_q17_dr25_sup_koi,q1_q17_dr25_koi,2455058.046,0.00179,-0.00179,006/006541/006541920/dv/kplr006541920-20160209194854_dvr.pdf,0,0,0,0,16.41,3.74,-3.06,1.51087,0.14623,-0.3176,LS+MCMC,0.998,1
8216763,K04838.03,,284.26859,0.0,18h57m04.46s,44.19754,0.0,+44d11m51.1s,16.199,,15.036,,14.59,,14.366,,13.256,0.022,12.654,0.02,12.468,0.022,15.073,,cumulative,Done,11111111111111111000000000000000,CANDIDATE,CANDIDATE,3,56.0,2.8584263,8.068337,0.9628,Claret (2011 A&A 529 75) ATLAS LS,0.0,0.0,0.101,0.6443,Mandel and Agol (2002 ApJ 580 171),6.7,,,148.9637,0.0146,-0.0146,0.0,,,,,,1.1,0.09,-0.09,0.1409,,,0.949,0.001,-0.666,3.171,0.459,-0.459,,,,177.3,30.3,-30.3,24.0721647,0.0004522,-0.0004522,0.016375,0.002608,-0.005693,21.2,10.5,-10.5,87.43,,,400.0,,,4352.0,116.0,-129.0,4.671,0.032,-0.042,-0.2,0.3,-0.3,0.613,0.055,-0.05,0.64,0.055,-0.061,,,,q1_q17_dr25_stellar,,18.951254,3.9e-05,44.19828,0.00045,0.6,1.5,2.7,1.6,,,-0.00047,0.0003,-0.24,0.79,0.37,0.82,0.44,0.85,-0.36,0.73,0.44,0.84,0.57,0.85,NO_COMMENT,2018-08-16 00:00:00,2.0,q1_q17_dr25_tce,008/008216/008216763/dv/kplr008216763-002-20160209194854_dvs.pdf,q1_q17_dr25_sup_koi,q1_q17_dr25_koi,2454981.964,0.0146,-0.0146,008/008216/008216763/dv/kplr008216763-20160209194854_dvr.pdf,0,0,0,0,6.08,1.94,-1.54,0.30983,10.01632,-0.1414,LS+MCMC,0.998,1
7672215,K05411.01,,287.93747,0.0,19h11m44.99s,43.377659,0.0,+43d22m39.6s,13.484,,13.286,,13.289,,13.309,,12.553,0.025,12.39,0.022,12.344,0.019,13.335,,cumulative,Done,11111111111111111000000000000000,CANDIDATE,CANDIDATE,1,119.0,3.3070433,8.559556,0.1287,Claret (2011 A&A 529 75) ATLAS LS,0.0,0.0,0.3376,0.2353,Mandel and Agol (2002 ApJ 580 171),9.0,,,142.5962,0.0134,-0.0134,0.0,,,,,,1.4,0.47,-0.28,0.1133,,,0.268,0.191,-0.268,4.545,0.457,-0.457,,,,61.3,8.0,-8.0,11.1734401,0.0002168,-0.0002168,0.007326,0.000453,-0.000623,18.25,5.2,-5.2,89.16,,,1279.0,,,7372.0,231.0,-334.0,4.142,0.124,-0.202,-0.04,0.2,-0.35,1.752,0.581,-0.358,1.552,0.219,-0.241,,,,q1_q17_dr25_stellar,0.082,19.195859,2.6e-05,43.37799,0.00028,1.1,1.0,1.2,1.0,-1.8e-05,5.3e-05,-6.4e-05,5.3e-05,0.69,0.53,-0.1,1.0,0.7,0.65,0.79,0.51,-0.13,0.9,0.81,0.59,NO_COMMENT,2018-08-16 00:00:00,1.0,q1_q17_dr25_tce,007/007672/007672215/dv/kplr007672215-001-20160209194854_dvs.pdf,q1_q17_dr25_sup_koi,q1_q17_dr25_koi,2454975.596,0.0134,-0.0134,007/007672/007672215/dv/kplr007672215-20160209194854_dvr.pdf,0,0,0,0,632.06,635.93,-299.65,0.92097,0.26163,-0.49353,LS+MCMC,0.903,1
10843203,K01287.01,,282.23273,0.0,18h48m55.86s,48.271198,0.0,+48d16m16.3s,16.511,,15.785,,15.653,,15.461,,14.436,0.035,13.925,0.033,13.929,0.064,15.91,,cumulative,Done,00011111111111111000000000000000,FALSE POSITIVE,FALSE POSITIVE,1,251.0,26.424343,189.43683,0.9876,Claret (2011 A&A 529 75) ATLAS LS,0.0,0.0,0.2043,0.4966,Mandel and Agol (2002 ApJ 580 171),166.3,,,355.143546,0.000531,-0.000531,0.0,,,,,,32.12,5.68,-3.05,0.0498,,,1.264,4.822,-0.15,3.0257,0.0251,-0.0251,,,,6120.1,44.8,-44.8,4.429633087,3.078e-06,-3.078e-06,0.363622,4.790401,-0.137441,5.87,2.8,-2.8,77.56,,,950.0,,,5344.0,204.0,-185.0,4.545,0.051,-0.111,-0.1,0.3,-0.3,0.809,0.143,-0.077,0.837,0.087,-0.087,,,,q1_q17_dr25_stellar,0.0,18.8155171,2.1e-06,48.271062,2e-05,0.039,0.074,-0.498,0.073,0.001,0.017,0.001,0.026,-0.28,0.11,0.21,0.13,0.35,0.15,0.036,0.082,-0.13,0.08,0.135,0.082,MOD_ODDEVEN_DV---DEEP_V_SHAPED,2018-08-16 00:00:00,1.0,q1_q17_dr25_tce,010/010843/010843203/dv/kplr010843203-001-20160209194854_dvs.pdf,q1_q17_dr25_sup_koi,q1_q17_dr25_koi,2455188.144,0.000531,-0.000531,010/010843/010843203/dv/kplr010843203-20160209194854_dvr.pdf,0,1,0,0,192.62,117.24,-55.65,0.19465,1.60089,-0.01575,LS+MCMC,0.0,0
3541946,K00624.01,Kepler-198 b,290.67313,0.0,19h22m41.55s,38.69101,0.0,+38d41m27.6s,14.081,,13.543,,13.39,,13.346,,12.421,0.021,12.067,0.021,12.027,0.02,13.597,,cumulative,Done,11111111111111111000000000000000,CONFIRMED,CANDIDATE,3,75.0,12.067978,66.874435,0.4176,Claret (2011 A&A 529 75) ATLAS LS,0.0,0.0,0.2291,0.4603,Mandel and Agol (2002 ApJ 580 171),67.2,,,182.43745,0.00143,-0.00143,0.0,,,,,,2.7,0.36,-0.19,0.1304,,,0.182,0.214,-0.182,4.4116,0.0481,-0.0481,,,,871.4,13.7,-13.7,17.79001678,3.203e-05,-3.203e-05,0.026716,0.000543,-0.000378,31.13,2.9,-2.9,89.66,,,655.0,,,5569.0,111.0,-111.0,4.474,0.059,-0.11,0.07,0.15,-0.15,0.927,0.122,-0.066,0.935,0.057,-0.057,,,,q1_q17_dr25_stellar,0.078,19.3782109,2.8e-06,38.69108,4.1e-05,0.07,0.12,0.25,0.15,-7e-05,0.00011,-0.00015,0.00014,-0.125,0.099,0.13,0.13,0.18,0.12,-0.102,0.1,0.2,0.13,0.23,0.13,NO_COMMENT,2018-08-16 00:00:00,1.0,q1_q17_dr25_tce,003/003541/003541946/dv/kplr003541946-001-20160209194854_dvs.pdf,q1_q17_dr25_sup_koi,q1_q17_dr25_koi,2455015.437,0.00143,-0.00143,003/003541/003541946/dv/kplr003541946-20160209194854_dvr.pdf,0,0,0,0,43.5,16.78,-8.87,1.80367,0.16964,-0.35595,LS+MCMC,1.0,1
6061119,K00846.01,Kepler-699 b,296.88821,0.0,19h47m33.17s,41.396091,0.0,+41d23m45.9s,16.014,,15.449,,15.254,,15.124,,14.236,0.03,13.744,0.033,13.672,0.038,15.482,,cumulative,Done,11111111111111111000000000000000,CONFIRMED,CANDIDATE,1,50.0,184.1626,739.8864,0.7873,Claret (2011 A&A 529 75) ATLAS LS,0.0,0.0,0.2865,0.3556,Mandel and Agol (2002 ApJ 580 171),748.1,,,186.713552,0.000134,-0.000134,0.0,,,,,,13.84,3.63,-1.21,0.1711,,,0.782,0.002,-0.003,4.21587,0.00935,-0.00935,,,,25391.1,47.3,-47.3,27.807566216,4.747e-06,-4.747e-06,0.161479,0.000274,-0.000299,43.26,0.527,-0.527,88.96,,,554.0,,,5862.0,177.0,-177.0,4.584,0.044,-0.176,-0.52,0.3,-0.3,0.785,0.206,-0.069,0.865,0.088,-0.096,,,,q1_q17_dr25_stellar,0.0,19.79254186,4.8e-07,41.3960981,5.4e-06,-0.196,0.019,0.029,0.02,-0.0004,0.0034,-0.0023,0.0045,0.001,0.068,0.011,0.067,0.011,0.067,-0.012,0.069,0.022,0.067,0.025,0.068,NO_COMMENT,2018-08-16 00:00:00,1.0,q1_q17_dr25_tce,006/006061/006061119/dv/kplr006061119-001-20160209194854_dvs.pdf,q1_q17_dr25_sup_koi,q1_q17_dr25_koi,2455019.714,0.000134,-0.000134,006/006061/006061119/dv/kplr006061119-20160209194854_dvr.pdf,0,0,0,0,22.24,17.69,-5.87,1.98053,0.02414,-0.02349,LS+MCMC,0.985,1
9692336,K03859.01,,282.1741,0.0,18h48m41.78s,46.45676,0.0,+46d27m24.3s,17.726,,17.438,,17.385,,,,,,,,,,17.49,,cumulative,Done,00000000011111111000000000000000,FALSE POSITIVE,FALSE POSITIVE,1,0.0,176.45541,1777.0056,-1.0,Claret (2011 A&A 529 75) ATLAS LS,0.0,0.0,0.2622,0.4035,Mandel and Agol (2002 ApJ 580 171),1571.6,,,131.595979,0.000168,-0.000168,0.0,,,,,,55.58,0.0,0.0,0.0153,,,0.337,0.004,-0.004,3.96401,0.00562,-0.00562,,,,293505.0,298.0,-298.0,0.687898282,1.03e-07,-1.03e-07,0.509016,0.000453,-0.000526,2.17425,0.00751,-0.00751,81.08,,,2062.0,,,5780.0,,,4.438,,,0.0,0.0,0.0,1.0,,,1.0,,,,,,Solar,,18.81162872,1.4e-07,46.45675211,7.2e-07,0.8119,0.0051,-0.032,0.0026,0.1,0.6,,,-13.148,0.087,-1.679,0.067,13.254,0.087,-0.288,0.07,-0.347,0.073,0.451,0.075,LPP_DV---LPP_ALT---CENT_NOFITS,2018-08-16 00:00:00,1.0,q1_q17_dr25_tce,009/009692/009692336/dv/kplr009692336-001-20160209194854_dvs.pdf,q1_q17_dr25_sup_koi,q1_q17_dr25_koi,2454964.596,0.000168,-0.000168,009/009692/009692336/dv/kplr009692336-20160209194854_dvr.pdf,1,0,0,0,4267.13,0.0,0.0,0.4109,0.00142,-0.00152,LS+MCMC,0.0,0
3354846,K02444.01,Kepler-1241 b,294.57623,0.0,19h38m18.30s,38.45697,0.0,+38d27m25.1s,16.326,,15.621,,15.452,,15.262,,14.298,0.031,13.823,0.039,13.764,0.051,15.714,,cumulative,Done,01111011101110111000000000000000,CONFIRMED,CANDIDATE,1,57.0,5.3635626,17.103079,0.6346,Claret (2011 A&A 529 75) ATLAS LS,0.0,0.0,0.2396,0.4415,Mandel and Agol (2002 ApJ 580 171),17.2,,,135.51322,0.00652,-0.00652,0.0,,,,,,2.53,0.65,-0.21,0.1336,,,0.78,0.174,-0.566,4.385,0.21,-0.21,,,,771.5,50.5,-50.5,18.5525162,0.0001372,-0.0001372,0.027989,0.007632,-0.002961,21.7,10.1,-10.1,87.94,,,612.0,,,5569.0,166.0,-182.0,4.566,0.032,-0.179,-0.08,0.3,-0.3,0.829,0.213,-0.071,0.928,0.091,-0.112,,,,q1_q17_dr25_stellar,0.671,19.638413,1.7e-05,38.45658,0.0002,-0.14,0.73,-1.4,0.73,-0.00027,0.00061,0.00018,0.00062,0.21,0.25,-0.26,0.38,0.33,0.35,-0.04,0.26,-0.32,0.36,0.32,0.35,NO_COMMENT,2018-08-16 00:00:00,1.0,q1_q17_dr25_tce,003/003354/003354846/dv/kplr003354846-001-20160209194854_dvs.pdf,q1_q17_dr25_sup_koi,q1_q17_dr25_koi,2454968.513,0.00652,-0.00652,003/003354/003354846/dv/kplr003354846-20160209194854_dvr.pdf,0,0,0,0,33.14,25.75,-8.88,0.55817,1.55429,-0.51014,LS+MCMC,0.995,1
10932270,K07389.01,,296.84967,0.0,19h47m23.92s,48.323318,0.0,+48d19m23.9s,12.911,,12.097,,11.821,,11.664,,10.56,0.021,10.083,0.018,9.956,0.016,12.148,,cumulative,Done,11111101110111011000000000000000,CANDIDATE,CANDIDATE,1,38.0,7.881832,8.395961,,Claret (2011 A&A 529 75) ATLAS LS,0.0,0.0,0.1979,0.5083,Mandel and Agol (2002 ApJ 580 171),8.5,,,142.9808,0.00939,-0.00939,0.0,,,,,,11.03,0.69,-2.7,0.2257,,,0.0221,0.4531,-0.0221,1.516,0.339,-0.339,,,,202.5,41.1,-41.1,27.5837778,0.0004135,-0.0004135,0.012769,0.001583,-0.001507,140.8,43.3,-43.3,89.95,,,1330.0,,,5092.0,83.0,-161.0,2.945,0.028,-0.028,-0.22,0.26,-0.32,7.913,0.492,-1.936,2.012,0.14,-0.86,,,,stellar_q1_q17,0.314,19.78998,1.1e-05,48.32338,0.00011,0.08,0.41,0.2,0.4,-4e-05,0.00011,-8e-05,0.00011,-0.18,0.45,0.01,0.3,0.18,0.49,-0.14,0.45,0.08,0.3,0.16,0.48,,2018-08-16 00:00:00,1.0,q1_q17_dr24_tce,010/010932/010932270/dv/kplr010932270-001-20141002224145_dvs.pdf,q1_q17_dr25_sup_koi,q1_q17_dr24_koi,2454975.981,0.00939,-0.00939,010/010932/010932270/dv/kplr010932270-20141002224145_dvr.pdf,0,0,0,0,739.57,150.58,-368.5,69.35567,42.64699,-67.90121,MCMC,,1
7031340,K07804.01,,291.0571,0.0,19h24m13.70s,42.583359,0.0,+42d35m00.1s,15.058,,14.407,,14.185,,14.069,,13.061,0.02,12.659,0.021,12.61,0.022,14.447,,cumulative,Done,11111111111111111000000000000000,FALSE POSITIVE,FALSE POSITIVE,1,2358.0,3.6484218,12.520057,0.9777,Claret (2011 A&A 529 75) ATLAS LS,0.0,0.0,0.2544,0.4173,Mandel and Agol (2002 ApJ 580 171),14.9,,,131.8681,0.01,-0.01,0.0,,,,,,1.06,0.43,-0.51,0.0127,,,0.773,0.202,-0.527,3.011,0.369,-0.369,,,,40.0,4.3,-4.3,0.566769068,6.334e-06,-6.334e-06,0.006355,8e-06,-0.000791,1.269,0.108,-0.108,52.49,,,2661.0,,,5496.0,164.0,-164.0,3.998,0.553,-0.237,-0.32,0.35,-0.25,1.533,0.61,-0.746,0.853,0.088,-0.107,,,,q1_q17_dr25_stellar,0.0,19.40385,2.5e-05,42.58293,0.00026,1.72,0.99,-1.56,0.95,-0.000104,5.3e-05,8.6e-05,5.1e-05,-1.62,0.9,-0.2,0.78,1.63,0.91,-1.7,0.82,-0.26,0.81,1.72,0.81,LPP_DV---HALO_GHOST---EPHEM_MATCH,2018-08-16 00:00:00,1.0,q1_q17_dr25_tce,007/007031/007031340/dv/kplr007031340-001-20160209194854_dvs.pdf,q1_q17_dr25_sup_koi,q1_q17_dr25_koi,2454964.868,0.01,-0.01,007/007031/007031340/dv/kplr007031340-20160209194854_dvr.pdf,1,0,1,1,11897.94,14254.39,-9120.08,0.12029,0.0102,-0.05823,LS+MCMC,0.0,0
2853093,K01099.01,Kepler-767 b,291.57916,0.0,19h26m19.00s,38.035831,0.0,+38d02m09.0s,15.927,,15.385,,15.224,,15.16,,14.26,0.028,13.891,0.031,13.812,0.054,15.435,,cumulative,Done,11111111111111111000000000000000,CONFIRMED,CANDIDATE,1,9.0,20.94411,55.328773,0.6892,Claret (2011 A&A 529 75) ATLAS LS,0.0,0.0,0.2555,0.4191,Mandel and Agol (2002 ApJ 580 171),54.7,,,198.00137,0.00146,-0.00146,0.0,,,,,,8.19,1.36,-1.23,0.5874,,,0.0,0.333,0.0,3.6734,0.0575,-0.0575,,,,4653.6,99.6,-99.6,161.5278347,0.0003206,-0.0003206,0.061844,0.001334,-0.000711,356.7,9.6,-9.6,90.0,,,366.0,,,5778.0,78.0,-78.0,4.285,0.137,-0.112,0.16,0.15,-0.15,1.213,0.201,-0.183,1.033,0.074,-0.067,,,,q1_q17_dr25_stellar,0.047,19.4386017,7e-06,38.035666,7.6e-05,-0.41,0.3,-0.59,0.27,0.0021,0.0019,-0.0001,0.0021,0.023,0.089,-0.1,0.12,0.11,0.11,-0.087,0.097,-0.03,0.1,0.09,0.098,NO_COMMENT,2018-08-16 00:00:00,1.0,q1_q17_dr25_tce,002/002853/002853093/dv/kplr002853093-001-20160209194854_dvs.pdf,q1_q17_dr25_sup_koi,q1_q17_dr25_koi,2455031.001,0.00146,-0.00146,002/002853/002853093/dv/kplr002853093-20160209194854_dvr.pdf,0,0,0,0,4.25,1.85,-1.35,32.90527,0.88494,-6.8422,LS+MCMC,1.0,1
4474462,K04452.01,,294.30099,0.0,19h37m12.24s,39.519058,0.0,+39d31m08.6s,14.297,,13.794,,13.617,,13.518,,12.681,0.023,12.327,0.022,12.248,0.021,13.821,,cumulative,Done,11111011101110111000000000000000,CANDIDATE,CANDIDATE,1,82.0,3.550841,10.89066,0.9132,Claret (2011 A&A 529 75) ATLAS LS,0.0,0.0,0.2711,0.3858,Mandel and Agol (2002 ApJ 580 171),14.2,,,141.85597,0.00641,-0.00641,0.0,,,,,,1.23,0.19,-0.21,0.1045,,,0.55,0.033,-0.457,4.831,0.188,-0.188,,,,106.5,8.5,-8.5,12.85755895,9.503e-05,-9.503e-05,0.009747,0.000194,-0.000774,17.24,7.5,-7.5,88.17,,,860.0,,,5860.0,79.0,-79.0,4.276,0.162,-0.108,-0.2,0.15,-0.15,1.156,0.178,-0.195,0.922,0.073,-0.053,,,,q1_q17_dr25_stellar,0.221,19.620058,2.5e-05,39.51934,0.00027,-0.4,1.1,0.99,0.96,4e-05,0.0001,-8.9e-05,9.4e-05,-0.3,0.41,-2.0,1.1,2.0,1.1,-0.44,0.44,-2.0,1.1,2.1,1.1,NO_COMMENT,2018-08-16 00:00:00,1.0,q1_q17_dr25_tce,004/004474/004474462/dv/kplr004474462-001-20160209194854_dvs.pdf,q1_q17_dr25_sup_koi,q1_q17_dr25_koi,2454974.856,0.00641,-0.00641,004/004474/004474462/dv/kplr004474462-20160209194854_dvr.pdf,0,0,0,0,129.15,52.29,-44.62,0.5859,0.51172,-0.00072,LS+MCMC,0.886,1
6947164,K03531.01,,291.35696,0.0,19h25m25.67s,42.493641,0.0,+42d29m37.1s,15.101,,14.585,,14.419,,14.361,,13.513,0.022,13.159,0.021,13.105,0.024,14.624,,cumulative,Done,11111111111111111000000000000000,FALSE POSITIVE,FALSE POSITIVE,1,20.0,1458.0443,4710.9443,0.8633,Claret (2011 A&A 529 75) ATLAS LS,0.0,0.0,0.2916,0.3447,Mandel and Agol (2002 ApJ 580 171),2424.0,,,190.4997847,5.85e-05,-5.85e-05,0.0,,,,,,50.88,15.25,-5.07,0.332,,,0.882,0.017,-0.018,8.81169,0.00311,-0.00311,,,,150931.0,78.7,-78.7,70.58284717,5.308e-06,-5.308e-06,0.515411,0.011869,-0.011904,75.418,0.476,-0.476,89.33,,,435.0,,,5973.0,161.0,-178.0,4.516,0.052,-0.208,-0.22,0.3,-0.3,0.904,0.271,-0.09,0.98,0.118,-0.13,,,,q1_q17_dr25_stellar,0.0,19.423795855,5.7e-08,42.49364084,5.5e-07,-0.0854,0.0023,0.003,0.002,0.0,0.15,0.0,0.21,0.003,0.067,-0.001,0.067,0.003,0.067,0.014,0.067,-0.041,0.067,0.043,0.067,MOD_ODDEVEN_DV---MOD_ODDEVEN_ALT---DEEP_V_SHAPED,2018-08-16 00:00:00,1.0,q1_q17_dr25_tce,006/006947/006947164/dv/kplr006947164-001-20160209194854_dvs.pdf,q1_q17_dr25_sup_koi,q1_q17_dr25_koi,2455023.5,5.85e-05,-5.85e-05,006/006947/006947164/dv/kplr006947164-20160209194854_dvr.pdf,0,1,0,0,8.45,7.42,-2.38,1.62889,0.01027,-0.01027,LS+MCMC,0.0,0
5972334,K00191.02,Kepler-487 d,295.28723,0.0,19h41m08.94s,41.221958,0.0,+41d13m19.0s,15.562,,14.955,,14.747,,14.68,,13.732,0.024,13.326,0.027,13.25,0.037,14.991,,cumulative,Done,11111011101110111000000000000000,CONFIRMED,CANDIDATE,4,426.0,8.395141,52.920734,0.1946,Claret (2011 A&A 529 75) ATLAS LS,0.0,0.0,0.2327,0.4526,Mandel and Agol (2002 ApJ 580 171),69.1,,,132.505587,0.000864,-0.000864,0.0,,,,,,2.25,0.23,-0.17,0.0337,,,0.018,0.439,-0.018,2.0744,0.0311,-0.0311,,,,665.4,10.9,-10.9,2.418406841,2.472e-06,-2.472e-06,0.023206,0.000783,-0.000257,9.131,0.5,-0.5,89.89,,,1226.0,,,5422.0,108.0,-108.0,4.484,0.063,-0.077,0.02,0.15,-0.15,0.887,0.09,-0.067,0.874,0.055,-0.046,,,,q1_q17_dr25_stellar,0.063,19.6858078,6.1e-06,41.222011,5.9e-05,-0.31,0.25,0.18,0.21,0.00025,0.00016,1e-05,0.00014,-0.33,0.83,0.09,0.28,0.34,0.84,-0.11,0.81,0.18,0.3,0.21,0.62,NO_COMMENT,2018-08-16 00:00:00,2.0,q1_q17_dr25_tce,005/005972/005972334/dv/kplr005972334-002-20160209194854_dvs.pdf,q1_q17_dr25_sup_koi,q1_q17_dr25_koi,2454965.506,0.000864,-0.000864,005/005972/005972334/dv/kplr005972334-20160209194854_dvr.pdf,0,0,0,0,535.84,167.62,-113.31,2.46233,0.13494,-0.76116,LS+MCMC,0.996,1
8890996,K07107.01,,293.82175,0.0,19h35m17.22s,45.10775,0.0,+45d06m27.9s,12.703,,12.42,,12.395,,12.382,,11.623,0.021,11.4,0.017,11.37,0.017,12.491,,cumulative,Done,11111111111111111000000000000000,FALSE POSITIVE,FALSE POSITIVE,1,892.0,4.3426085,9.512498,0.4912,Claret (2011 A&A 529 75) ATLAS LS,0.0,0.0,0.3189,0.274,Mandel and Agol (2002 ApJ 580 171),14.4,,,132.98683,0.00866,-0.00866,0.0,,,,,,1.13,0.25,-0.3,0.0294,,,0.677,0.29,-0.466,2.622,0.287,-0.287,,,,27.8,2.4,-2.4,1.50650745,1.536e-05,-1.536e-05,0.00513,3.4e-05,-0.000552,3.36,1.3,-1.3,78.38,,,2498.0,,,6839.0,163.0,-225.0,4.003,0.204,-0.136,-0.06,0.25,-0.3,2.02,0.446,-0.545,1.497,0.172,-0.257,,,,q1_q17_dr25_stellar,0.0,19.588077,2.2e-05,45.10838,0.00026,-1.51,0.85,2.28,0.94,2.6e-05,1.5e-05,-4e-05,1.6e-05,-1.19,0.94,1.8,1.1,2.16,0.68,-1.14,0.86,1.9,1.2,2.19,0.81,MOD_SEC_ALT---EPHEM_MATCH,2018-08-16 00:00:00,1.0,q1_q17_dr25_tce,008/008890/008890996/dv/kplr008890996-001-20160209194854_dvs.pdf,q1_q17_dr25_sup_koi,q1_q17_dr25_koi,2454965.987,0.00866,-0.00866,008/008890/008890996/dv/kplr008890996-20160209194854_dvr.pdf,0,1,0,1,9242.43,5892.76,-4931.67,0.31605,0.50309,-0.03992,LS+MCMC,0.0,0
8260218,K01066.01,,299.78632,0.0,19h59m08.72s,44.16954,0.0,+44d10m10.3s,16.237,,15.596,,15.36,,15.256,,14.295,0.029,13.888,0.043,13.856,0.041,15.623,,cumulative,Done,00011111111111111000000000000000,CANDIDATE,CANDIDATE,1,200.0,56.74603,529.8256,0.5628,Claret (2011 A&A 529 75) ATLAS LS,0.0,0.0,0.2787,0.3728,Mandel and Agol (2002 ApJ 580 171),537.7,,,355.00831,0.000154,-0.000154,0.0,,,,,,9.29,2.47,-0.99,0.0597,,,0.096,0.121,-0.066,3.14126,0.00573,-0.00573,,,,12294.8,26.4,-26.4,5.714817603,1.249e-06,-1.249e-06,0.101045,0.000109,-0.000195,15.258,0.241,-0.241,89.64,,,943.0,,,5695.0,189.0,-189.0,4.526,0.058,-0.173,-0.28,0.3,-0.3,0.842,0.224,-0.09,0.869,0.1,-0.09,,,,q1_q17_dr25_stellar,0.0,19.98576669,4.8e-07,44.1697,6.1e-06,0.441,0.018,0.576,0.022,0.00954,0.00088,0.0107,0.0012,-2.48,0.13,-1.94,0.27,3.15,0.22,-0.054,0.07,0.058,0.068,0.079,0.069,CENT_KIC_POS,2018-08-16 00:00:00,1.0,q1_q17_dr25_tce,008/008260/008260218/dv/kplr008260218-001-20160209194854_dvs.pdf,q1_q17_dr25_sup_koi,q1_q17_dr25_koi,2455188.008,0.000154,-0.000154,008/008260/008260218/dv/kplr008260218-20160209194854_dvr.pdf,0,0,0,0,187.27,154.76,-56.76,2.05742,0.03249,-0.02283,LS+MCMC,1.0,1
10329469,K02271.01,Kepler-1168 b,287.2977,0.0,19h09m11.45s,47.455441,0.0,+47d27m19.6s,16.327,,15.585,,15.323,,15.209,,14.146,0.027,13.771,0.031,13.686,0.044,15.624,,cumulative,Done,11111111111111111000000000000000,CONFIRMED,CANDIDATE,1,22.0,7.0354476,20.842255,0.9005,Claret (2011 A&A 529 75) ATLAS LS,0.0,0.0,0.2075,0.49,Mandel and Agol (2002 ApJ 580 171),23.7,,,169.03741,0.00545,-0.00545,0.0,,,,,,2.13,0.28,-0.19,0.2663,,,0.031,0.424,-0.031,5.457,0.17,-0.17,,,,879.6,42.6,-42.6,55.8224775,0.00041,-0.00041,0.026492,0.001343,-0.000637,80.19,5.3,-5.3,89.98,,,379.0,,,5162.0,153.0,-138.0,4.611,0.033,-0.083,-0.18,0.3,-0.3,0.736,0.097,-0.065,0.817,0.065,-0.09,,,,q1_q17_dr25_stellar,0.054,19.153151,1.7e-05,47.45545,0.00016,-1.02,0.62,0.05,0.56,0.00103,0.00054,2e-05,0.0005,-0.14,0.31,0.08,0.29,0.17,0.36,0.06,0.18,0.24,0.28,0.25,0.28,NO_COMMENT,2018-08-16 00:00:00,1.0,q1_q17_dr25_tce,010/010329/010329469/dv/kplr010329469-001-20160209194854_dvs.pdf,q1_q17_dr25_sup_koi,q1_q17_dr25_koi,2455002.037,0.00545,-0.00545,010/010329/010329469/dv/kplr010329469-20160209194854_dvr.pdf,0,0,0,0,4.85,2.14,-1.23,3.12988,0.20738,-1.19316,LS+MCMC,0.998,1
11671579,K04510.01,Kepler-1611 b,296.51205,0.0,19h46m02.89s,49.72776,0.0,+49d43m39.9s,14.987,,14.388,,14.198,,14.093,,13.137,0.022,12.782,0.02,12.689,0.027,14.435,,cumulative,Done,11111111111111111000000000000000,CONFIRMED,CANDIDATE,1,265.0,3.2654912,11.398058,0.2254,Claret (2011 A&A 529 75) ATLAS LS,0.0,0.0,0.2329,0.4554,Mandel and Agol (2002 ApJ 580 171),13.4,,,133.7381,0.0118,-0.0118,0.0,,,,,,1.31,0.21,-0.29,0.0586,,,0.097,0.37,-0.097,5.261,0.27,-0.27,,,,78.7,6.8,-6.8,5.17624997,6.406e-05,-6.406e-05,0.008007,0.000513,-0.000405,7.564,0.969,-0.969,89.26,,,1243.0,,,5578.0,83.0,-66.0,4.088,0.195,-0.09,0.14,0.15,-0.15,1.497,0.237,-0.326,1.001,0.081,-0.073,,,,q1_q17_dr25_stellar,0.483,19.767483,2.9e-05,49.72787,0.00029,0.5,1.0,0.4,1.0,-8.2e-05,8.2e-05,-1.6e-05,8.5e-05,0.32,0.35,-0.49,0.72,0.59,0.64,0.14,0.36,-0.4,0.63,0.43,0.61,NO_COMMENT,2018-08-16 00:00:00,1.0,q1_q17_dr25_tce,011/011671/011671579/dv/kplr011671579-001-20160209194854_dvs.pdf,q1_q17_dr25_sup_koi,q1_q17_dr25_koi,2454966.738,0.0118,-0.0118,011/011671/011671579/dv/kplr011671579-20160209194854_dvr.pdf,0,0,0,0,565.42,239.37,-235.53,0.30556,0.03914,-0.13485,LS+MCMC,1.0,1
5005121,K02237.01,Kepler-1811 b,289.97934,0.0,19h19m55.04s,40.14283,0.0,+40d08m34.2s,15.628,,15.116,,14.967,,14.898,,14.02,0.023,13.617,0.031,13.606,0.043,15.165,,cumulative,Done,11111111111111111000000000000000,CONFIRMED,CANDIDATE,1,19.0,7.2662935,17.667221,0.9352,Claret (2011 A&A 529 75) ATLAS LS,0.0,0.0,0.224,0.4695,Mandel and Agol (2002 ApJ 580 171),23.9,,,164.4879,0.0132,-0.0132,0.0,,,,,,2.81,0.42,-0.51,0.3462,,,0.015,0.509,-0.015,7.218,0.396,-0.396,,,,578.4,28.9,-28.9,76.421501,0.001323,-0.001323,0.021656,0.001009,-0.001096,82.6,32.4,-32.4,89.99,,,455.0,,,5561.0,83.0,-75.0,4.263,0.168,-0.112,0.16,0.15,-0.15,1.19,0.177,-0.216,0.946,0.068,-0.045,,,,q1_q17_dr25_stellar,0.254,19.331947,1.6e-05,40.1427,0.00017,-0.36,0.65,-0.49,0.6,0.00031,0.00039,0.00022,0.00037,-0.1,0.26,0.07,0.26,0.12,0.29,-0.16,0.22,-0.13,0.28,0.2,0.24,NO_COMMENT,2018-08-16 00:00:00,1.0,q1_q17_dr25_tce,005/005005/005005121/dv/kplr005005121-001-20160209194854_dvs.pdf,q1_q17_dr25_sup_koi,q1_q17_dr25_koi,2454997.488,0.0132,-0.0132,005/005005/005005121/dv/kplr005005121-20160209194854_dvr.pdf,0,0,0,0,10.11,4.05,-3.69,1.82753,0.71609,-0.92471,LS+MCMC,0.994,1
2721030,K01094.01,Kepler-766 b,293.18454,0.0,19h32m44.29s,37.969841,0.0,+37d58m11.4s,16.211,,15.628,,15.45,,15.367,,14.398,0.037,14.128,0.038,13.994,,15.678,,cumulative,Done,11111111111111111000000000000000,CONFIRMED,CANDIDATE,1,222.0,5.3664794,37.201897,0.8594,Claret (2011 A&A 529 75) ATLAS LS,0.0,0.0,0.2889,0.3511,Mandel and Agol (2002 ApJ 580 171),43.2,,,135.58656,0.00233,-0.00233,0.0,,,,,,2.59,0.82,-0.28,0.066,,,0.015,0.36,-0.015,4.7476,0.0647,-0.0647,,,,766.6,19.6,-19.6,6.10027621,1.621e-05,-1.621e-05,0.025279,0.000637,-0.00035,10.081,0.245,-0.245,89.92,,,990.0,,,5957.0,195.0,-195.0,4.506,0.039,-0.208,-0.08,0.3,-0.3,0.937,0.299,-0.1,1.026,0.129,-0.129,,,,q1_q17_dr25_stellar,0.001,19.5456439,7.6e-06,37.969614,7.4e-05,0.37,0.32,-0.82,0.27,-0.00048,0.00024,-0.00021,0.0002,0.41,0.19,0.31,0.17,0.52,0.23,0.12,0.18,0.01,0.17,0.12,0.19,NO_COMMENT,2018-08-16 00:00:00,1.0,q1_q17_dr25_tce,002/002721/002721030/dv/kplr002721030-001-20160209194854_dvs.pdf,q1_q17_dr25_sup_koi,q1_q17_dr25_koi,2454968.587,0.00233,-0.00233,002/002721/002721030/dv/kplr002721030-20160209194854_dvr.pdf,0,0,0,0,227.15,222.45,-68.49,0.52073,0.01266,-0.14071,LS+MCMC,0.994,1
6309763,K00611.01,,298.29404,0.0,19h53m10.57s,41.6838,0.0,+41d41m01.7s,14.385,,13.964,,13.866,,13.803,,12.979,0.021,12.7,0.024,12.708,0.022,14.022,,cumulative,Done,11111111111111111000000000000000,CANDIDATE,CANDIDATE,1,412.0,33.613243,447.0862,0.4656,Claret (2011 A&A 529 75) ATLAS LS,0.0,0.0,0.302,0.319,Mandel and Agol (2002 ApJ 580 171),466.2,,,171.0604906,8.78e-05,-8.78e-05,0.0,,,,,,9.83,3.04,-1.21,0.0448,,,0.938,0.01,-0.009,1.5286,0.0132,-0.0132,,,,4747.9,17.1,-17.1,3.251659087,3.66e-07,-3.66e-07,0.082842,0.003548,-0.003542,8.854,0.493,-0.493,83.92,,,1384.0,,,6367.0,160.0,-208.0,4.419,0.065,-0.208,-0.14,0.25,-0.3,1.087,0.336,-0.134,1.131,0.162,-0.146,,,,q1_q17_dr25_stellar,0.0,19.88627009,6.3e-07,41.6837982,6.5e-06,0.032,0.025,-0.007,0.023,-0.00076,0.00029,8e-05,0.00037,0.064,0.068,0.008,0.067,0.065,0.068,0.036,0.069,0.052,0.068,0.063,0.069,NO_COMMENT,2018-08-16 00:00:00,1.0,q1_q17_dr25_tce,006/006309/006309763/dv/kplr006309763-001-20160209194854_dvs.pdf,q1_q17_dr25_sup_koi,q1_q17_dr25_koi,2455004.06,8.78e-05,-8.78e-05,006/006309/006309763/dv/kplr006309763-20160209194854_dvr.pdf,0,0,0,0,865.87,772.89,-283.13,1.24186,0.06909,-0.10837,LS+MCMC,1.0,1
11080405,K02442.01,Kepler-386 c,289.85889,0.0,19h19m26.13s,48.693851,0.0,+48d41m37.9s,16.336,,15.588,,15.327,,15.198,,14.183,0.03,13.754,0.04,13.605,0.041,15.629,,cumulative,Done,01111111111111111000000000000000,CONFIRMED,CANDIDATE,2,50.0,5.3757124,16.161253,0.2356,Claret (2011 A&A 529 75) ATLAS LS,0.0,0.0,0.1451,0.582,Mandel and Agol (2002 ApJ 580 171),18.0,,,146.4301,0.00575,-0.00575,0.0,,,,,,1.95,0.09,-0.15,0.156,,,0.679,0.025,-0.517,4.62,0.151,-0.151,,,,481.2,28.3,-28.3,25.1933989,0.0001689,-0.0001689,0.021238,0.004527,-0.001763,31.8,13.5,-13.5,88.78,,,513.0,,,5009.0,82.0,-75.0,4.491,0.077,-0.028,0.16,0.15,-0.15,0.84,0.038,-0.063,0.797,0.059,-0.025,,,,q1_q17_dr25_stellar,0.21,19.323915,2e-05,48.6937,0.0002,-0.37,0.72,-0.54,0.71,-0.00011,0.00036,0.00035,0.00036,-0.24,0.32,0.01,0.28,0.24,0.32,-0.27,0.33,0.07,0.28,0.28,0.31,NO_COMMENT,2018-08-16 00:00:00,1.0,q1_q17_dr25_tce,011/011080/011080405/dv/kplr011080405-001-20160209194854_dvs.pdf,q1_q17_dr25_sup_koi,q1_q17_dr25_koi,2454979.43,0.00575,-0.00575,011/011080/011080405/dv/kplr011080405-20160209194854_dvr.pdf,0,0,0,0,16.34,2.7,-3.18,0.9584,1.21719,-0.82484,LS+MCMC,0.999,1
7515762,K02524.01,Kepler-1268 b,287.83847,0.0,19h11m21.23s,43.153229,0.0,+43d09m11.6s,15.67,,15.218,,15.101,,15.044,,14.153,0.028,13.909,0.027,13.764,0.04,15.272,,cumulative,Done,11111111111111111000000000000000,CONFIRMED,CANDIDATE,1,35.0,4.697859,14.687093,0.0129,Claret (2011 A&A 529 75) ATLAS LS,0.0,0.0,0.2638,0.4046,Mandel and Agol (2002 ApJ 580 171),15.4,,,132.4136,0.00852,-0.00852,0.0,,,,,,2.41,0.42,-0.46,0.2383,,,0.048,0.409,-0.048,7.336,0.249,-0.249,,,,297.3,22.1,-22.1,40.9905002,0.0004401,-0.0004401,0.015658,0.000856,-0.000638,43.31,2.7,-2.7,89.94,,,627.0,,,5842.0,79.0,-70.0,4.17,0.176,-0.095,0.14,0.15,-0.15,1.41,0.246,-0.27,1.072,0.107,-0.071,,,,q1_q17_dr25_stellar,0.078,19.189218,2.4e-05,43.15297,0.00027,-0.56,0.94,-0.93,0.99,0.00013,0.00028,0.00034,0.0003,-0.58,0.44,-0.95,0.88,1.11,0.71,-0.71,0.42,-1.03,0.87,1.25,0.66,NO_COMMENT,2018-08-16 00:00:00,1.0,q1_q17_dr25_tce,007/007515/007515762/dv/kplr007515762-001-20160209194854_dvs.pdf,q1_q17_dr25_sup_koi,q1_q17_dr25_koi,2454965.414,0.00852,-0.00852,007/007515/007515762/dv/kplr007515762-20160209194854_dvr.pdf,0,0,0,0,36.5,16.62,-13.77,0.91456,0.05803,-0.38585,LS+MCMC,0.951,1
6198182,K02636.02,,289.68671,0.0,19h18m44.81s,41.588928,0.0,+41d35m20.1s,12.745,,12.263,,12.138,,,,10.986,0.027,10.775,0.032,10.666,0.018,12.32,,cumulative,Done,11111111111111111000000000000000,CANDIDATE,CANDIDATE,2,235.0,2.8499231,8.000348,,Claret (2011 A&A 529 75) ATLAS LS,0.0,0.0,0.272,0.3887,Mandel and Agol (2002 ApJ 580 171),6.1,,,133.5044,0.0543,-0.0543,0.0,,,,,,0.63,0.12,-0.04,0.0592,,,0.025,0.4872,-0.0249,8.275,0.869,-0.869,,,,41.7,6.1,-6.1,5.1777226,0.0009756,-0.0009756,0.005867,0.009348,-0.001467,4.84,2.4,-2.4,89.95,,,1050.0,,,5854.0,106.0,-130.0,4.469,0.036,-0.036,0.06,0.1,-0.1,0.979,0.185,-0.057,1.03,0.057,-0.074,,,,stellar_q1_q17,0.001,19.31243,2.2e-05,41.58937,0.00027,-0.65,0.9,1.58,0.96,2.1e-05,2.5e-05,-4.4e-05,2.7e-05,-0.32,0.52,0.36,0.54,0.48,0.66,-0.16,0.53,0.39,0.56,0.42,0.66,,2018-08-16 00:00:00,2.0,q1_q17_dr24_tce,006/006198/006198182/dv/kplr006198182-002-20141002224145_dvs.pdf,q1_q17_dr25_sup_koi,q1_q17_dr24_koi,2454966.504,0.0543,-0.0543,006/006198/006198182/dv/kplr006198182-20141002224145_dvr.pdf,0,0,0,0,287.44,149.13,-54.4,0.0802,28.47704,-0.05186,MCMC,,1
10518399,K02800.01,,283.73706,0.0,18h54m56.89s,47.797131,0.0,+47d47m49.7s,15.065,,14.471,,14.28,,14.199,,13.244,0.025,12.887,0.021,12.736,0.034,14.515,,cumulative,Done,11111111111111111000000000000000,FALSE POSITIVE,FALSE POSITIVE,1,501.0,3.5224113,17.329914,0.6138,Claret (2011 A&A 529 75) ATLAS LS,0.0,0.0,0.2736,0.3819,Mandel and Agol (2002 ApJ 580 171),22.2,,,132.99372,0.00467,-0.00467,0.0,,,,,,1.24,0.4,-0.32,0.0358,,,0.628,0.308,-0.415,3.892,0.159,-0.159,,,,109.0,5.8,-5.8,2.69636494,1.566e-05,-1.566e-05,0.009999,0.00259,-0.000504,4.26,2.1,-2.1,81.53,,,1406.0,,,5653.0,152.0,-152.0,4.25,0.282,-0.212,-0.22,0.3,-0.25,1.139,0.363,-0.297,0.842,0.122,-0.071,,,,q1_q17_dr25_stellar,0.002,18.915815,2e-05,47.79746,0.0002,0.41,0.73,1.2,0.72,-3.5e-05,7.3e-05,-0.000129,7.2e-05,0.99,0.41,1.33,0.58,1.66,0.52,0.88,0.41,1.33,0.59,1.6,0.54,MOD_SEC_DV---MOD_SEC_ALT---HALO_GHOST---EPHEM_MATCH,2018-08-16 00:00:00,1.0,q1_q17_dr25_tce,010/010518/010518399/dv/kplr010518399-001-20160209194854_dvs.pdf,q1_q17_dr25_sup_koi,q1_q17_dr25_koi,2454965.994,0.00467,-0.00467,010/010518/010518399/dv/kplr010518399-20160209194854_dvr.pdf,0,1,1,1,925.14,863.78,-471.79,0.20105,0.19543,-0.17479,LS+MCMC,0.0,0
5428657,K06130.01,,284.44101,0.0,18h57m45.84s,40.625,0.0,+40d37m30.0s,16.031,,15.106,,14.731,,14.521,,13.45,0.025,12.854,0.023,12.726,0.025,15.121,,cumulative,Done,11110111011101110000000000000000,CANDIDATE,CANDIDATE,1,670.0,5.3681607,19.034397,0.0247,Claret (2011 A&A 529 75) ATLAS LS,0.0,0.0,0.1554,0.5738,Mandel and Agol (2002 ApJ 580 171),20.7,,,132.61697,0.00204,-0.00204,0.0,,,,,,1.05,0.08,-0.07,0.0212,,,0.013,0.435,-0.013,1.1121,0.0835,-0.0835,,,,401.4,25.0,-25.0,1.54287434,3.693e-06,-3.693e-06,0.017873,0.001111,-0.000633,10.8,1.8,-1.8,89.93,,,1007.0,,,4530.0,139.0,-139.0,4.704,0.052,-0.032,-1.0,0.3,-0.3,0.539,0.039,-0.039,0.537,0.043,-0.028,,,,q1_q17_dr25_stellar,0.006,18.962702,1.5e-05,40.62475,0.00015,-1.33,0.6,-0.91,0.55,0.00033,0.00022,0.00026,0.0002,-0.36,0.091,-0.11,0.12,0.38,0.11,-0.607,0.095,-0.29,0.12,0.67,0.12,NO_COMMENT,2018-08-16 00:00:00,1.0,q1_q17_dr25_tce,005/005428/005428657/dv/kplr005428657-001-20160209194854_dvs.pdf,q1_q17_dr25_sup_koi,q1_q17_dr25_koi,2454965.617,0.00204,-0.00204,005/005428/005428657/dv/kplr005428657-20160209194854_dvr.pdf,0,0,0,0,243.62,72.53,-58.55,10.01963,1.64473,-4.65353,LS+MCMC,0.999,1
11253827,K02672.02,Kepler-396 b,296.13281,0.0,19h44m31.87s,48.977402,0.0,+48d58m38.6s,12.429,,11.862,,11.703,,11.646,,10.672,0.021,10.356,0.018,10.285,0.017,11.921,,cumulative,Done,11111111111111111000000000000000,CONFIRMED,CANDIDATE,2,32.0,22.794655,78.22098,0.4385,Claret (2011 A&A 529 75) ATLAS LS,0.0,0.0,0.2327,0.4526,Mandel and Agol (2002 ApJ 580 171),34.1,,,162.50532,0.00334,-0.00334,0.0,,,,,,3.32,0.42,-0.27,0.2336,,,0.643,0.246,-0.42,4.726,0.11,-0.11,,,,1120.1,37.1,-37.1,42.9923284,0.0001741,-0.0001741,0.032127,0.004906,-0.001838,56.1,18.9,-18.9,89.34,,,496.0,,,5593.0,111.0,-111.0,4.45,0.068,-0.102,0.02,0.15,-0.15,0.945,0.122,-0.075,0.918,0.063,-0.051,,,,q1_q17_dr25_stellar,0.474,19.7421871,1.7e-06,48.977362,1.7e-05,-0.032,0.059,-0.135,0.061,6.6e-05,7.6e-05,5e-06,8.9e-05,0.1,0.099,-0.12,0.13,0.154,0.097,0.16,0.1,-0.22,0.14,0.27,0.11,NO_COMMENT,2018-08-16 00:00:00,1.0,q1_q17_dr25_tce,011/011253/011253827/dv/kplr011253827-001-20160209194854_dvs.pdf,q1_q17_dr25_sup_koi,q1_q17_dr25_koi,2454995.505,0.00334,-0.00334,011/011253/011253827/dv/kplr011253827-20160209194854_dvr.pdf,0,0,0,0,14.33,5.44,-3.12,1.80643,1.82474,-1.28826,LS+MCMC,1.0,1
3858704,K01211.01,,293.64841,0.0,19h34m35.62s,38.976021,0.0,+38d58m33.7s,12.779,,12.42,,12.346,,12.343,,11.537,0.022,11.327,0.022,11.291,0.02,12.476,,cumulative,Done,11111011101110111000000000000000,FALSE POSITIVE,FALSE POSITIVE,1,361.0,6.0075073,30.406467,0.1567,Claret (2011 A&A 529 75) ATLAS LS,0.0,0.0,0.3036,0.3098,Mandel and Agol (2002 ApJ 580 171),38.5,,,135.64129,0.00424,-0.00424,0.0,,,,,,1.43,0.24,-0.24,0.0414,,,0.727,0.0,-0.537,3.732,0.111,-0.111,,,,101.2,3.2,-3.2,3.00363219,1.364e-05,-1.364e-05,0.009909,0.001088,-0.000535,4.39,1.9,-1.9,80.46,,,1571.0,,,6309.0,88.0,-75.0,4.217,0.149,-0.108,-0.28,0.2,-0.15,1.32,0.224,-0.224,1.046,0.105,-0.062,,,,q1_q17_dr25_stellar,0.0,19.5788892,7.7e-06,38.966513,9.1e-05,97.78,0.32,-34.22,0.33,-0.01086,3.6e-05,0.003816,3.7e-05,10.58,0.21,-3.64,0.34,11.19,0.3,10.74,0.22,-3.48,0.35,11.29,0.31,CENT_RESOLVED_OFFSET,2018-08-16 00:00:00,1.0,q1_q17_dr25_tce,003/003858/003858704/dv/kplr003858704-001-20160209194854_dvs.pdf,q1_q17_dr25_sup_koi,q1_q17_dr25_koi,2454968.641,0.00424,-0.00424,003/003858/003858704/dv/kplr003858704-20160209194854_dvr.pdf,0,0,1,0,1441.44,643.09,-494.12,0.17722,0.30348,-0.14157,LS+MCMC,0.001,0
9851983,K07969.01,,299.0531,0.0,19h56m12.74s,46.620392,0.0,+46d37m13.4s,13.869,,13.387,,13.2,,13.1,,12.199,0.03,11.947,0.04,11.848,0.03,13.401,,cumulative,Done,11111101110111011000000000000000,FALSE POSITIVE,FALSE POSITIVE,1,739.0,3.3285527,11.88649,0.4806,Claret (2011 A&A 529 75) ATLAS LS,0.0,0.0,0.2945,0.3061,Mandel and Agol (2002 ApJ 580 171),94.0,,,132.71661,0.00289,-0.00289,0.0,,,,,,52.87,13.71,-31.99,0.0266,,,1.169,0.09,-0.108,11.838,0.417,-0.417,,,,212.2,3.2,-3.2,1.456383399,5.12e-06,-5.12e-06,0.182985,0.085452,-0.106889,1.187,0.247,-0.247,9.93,,,2721.0,,,6184.0,218.0,-196.0,3.665,0.74,-0.131,-0.76,0.3,-0.25,2.646,0.686,-1.601,1.179,0.154,-0.334,,,,q1_q17_dr25_stellar,0.0,19.936872,2.3e-05,46.62135,0.00024,-0.07,0.85,3.45,0.86,1e-06,3.6e-05,-0.000157,3.6e-05,-0.11,0.15,0.23,0.12,0.25,0.13,-0.24,0.14,0.17,0.13,0.29,0.14,LPP_DV,2018-08-16 00:00:00,1.0,q1_q17_dr25_tce,009/009851/009851983/dv/kplr009851983-001-20160209194854_dvs.pdf,q1_q17_dr25_sup_koi,q1_q17_dr25_koi,2454965.717,0.00289,-0.00289,009/009851/009851983/dv/kplr009851983-20160209194854_dvr.pdf,1,0,0,0,12950.97,10638.45,-11175.13,0.01492,0.0031,-0.00426,LS+MCMC,0.078,0
5780930,K03412.01,Kepler-1492 b,288.59711,0.0,19h14m23.31s,41.03643,0.0,+41d02m11.1s,15.476,,14.466,,14.13,,13.937,,12.804,0.02,12.26,0.022,12.158,0.021,14.534,,cumulative,Done,11111111111111111000000000000000,CONFIRMED,CANDIDATE,1,80.0,4.38105,17.22608,0.6646,Claret (2011 A&A 529 75) ATLAS LS,0.0,0.0,0.098,0.6538,Mandel and Agol (2002 ApJ 580 171),18.2,,,131.59834,0.00495,-0.00495,0.0,,,,,,3.65,2.08,-2.29,0.1262,,,0.763,0.157,-0.513,3.174,0.149,-0.149,,,,338.3,21.8,-21.8,16.7525077,9.82e-05,-9.82e-05,0.018524,0.003698,-0.002301,27.2,12.9,-12.9,88.39,,,801.0,,,4807.0,129.0,-129.0,3.906,0.7,-0.3,0.48,0.05,-0.25,1.802,1.029,-1.131,0.955,0.196,-0.16,,,,q1_q17_dr25_stellar,0.062,19.239792,1.3e-05,41.03622,0.00014,-0.61,0.51,-0.75,0.5,0.00018,0.00018,0.00017,0.00017,0.03,0.27,0.01,0.29,0.03,0.29,-0.01,0.27,-0.23,0.3,0.23,0.3,NO_COMMENT,2018-08-16 00:00:00,1.0,q1_q17_dr25_tce,005/005780/005780930/dv/kplr005780930-001-20160209194854_dvs.pdf,q1_q17_dr25_sup_koi,q1_q17_dr25_koi,2454964.598,0.00495,-0.00495,005/005780/005780930/dv/kplr005780930-20160209194854_dvr.pdf,0,0,0,0,97.43,169.91,-85.31,1.35716,3.21778,-1.02911,LS+MCMC,1.0,1
8561063,K00961.03,Kepler-42 d,292.21906,0.0,19h28m52.57s,44.61916,0.0,+44d37m09.0s,17.27,,15.909,,15.338,,,,12.177,0.021,11.685,0.018,11.465,0.018,15.92,,cumulative,Done,11111111111111111000000000000000,CONFIRMED,CANDIDATE,3,633.0,5.5075283,33.096786,0.9296,Claret (2011 A&A 529 75) ATLAS LS,0.0,0.0,0.4341,0.2646,Mandel and Agol (2002 ApJ 580 171),56.9,,,133.792344,0.000476,-0.000476,0.0,,,,,,0.66,0.17,-0.08,0.0151,,,0.785,0.129,-0.541,0.4279,0.0221,-0.0221,,,,1124.8,22.1,-22.1,1.865114193,1.005e-06,-1.005e-06,0.040715,0.00022,-0.004542,22.8,10.5,-10.5,88.02,,,455.0,,,3292.0,44.0,-24.0,5.215,0.053,-0.098,-0.42,0.15,-0.15,0.148,0.039,-0.017,0.132,0.039,-0.013,,,,q1_q17_dr25_stellar,0.005,19.481296,4.9e-06,44.617909,5e-05,0.99,0.19,-4.5,0.18,0.00024,0.0002,-0.00025,0.00021,-0.12,0.15,-0.1,0.36,0.15,0.33,1.1,0.17,-4.77,0.31,4.89,0.28,CENT_KIC_POS,2018-08-16 00:00:00,2.0,q1_q17_dr25_tce,008/008561/008561063/dv/kplr008561063-002-20160209194854_dvs.pdf,q1_q17_dr25_sup_koi,q1_q17_dr25_koi,2454966.792,0.000476,-0.000476,008/008561/008561063/dv/kplr008561063-20160209194854_dvr.pdf,0,0,0,0,10.1,6.9,-2.42,64.04739,177.05307,-44.56656,LS+MCMC,1.0,1
8841616,K07097.01,,299.16168,0.0,19h56m38.80s,45.05191,0.0,+45d03m06.9s,13.778,,12.811,,12.426,,,,10.231,0.027,9.653,0.031,9.456,0.021,12.833,,cumulative,Done,11111111111111111000000000000000,FALSE POSITIVE,FALSE POSITIVE,1,797.0,2453.3064,4314.3325,-1.0,Claret (2011 A&A 529 75) ATLAS LS,0.0,0.0,0.1554,0.5738,Mandel and Agol (2002 ApJ 580 171),1884.3,,,131.5600829,9.25e-05,-9.25e-05,0.0,,,,,,28.99,2.57,-2.56,0.0228,,,0.97,0.01,-0.011,7.34648,0.00562,-0.00562,,,,101786.0,61.4,-61.4,1.679585725,1.87e-07,-1.87e-07,0.479255,0.00657,-0.009438,2.2781,0.0158,-0.0158,64.8,,,970.0,,,4462.0,156.0,-171.0,4.7,0.045,-0.036,-0.76,0.3,-0.3,0.554,0.049,-0.049,0.561,0.049,-0.044,,,,q1_q17_dr25_stellar,,19.944108826,9e-09,45.05191111,8e-08,-0.13252,0.00033,-0.00322,0.00028,0.0046,0.009,,,-0.034,0.067,-0.001,0.067,0.034,0.067,-0.071,0.067,-0.075,0.068,0.104,0.067,SWEET_EB---MOD_SEC_ALT---CENT_NOFITS,2018-08-16 00:00:00,1.0,q1_q17_dr25_tce,008/008841/008841616/dv/kplr008841616-001-20160209194854_dvs.pdf,q1_q17_dr25_sup_koi,q1_q17_dr25_koi,2454964.56,9.25e-05,-9.25e-05,008/008841/008841616/dv/kplr008841616-20160209194854_dvr.pdf,0,1,0,0,209.45,75.25,-60.6,0.07928,0.00055,-0.00087,LS+MCMC,0.0,0
7204233,K05371.01,,293.00269,0.0,19h32m00.65s,42.708851,0.0,+42d42m31.9s,15.577,,14.634,,14.371,,14.232,,13.198,0.024,12.638,0.026,12.575,0.027,14.733,,cumulative,Done,00011111111111111000000000000000,CANDIDATE,CANDIDATE,1,34.0,3.3094385,8.152118,0.5746,Claret (2011 A&A 529 75) ATLAS LS,0.0,0.0,0.1496,0.5746,Mandel and Agol (2002 ApJ 580 171),8.1,,,149.4642,0.0142,-0.0142,0.0,,,,,,1.14,0.14,-0.07,0.1866,,,0.072,0.388,-0.072,3.003,0.32,-0.32,,,,272.4,38.5,-38.5,33.3037881,0.0005782,-0.0005782,0.014605,0.001184,-0.001439,85.8,16.6,-16.6,89.95,,,422.0,,,4899.0,174.0,-174.0,4.624,0.023,-0.072,0.07,0.3,-0.3,0.713,0.091,-0.042,0.818,0.048,-0.083,,,,q1_q17_dr25_stellar,,19.533552,4.6e-05,42.70826,0.00033,1.6,1.8,-2.1,1.2,,,-0.00024,0.00036,,,,,,,,,,,,,CENT_RESOLVED_OFFSET,2018-08-16 00:00:00,1.0,q1_q17_dr25_tce,007/007204/007204233/dv/kplr007204233-001-20160209194854_dvs.pdf,q1_q17_dr25_sup_koi,q1_q17_dr25_koi,2454982.464,0.0142,-0.0142,007/007204/007204233/dv/kplr007204233-20160209194854_dvr.pdf,0,0,0,0,7.53,3.47,-1.76,10.75613,2.08251,-7.0988,LS+MCMC,0.048,1
9907505,K03427.01,,297.81793,0.0,19h51m16.30s,46.76421,0.0,+46d45m51.2s,16.064,,15.496,,15.322,,15.191,,14.284,0.025,13.897,0.027,13.775,0.048,15.545,,cumulative,Done,01111101110111011000000000000000,FALSE POSITIVE,FALSE POSITIVE,1,23.0,817.62646,3046.483,0.0498,Claret (2011 A&A 529 75) ATLAS LS,0.0,0.0,0.2965,0.3342,Mandel and Agol (2002 ApJ 580 171),1274.3,,,142.4611109,6.6e-05,-6.6e-05,0.0,,,,,,50.2,15.97,-4.03,0.222,,,0.81,0.015,-0.014,6.24701,0.00363,-0.00363,,,,186978.0,207.0,-207.0,39.206808648,3.15e-06,-3.15e-06,0.53388,0.00953,-0.010149,62.452,0.332,-0.332,89.26,,,516.0,,,5945.0,179.0,-179.0,4.545,0.039,-0.208,-0.3,0.3,-0.3,0.861,0.274,-0.069,0.95,0.106,-0.118,,,,q1_q17_dr25_stellar,0.0,19.854523191,9.5e-08,46.7641078,1.1e-06,-0.2038,0.0035,-0.368,0.004,0.0,0.13,-0.24,0.19,0.045,0.068,0.072,0.067,0.085,0.068,-0.054,0.075,-0.208,0.071,0.214,0.071,MOD_SEC_DV---MOD_SEC_ALT---MOD_ODDEVEN_DV---MOD_ODDEVEN_ALT---DEEP_V_SHAPED---HAS_SEC_TCE,2018-08-16 00:00:00,1.0,q1_q17_dr25_tce,009/009907/009907505/dv/kplr009907505-001-20160209194854_dvs.pdf,q1_q17_dr25_sup_koi,q1_q17_dr25_koi,2454975.461,6.6e-05,-6.6e-05,009/009907/009907505/dv/kplr009907505-20160209194854_dvr.pdf,0,1,0,0,16.82,16.08,-4.23,2.99762,0.01595,-0.02048,LS+MCMC,0.0,0
7335972,K04599.01,,281.04361,0.0,18h44m10.47s,42.975761,0.0,+42d58m32.7s,15.884,,15.233,,15.047,,14.96,,14.011,0.028,13.598,0.031,13.527,0.038,15.298,,cumulative,Done,11111111111111111000000000000000,FALSE POSITIVE,FALSE POSITIVE,1,2296.0,3.6588078,8.160799,0.9974,Claret (2011 A&A 529 75) ATLAS LS,0.0,0.0,0.2291,0.4603,Mandel and Agol (2002 ApJ 580 171),44.3,,,132.081304,0.00077,-0.00077,0.0,,,,,,2.4,0.63,-0.2,0.0135,,,0.946,0.006,-0.676,1.0377,0.0323,-0.0323,,,,467.9,12.6,-12.6,0.579770948,5.48e-07,-5.48e-07,0.025773,0.000435,-0.005296,1.949,0.964,-0.964,60.95,,,1953.0,,,5561.0,150.0,-166.0,4.561,0.033,-0.187,0.07,0.25,-0.3,0.854,0.222,-0.074,0.968,0.075,-0.113,,,,q1_q17_dr25_stellar,0.0,18.736094,2e-05,42.97672,0.00023,-5.79,0.77,3.47,0.81,0.00103,0.00017,-0.00087,0.00018,-3.339,0.093,4.197,0.092,5.36,0.1,-3.317,0.094,4.052,0.094,5.237,0.098,MOD_NONUNIQ_ALT---CENT_RESOLVED_OFFSET,2018-08-16 00:00:00,2.0,q1_q17_dr25_tce,007/007335/007335972/dv/kplr007335972-002-20160209194854_dvs.pdf,q1_q17_dr25_sup_koi,q1_q17_dr25_koi,2454965.081,0.00077,-0.00077,007/007335/007335972/dv/kplr007335972-20160209194854_dvr.pdf,1,0,1,0,3425.06,2622.96,-894.04,0.41666,5.7694,-0.04706,LS+MCMC,0.0,0
10338529,K08002.01,,291.46838,0.0,19h25m52.41s,47.4674,0.0,+47d28m02.6s,15.669,,15.156,,15.022,,14.89,,14.006,0.022,13.647,0.028,13.634,0.034,15.216,,cumulative,Done,11111111111111111000000000000000,FALSE POSITIVE,FALSE POSITIVE,1,4.0,4.5922475,7.171099,0.4938,Claret (2011 A&A 529 75) ATLAS LS,0.0,0.0,0.3032,0.3147,Mandel and Agol (2002 ApJ 580 171),9.1,,,308.3136,0.0376,-0.0376,0.0,,,,,,2.35,0.75,-0.38,1.0052,,,0.663,0.284,-0.439,12.446,0.874,-0.874,,,,419.1,54.9,-54.9,366.74866,0.01903,-0.01903,0.019807,0.000927,-0.001857,174.3,83.3,-83.3,89.78,,,281.0,,,6136.0,190.0,-212.0,4.368,0.108,-0.201,-0.18,0.3,-0.3,1.087,0.347,-0.174,1.005,0.167,-0.111,,,,q1_q17_dr25_stellar,0.278,19.431276,6.6e-05,47.4677,0.00054,1.8,2.4,1.1,2.0,-0.0009,0.0012,-0.00058,0.001,0.9,2.1,0.3,3.4,0.9,2.3,0.9,1.7,0.3,3.1,1.0,2.4,MOD_NONUNIQ_ALT---CENT_FEW_DIFFS,2018-08-16 00:00:00,1.0,q1_q17_dr25_tce,010/010338/010338529/dv/kplr010338529-001-20160209194854_dvs.pdf,q1_q17_dr25_sup_koi,q1_q17_dr25_koi,2455141.314,0.0376,-0.0376,010/010338/010338529/dv/kplr010338529-20160209194854_dvr.pdf,1,0,0,0,1.48,1.44,-0.57,0.74517,2.13713,-0.23349,LS+MCMC,0.087,0
4639868,K01326.01,,286.83487,0.0,19h07m20.37s,39.760849,0.0,+39d45m39.1s,13.449,,12.84,,12.674,,12.53,,11.56,0.021,11.115,0.02,11.053,0.02,12.907,,cumulative,Done,11111111111111111000000000000000,FALSE POSITIVE,FALSE POSITIVE,1,27.0,309.93567,1147.6056,0.359,Claret (2011 A&A 529 75) ATLAS LS,0.0,0.0,0.2327,0.4526,Mandel and Agol (2002 ApJ 580 171),1108.5,,,135.9717179,4.92e-05,-4.92e-05,0.0,,,,,,24.02,2.89,-2.89,0.263,,,0.988,0.039,-0.025,2.2868,0.00566,-0.00566,,,,19981.1,25.2,-25.2,53.100942624,3.217e-06,-3.217e-06,0.226043,0.027662,-0.018646,128.679,0.994,-0.994,89.56,,,464.0,,,5465.0,109.0,-98.0,4.396,0.126,-0.084,0.0,0.15,-0.15,0.973,0.117,-0.117,0.859,0.071,-0.038,,,,q1_q17_dr25_stellar,0.0,19.12232612,2.1e-07,39.7609536,3e-06,0.0341,0.0089,0.373,0.011,0.0,0.0011,0.0009,0.0015,-0.009,0.067,-0.034,0.067,0.035,0.067,0.075,0.068,0.396,0.071,0.403,0.071,DEEP_V_SHAPED---CENT_KIC_POS,2018-08-16 00:00:00,1.0,q1_q17_dr25_tce,004/004639/004639868/dv/kplr004639868-001-20160209194854_dvs.pdf,q1_q17_dr25_sup_koi,q1_q17_dr25_koi,2454968.972,4.92e-05,-4.92e-05,004/004639/004639868/dv/kplr004639868-20160209194854_dvr.pdf,0,1,0,0,10.93,3.91,-3.06,14.29477,0.11037,-0.59616,LS+MCMC,0.0,0
9909965,K07252.01,,298.54852,0.0,19h54m11.64s,46.756641,0.0,+46d45m23.9s,14.891,,14.429,,14.268,,14.226,,13.349,0.023,13.039,0.024,12.934,0.027,14.455,,cumulative,Done,11111101110111011000000000000000,CANDIDATE,CANDIDATE,1,103.0,3.1866348,8.385218,0.3812,Claret (2011 A&A 529 75) ATLAS LS,0.0,0.0,0.3058,0.3071,Mandel and Agol (2002 ApJ 580 171),7.9,,,139.1299,0.0187,-0.0187,0.0,,,,,,1.17,0.33,-0.18,0.0916,,,0.132,0.326,-0.132,2.259,0.659,-0.659,,,,121.3,17.7,-17.7,10.2170589,0.0002154,-0.0002154,0.010155,0.00045,-0.001278,34.6,14.8,-14.8,89.78,,,929.0,,,6211.0,169.0,-225.0,4.384,0.108,-0.201,-0.34,0.3,-0.3,1.054,0.303,-0.163,0.98,0.147,-0.107,,,,q1_q17_dr25_stellar,0.237,19.903296,4.4e-05,46.75653,0.00048,2.3,1.6,-0.4,1.7,-0.00026,0.00019,0.0,0.0002,0.98,0.59,-0.6,1.0,1.13,0.68,0.97,0.53,-0.5,1.1,1.09,0.71,NO_COMMENT,2018-08-16 00:00:00,1.0,q1_q17_dr25_tce,009/009909/009909965/dv/kplr009909965-001-20160209194854_dvs.pdf,q1_q17_dr25_sup_koi,q1_q17_dr25_koi,2454972.13,0.0187,-0.0187,009/009909/009909965/dv/kplr009909965-20160209194854_dvr.pdf,0,0,0,0,176.34,149.09,-67.62,7.5111,19.23654,-5.09529,LS+MCMC,0.791,1
9450647,K00110.01,Kepler-465 b,284.55573,0.0,18h58m13.38s,46.063831,0.0,+46d03m49.8s,12.937,,12.615,,12.545,,12.563,,11.735,0.021,11.516,0.019,11.456,0.017,12.663,,cumulative,Done,11111111111111111000000000000000,CONFIRMED,CANDIDATE,1,138.0,17.204899,144.28577,0.4918,Claret (2011 A&A 529 75) ATLAS LS,0.0,0.0,0.3024,0.3288,Mandel and Agol (2002 ApJ 580 171),161.4,,,135.21559,0.000582,-0.000582,0.0,,,,,,2.87,0.5,-0.29,0.0953,,,0.02,0.229,-0.02,3.9092,0.0181,-0.0181,,,,520.2,3.8,-3.8,9.940666412,6.982e-06,-6.982e-06,0.020908,0.000184,-8.5e-05,19.837,0.524,-0.524,89.94,,,996.0,,,6215.0,111.0,-136.0,4.305,0.08,-0.12,0.08,0.15,-0.15,1.259,0.219,-0.128,1.17,0.093,-0.093,,,,q1_q17_dr25_stellar,0.049,18.9703842,1.9e-06,46.063898,1.9e-05,0.108,0.072,0.244,0.068,9e-06,3.8e-05,4.6e-05,3.6e-05,-0.11,0.1,0.03,0.12,0.11,0.1,0.031,0.099,0.26,0.16,0.26,0.16,NO_COMMENT,2018-08-16 00:00:00,1.0,q1_q17_dr25_tce,009/009450/009450647/dv/kplr009450647-001-20160209194854_dvs.pdf,q1_q17_dr25_sup_koi,q1_q17_dr25_koi,2454968.216,0.000582,-0.000582,009/009450/009450647/dv/kplr009450647-20160209194854_dvr.pdf,0,0,0,0,233.04,111.7,-60.9,1.4944,0.03946,-0.14901,LS+MCMC,1.0,1
9115800,K00421.01,Kepler-548 b,299.90591,0.0,19h59m37.42s,45.439678,0.0,+45d26m22.8s,15.686,,14.949,,14.699,,14.562,,13.581,0.029,13.148,0.034,13.071,0.031,14.995,,cumulative,Done,11111111111111111000000000000000,CONFIRMED,CANDIDATE,1,299.0,102.56747,1030.3761,0.0648,Claret (2011 A&A 529 75) ATLAS LS,0.0,0.0,0.2043,0.4966,Mandel and Agol (2002 ApJ 580 171),1022.2,,,172.8202233,5.85e-05,-5.85e-05,0.0,,,,,,11.76,3.12,-1.77,0.0495,,,0.479,0.029,-0.038,2.3061,0.0122,-0.0122,,,,16041.5,20.1,-20.1,4.454194254,3.36e-07,-3.36e-07,0.117743,0.000558,-0.00074,14.918,0.887,-0.887,88.16,,,1017.0,,,5359.0,175.0,-159.0,4.425,0.136,-0.221,-0.06,0.3,-0.3,0.915,0.242,-0.138,0.812,0.113,-0.061,,,,q1_q17_dr25_stellar,0.0,19.99373893,3.2e-07,45.4396494,3.7e-06,0.441,0.012,-0.11,0.013,0.00058,0.00083,0.0016,0.0012,-0.005,0.067,-0.015,0.067,0.016,0.067,0.109,0.072,-0.175,0.068,0.206,0.07,NO_COMMENT,2018-08-16 00:00:00,1.0,q1_q17_dr25_tce,009/009115/009115800/dv/kplr009115800-001-20160209194854_dvs.pdf,q1_q17_dr25_sup_koi,q1_q17_dr25_koi,2455005.82,5.85e-05,-5.85e-05,009/009115/009115800/dv/kplr009115800-20160209194854_dvr.pdf,0,0,0,0,252.22,206.37,-90.99,3.16564,0.1883,-0.19763,LS+MCMC,1.0,1
10057494,K03234.01,Kepler-1443 b,283.43576,0.0,18h53m44.58s,47.06686,0.0,+47d04m00.7s,12.575,,12.229,,12.15,,12.146,,11.337,0.028,11.098,0.027,11.021,0.018,12.278,,cumulative,Done,11111111111111111000000000000000,CONFIRMED,CANDIDATE,1,549.0,4.2403083,16.160461,0.7565,Claret (2011 A&A 529 75) ATLAS LS,0.0,0.0,0.3029,0.3239,Mandel and Agol (2002 ApJ 580 171),13.4,,,132.38894,0.0046,-0.0046,0.0,,,,,,0.85,0.15,-0.09,0.0368,,,0.016,0.439,-0.016,2.144,0.145,-0.145,,,,46.8,4.1,-4.1,2.41810158,1.372e-05,-1.372e-05,0.00629,0.000319,-0.000353,8.69,3.9,-3.9,89.89,,,1602.0,,,6258.0,112.0,-124.0,4.307,0.08,-0.12,0.0,0.15,-0.15,1.239,0.219,-0.135,1.135,0.096,-0.077,,,,q1_q17_dr25_stellar,0.201,18.895698,1.4e-05,47.0669,0.00014,-0.7,0.52,0.14,0.5,2.7e-05,2.4e-05,-1.3e-05,2.3e-05,0.24,0.3,0.55,0.3,0.6,0.31,0.18,0.28,0.39,0.3,0.43,0.31,NO_COMMENT,2018-08-16 00:00:00,1.0,q1_q17_dr25_tce,010/010057/010057494/dv/kplr010057494-001-20160209194854_dvs.pdf,q1_q17_dr25_sup_koi,q1_q17_dr25_koi,2454965.389,0.0046,-0.0046,010/010057/010057494/dv/kplr010057494-20160209194854_dvr.pdf,0,0,0,0,1555.96,757.09,-415.64,2.12337,1.92406,-0.82514,LS+MCMC,0.993,1
4864734,K03944.01,,298.69202,0.0,19h54m46.08s,39.984039,0.0,+39d59m02.5s,14.407,,13.791,,13.553,,13.421,,12.443,0.024,12.099,0.022,12.004,0.02,13.809,,cumulative,Done,00100010001000100000000000000000,FALSE POSITIVE,FALSE POSITIVE,1,189.0,5.011621,23.296267,0.5883,Claret (2011 A&A 529 75) ATLAS LS,0.0,0.0,0.2957,0.3329,Mandel and Agol (2002 ApJ 580 171),33.3,,,131.80574,0.00178,-0.00178,0.0,,,,,,77.83,20.26,-47.28,0.033,,,1.22,6.594,-0.048,2.337,0.0959,-0.0959,,,,374.1,13.7,-13.7,1.845610523,3.559e-06,-3.559e-06,0.239346,6.584068,-0.047756,1.79,0.891,-0.891,47.02,,,2502.0,,,5974.0,209.0,-188.0,3.639,0.697,-0.164,-0.26,0.3,-0.25,2.978,0.775,-1.809,1.408,0.167,-0.502,,,,q1_q17_dr25_stellar,0.0,19.912963,1.1e-05,39.9843,0.00013,6.66,0.45,0.93,0.48,-0.00164,0.00013,-0.00035,0.00014,3.812,0.079,0.627,0.1,3.863,0.08,4.02,0.12,-0.04,0.2,4.02,0.12,MOD_SEC_DV---MOD_SEC_ALT---CENT_RESOLVED_OFFSET,2018-08-16 00:00:00,1.0,q1_q17_dr25_tce,004/004864/004864734/dv/kplr004864734-001-20160209194854_dvs.pdf,q1_q17_dr25_sup_koi,q1_q17_dr25_koi,2454964.806,0.00178,-0.00178,004/004864/004864734/dv/kplr004864734-20160209194854_dvr.pdf,0,1,1,0,9283.04,7634.38,-8024.34,0.03186,3.139,-0.00104,LS+MCMC,0.0,0
11502179,K07453.01,,289.08099,0.0,19h16m19.44s,49.420315,0.0,+49d25m13.1s,15.82,,12.725,,15.26,,,,14.227,0.024,13.923,0.026,13.802,0.03,13.035,,cumulative,Done,11111111111111111000000000000000,FALSE POSITIVE,FALSE POSITIVE,1,335.0,5.9910135,10.221546,,Claret (2011 A&A 529 75) ATLAS LS,0.0,0.0,0.264,0.4066,Mandel and Agol (2002 ApJ 580 171),10.5,,,135.129,0.0074,-0.0074,0.0,,,,,,2.4,0.95,-0.79,0.0513,,,0.1671,0.3145,-0.167,1.467,0.217,-0.217,,,,214.1,23.7,-23.7,3.98855869,3.328e-05,-3.328e-05,0.013347,0.001006,-0.000966,20.76,2.1,-2.1,89.38,,,1447.0,,,5791.0,182.0,-194.0,4.057,0.283,-0.283,0.2,0.18,-0.28,1.646,0.653,-0.538,1.127,0.254,-0.178,,,,stellar_q1_q17,0.0,19.27206,3.9e-05,49.41961,0.00037,-0.2,1.4,-2.5,1.3,0.00023,0.00022,0.00046,0.00021,4.88,0.84,1.0,1.0,4.97,0.84,4.94,0.78,0.7,1.0,4.99,0.78,CLEAR_APO---PARENT_IS_970.01,2018-08-16 00:00:00,1.0,q1_q17_dr24_tce,011/011502/011502179/dv/kplr011502179-001-20141002224145_dvs.pdf,q1_q17_dr25_sup_koi,q1_q17_dr24_koi,2454968.129,0.0074,-0.0074,011/011502/011502179/dv/kplr011502179-20141002224145_dvr.pdf,0,0,1,1,1036.21,1251.61,-626.5,10.64386,1.06849,-7.61451,MCMC,,0
10801249,K04611.01,,293.4678,0.0,19h33m52.27s,48.12608,0.0,+48d07m33.9s,13.736,,13.311,,13.203,,13.168,,12.326,0.021,12.089,0.021,12.019,0.019,13.363,,cumulative,Done,11111111111111111000000000000000,FALSE POSITIVE,FALSE POSITIVE,1,797.0,3.6218398,12.522235,0.8935,Claret (2011 A&A 529 75) ATLAS LS,0.0,0.0,0.3029,0.3239,Mandel and Agol (2002 ApJ 580 171),15.3,,,131.8099,0.0108,-0.0108,0.0,,,,,,0.77,0.17,-0.12,0.0289,,,0.399,0.06,-0.399,2.994,0.268,-0.268,,,,35.9,2.8,-2.8,1.67495622,1.719e-05,-1.719e-05,0.005588,0.00016,-0.000368,4.0,0.514,-0.514,84.27,,,1843.0,,,6323.0,158.0,-205.0,4.296,0.113,-0.137,-0.04,0.25,-0.3,1.263,0.284,-0.19,1.15,0.152,-0.152,,,,q1_q17_dr25_stellar,0.0,19.564533,1.9e-05,48.12534,0.00019,0.44,0.7,-2.66,0.67,-1.5e-05,2.3e-05,8.5e-05,2.2e-05,0.91,0.87,-0.83,0.9,1.23,0.88,0.88,0.87,-0.86,0.9,1.23,0.88,EPHEM_MATCH,2018-08-16 00:00:00,1.0,q1_q17_dr25_tce,010/010801/010801249/dv/kplr010801249-001-20160209194854_dvs.pdf,q1_q17_dr25_sup_koi,q1_q17_dr25_koi,2454964.81,0.0108,-0.0108,010/010801/010801249/dv/kplr010801249-20160209194854_dvr.pdf,0,0,0,1,2732.19,1792.21,-1003.77,0.43157,0.05542,-0.24532,LS+MCMC,0.0,0
9084569,K07923.01,,290.19992,0.0,19h20m47.98s,45.419998,0.0,+45d25m12.0s,13.196,,12.589,,12.404,,,,11.028,0.023,10.58,0.021,10.478,0.011,12.642,,cumulative,Done,11111111111111111000000000000000,CANDIDATE,CANDIDATE,1,4.0,7.225203,10.02911,0.1245,Claret (2011 A&A 529 75) ATLAS LS,0.0,0.0,0.1405,0.5896,Mandel and Agol (2002 ApJ 580 171),14.4,,,162.7395,0.0331,-0.0331,0.0,,,,,,0.97,0.12,-0.1,1.0016,,,0.45,0.045,-0.429,21.291,0.916,-0.916,,,,126.4,9.8,-9.8,395.13138,0.02017,-0.02017,0.010265,0.00031,-0.000844,128.2,62.3,-62.3,89.8,,,208.0,,,5060.0,192.0,-174.0,4.493,0.08,-0.088,0.32,0.1,-0.3,0.869,0.1,-0.091,0.856,0.062,-0.062,,,,q1_q17_dr25_stellar,0.132,19.346672,3e-05,45.42027,0.00028,0.4,1.2,1.0,1.0,-6e-05,0.00015,-0.00013,0.00013,1.5,1.5,-0.24,0.6,1.5,1.6,1.3,1.4,-0.33,0.63,1.4,1.5,CENT_FEW_DIFFS,2018-08-16 00:00:00,2.0,q1_q17_dr25_tce,009/009084/009084569/dv/kplr009084569-002-20160209194854_dvs.pdf,q1_q17_dr25_sup_koi,q1_q17_dr25_koi,2454995.74,0.0331,-0.0331,009/009084/009084569/dv/kplr009084569-20160209194854_dvr.pdf,0,0,0,0,0.44,0.2,-0.13,0.25538,0.12412,-0.05269,LS+MCMC,0.75,1
10905641,K05840.01,,283.54834,0.0,18h54m11.60s,48.388931,0.0,+48d23m20.2s,13.85,,13.384,,13.295,,13.252,,12.355,0.022,12.044,0.019,12.019,0.02,13.462,,cumulative,Done,11111111111111111000000000000000,FALSE POSITIVE,FALSE POSITIVE,1,3.0,5.005325,7.565493,0.8439,Claret (2011 A&A 529 75) ATLAS LS,0.0,0.0,0.3083,0.3144,Mandel and Agol (2002 ApJ 580 171),12.7,,,533.8441,0.0199,-0.0199,0.0,,,,,,4.24,0.65,-1.52,1.3221,,,0.324,0.122,-0.324,15.541,0.69,-0.69,,,,239.3,22.7,-22.7,460.77905,0.0145,-0.0145,0.014303,0.000749,-0.000845,217.7,48.2,-48.2,89.91,,,387.0,,,6126.0,184.0,-165.0,3.731,0.293,-0.098,0.02,0.25,-0.25,2.717,0.417,-0.973,1.449,0.211,-0.316,,,,q1_q17_dr25_stellar,0.109,18.903272,5.6e-05,48.38852,0.00045,1.8,2.0,-1.5,1.6,-0.00035,0.00037,0.00029,0.0003,-3.0,1.7,-0.68,0.82,3.1,1.6,-3.0,1.7,-0.69,0.81,3.1,1.7,INDIV_TRANS_MARSHALL---CENT_FEW_DIFFS,2018-08-16 00:00:00,1.0,q1_q17_dr25_tce,010/010905/010905641/dv/kplr010905641-001-20160209194854_dvs.pdf,q1_q17_dr25_sup_koi,q1_q17_dr25_koi,2455366.844,0.0199,-0.0199,010/010905/010905641/dv/kplr010905641-20160209194854_dvr.pdf,1,0,0,0,5.32,2.65,-3.35,0.9198,0.20366,-0.39943,LS+MCMC,0.0,0
10203349,K02212.01,Kepler-1144 b,290.04327,0.0,19h20m10.38s,47.25798,0.0,+47d15m28.7s,15.412,,14.902,,14.739,,14.654,,13.818,0.025,13.435,0.032,13.433,0.031,14.941,,cumulative,Done,00011111111111111000000000000000,CONFIRMED,CANDIDATE,1,68.0,6.794021,24.467686,0.2977,Claret (2011 A&A 529 75) ATLAS LS,0.0,0.0,0.2329,0.4554,Mandel and Agol (2002 ApJ 580 171),28.3,,,140.66122,0.00459,-0.00459,0.0,,,,,,3.64,0.55,-0.84,0.1291,,,0.918,0.025,-0.646,4.2354,0.073,-0.073,,,,440.3,17.9,-17.9,17.14648756,8.658e-05,-8.658e-05,0.02359,3.8e-05,-0.004269,14.05,6.8,-6.8,86.25,,,811.0,,,5559.0,83.0,-72.0,4.127,0.21,-0.09,0.14,0.15,-0.1,1.412,0.216,-0.324,0.974,0.073,-0.058,,,,q1_q17_dr25_stellar,0.189,19.336232,1.4e-05,47.25783,0.00013,0.5,0.51,-0.52,0.48,-0.00021,0.00022,0.00015,0.00021,0.04,0.12,-0.19,0.17,0.19,0.17,0.01,0.12,-0.46,0.18,0.46,0.18,NO_COMMENT,2018-08-16 00:00:00,1.0,q1_q17_dr25_tce,010/010203/010203349/dv/kplr010203349-001-20160209194854_dvs.pdf,q1_q17_dr25_sup_koi,q1_q17_dr25_koi,2454973.661,0.00459,-0.00459,010/010203/010203349/dv/kplr010203349-20160209194854_dvr.pdf,0,0,0,0,102.24,41.97,-44.62,0.17837,2.16325,-0.0422,LS+MCMC,1.0,1
3245000,K06314.01,,293.90091,0.0,19h35m36.22s,38.308689,0.0,+38d18m31.3s,16.004,,15.324,,15.113,,14.989,,14.018,0.028,13.673,,13.52,,15.38,,cumulative,Done,11111011101110111000000000000000,FALSE POSITIVE,FALSE POSITIVE,1,53.0,3.7235975,7.605683,0.9561,Claret (2011 A&A 529 75) ATLAS LS,0.0,0.0,0.2327,0.4526,Mandel and Agol (2002 ApJ 580 171),11.6,,,148.5092,0.0133,-0.0133,0.0,,,,,,16.5,4.01,-1.34,0.1424,,,1.158,6.827,-0.027,5.806,0.748,-0.748,,,,496.4,52.6,-52.6,20.413812,0.0003221,-0.0003221,0.182913,6.831689,-0.026513,6.63,3.2,-3.2,79.94,,,586.0,,,5514.0,166.0,-166.0,4.569,0.038,-0.161,-0.04,0.3,-0.3,0.826,0.201,-0.067,0.926,0.083,-0.102,,,,q1_q17_dr25_stellar,0.0,19.5935,2.6e-05,38.30778,0.00025,4.5,1.1,-3.26,0.91,-0.00208,0.00058,0.00147,0.00054,2.63,0.41,-2.69,0.54,3.77,0.66,2.64,0.38,-2.22,0.53,3.45,0.62,CENT_RESOLVED_OFFSET---HALO_GHOST,2018-08-16 00:00:00,1.0,q1_q17_dr25_tce,003/003245/003245000/dv/kplr003245000-001-20160209194854_dvs.pdf,q1_q17_dr25_sup_koi,q1_q17_dr25_koi,2454981.509,0.0133,-0.0133,003/003245/003245000/dv/kplr003245000-20160209194854_dvr.pdf,0,0,1,0,27.84,20.61,-7.04,0.01321,0.21215,-0.00863,LS+MCMC,0.0,0
11356260,K01441.01,Kepler-851 b,294.68027,0.0,19h38m43.26s,49.14016,0.0,+49d08m24.6s,15.676,,15.088,,14.903,,14.845,,13.876,0.026,13.478,0.027,13.392,0.043,15.135,,cumulative,Done,11111111111111111000000000000000,CONFIRMED,CANDIDATE,1,160.0,5.003191,18.6186,0.5272,Claret (2011 A&A 529 75) ATLAS LS,0.0,0.0,0.2676,0.3928,Mandel and Agol (2002 ApJ 580 171),20.7,,,134.64421,0.00354,-0.00354,0.0,,,,,,1.9,0.53,-0.29,0.0802,,,0.816,0.138,-0.559,2.938,0.109,-0.109,,,,295.5,16.5,-16.5,8.50698069,3.609e-05,-3.609e-05,0.017613,0.002787,-0.002036,13.47,6.4,-6.4,86.53,,,900.0,,,5822.0,157.0,-192.0,4.428,0.087,-0.188,-0.1,0.3,-0.3,0.986,0.276,-0.148,0.951,0.127,-0.104,,,,q1_q17_dr25_stellar,0.007,19.64537,1.7e-05,49.13983,0.00019,0.64,0.62,-1.17,0.7,-0.0002,0.00018,0.00032,0.00021,0.36,0.16,-0.51,0.39,0.62,0.34,0.31,0.16,-0.57,0.4,0.65,0.35,NO_COMMENT,2018-08-16 00:00:00,1.0,q1_q17_dr25_tce,011/011356/011356260/dv/kplr011356260-001-20160209194854_dvs.pdf,q1_q17_dr25_sup_koi,q1_q17_dr25_koi,2454967.644,0.00354,-0.00354,011/011356/011356260/dv/kplr011356260-20160209194854_dvr.pdf,0,0,0,0,155.42,127.78,-57.25,0.63929,2.12214,-0.51992,LS+MCMC,0.986,1
5545815,K02452.01,,295.26068,0.0,19h41m02.56s,40.766392,0.0,+40d45m59.0s,15.178,,14.663,,14.474,,14.403,,13.484,0.023,13.138,0.022,13.097,0.032,14.685,,cumulative,Done,11111011101110111000000000000000,FALSE POSITIVE,FALSE POSITIVE,1,243.0,4.21313,12.768257,0.6885,Claret (2011 A&A 529 75) ATLAS LS,0.0,0.0,0.2979,0.3238,Mandel and Agol (2002 ApJ 580 171),12.2,,,134.09426,0.00482,-0.00482,0.0,,,,,,1.33,0.35,-0.24,0.0495,,,0.535,0.03,-0.454,1.913,0.173,-0.173,,,,168.9,17.2,-17.2,4.35370136,2.87e-05,-2.87e-05,0.012319,0.000464,-0.000984,14.96,5.2,-5.2,87.95,,,1179.0,,,5992.0,179.0,-179.0,4.382,0.149,-0.182,-0.52,0.3,-0.3,0.985,0.266,-0.177,0.852,0.117,-0.072,,,,q1_q17_dr25_stellar,0.0,,,,,-8.83,0.99,109.7,1.1,0.00145,0.00016,-0.01815,0.00018,-0.993,0.077,9.284,0.086,9.337,0.086,-1.065,0.074,9.219,0.087,9.281,0.088,CENT_RESOLVED_OFFSET,2018-08-16 00:00:00,1.0,q1_q17_dr25_tce,005/005545/005545815/dv/kplr005545815-001-20160209194854_dvs.pdf,q1_q17_dr25_sup_koi,q1_q17_dr25_koi,2454967.094,0.00482,-0.00482,005/005545/005545815/dv/kplr005545815-20160209194854_dvr.pdf,0,0,1,0,456.83,372.13,-184.55,3.33955,3.45546,-0.78034,LS+MCMC,0.01,0
5793275,K05202.01,,292.55951,0.0,19h30m14.28s,41.090012,0.0,+41d05m24.0s,15.152,,14.615,,14.476,,14.395,,13.481,0.024,13.195,0.026,13.153,0.034,14.679,,cumulative,Done,11111111111111111000000000000000,CANDIDATE,CANDIDATE,1,3.0,5.7124424,7.7724276,,Claret (2011 A&A 529 75) ATLAS LS,0.0,0.0,0.2905,0.3525,Mandel and Agol (2002 ApJ 580 171),8.8,,,135.5316,0.0322,-0.0322,0.0,,,,,,1.83,0.78,-0.16,1.3107,,,0.5968,0.0024,-0.4999,11.85,1.3,-1.3,,,,337.2,47.4,-47.4,535.93723,0.02765,-0.02765,0.017502,9e-06,-0.002852,285.0,128.0,-128.0,89.95,,,227.0,,,6014.0,157.0,-190.0,4.494,0.042,-0.301,-0.08,0.22,-0.3,0.958,0.406,-0.084,1.043,0.17,-0.129,,,,stellar_q1_q16,0.011,19.503915,5.3e-05,41.08925,0.00054,-2.1,2.1,-2.7,1.9,0.00059,0.00066,0.00078,0.00059,1.18,0.1,-0.827,0.087,1.445,0.098,1.11,0.11,-0.986,0.098,1.48,0.11,TOO_FEW_QUARTERS,2018-08-16 00:00:00,1.0,q1_q17_dr24_tce,005/005793/005793275/dv/kplr005793275-001-20141002224145_dvs.pdf,q1_q17_dr25_sup_koi,q1_q17_dr24_koi,2454968.532,0.0322,-0.0322,005/005793/005793275/dv/kplr005793275-20141002224145_dvr.pdf,0,0,0,0,0.63,0.78,-0.17,1.52135,1.36579,-0.57202,MCMC,,1
10686814,K02978.01,,299.03448,0.0,19h56m08.28s,47.90485,0.0,+47d54m17.5s,16.832,,15.585,,15.061,,14.794,,13.635,0.038,12.949,0.035,12.838,0.03,15.593,,cumulative,Done,11111101110111011000000000000000,FALSE POSITIVE,FALSE POSITIVE,1,412.0,3.7463524,15.14974,0.9393,Claret (2011 A&A 529 75) ATLAS LS,0.0,0.0,0.0718,0.6834,Mandel and Agol (2002 ApJ 580 171),18.7,,,134.02945,0.00558,-0.00558,0.0,,,,,,1.03,0.06,-0.09,0.032,,,0.013,0.448,-0.013,3.505,0.248,-0.248,,,,275.3,17.8,-17.8,2.61846258,1.948e-05,-1.948e-05,0.014685,0.000734,-0.000811,5.821,0.253,-0.253,89.87,,,843.0,,,4266.0,128.0,-128.0,4.626,0.048,-0.021,-0.04,0.3,-0.3,0.643,0.036,-0.058,0.638,0.056,-0.056,,,,q1_q17_dr25_stellar,0.0,19.935676,2.1e-05,47.90571,0.00027,1.58,0.74,3.1,0.96,-0.00022,0.00021,-0.00112,0.00027,-0.37,0.31,2.41,0.5,2.44,0.52,-0.19,0.36,2.12,0.49,2.13,0.5,CENT_UNRESOLVED_OFFSET---HALO_GHOST---EPHEM_MATCH,2018-08-16 00:00:00,1.0,q1_q17_dr25_tce,010/010686/010686814/dv/kplr010686814-001-20160209194854_dvs.pdf,q1_q17_dr25_sup_koi,q1_q17_dr25_koi,2454967.029,0.00558,-0.00558,010/010686/010686814/dv/kplr010686814-20160209194854_dvr.pdf,0,0,1,1,119.68,30.53,-31.98,0.54415,0.02364,-0.28967,LS+MCMC,0.0,0
9207508,K07146.01,,286.59497,0.0,19h06m22.79s,45.69828,0.0,+45d41m53.8s,13.906,,13.638,,13.588,,13.613,,12.758,0.021,12.539,0.02,12.482,0.021,13.705,,cumulative,Done,11111111111111111000000000000000,FALSE POSITIVE,FALSE POSITIVE,1,0.0,1857.2554,18744.709,-1.0,Claret (2011 A&A 529 75) ATLAS LS,0.0,0.0,0.3299,0.2544,Mandel and Agol (2002 ApJ 580 171),4129.6,,,132.1127635,3.93e-05,-3.93e-05,0.0,,,,,,132.05,44.05,-27.14,0.0353,,,0.308,0.003,-0.003,8.17997,0.00242,-0.00242,,,,561687.0,112.0,-112.0,2.015152464,9.6e-08,-9.6e-08,0.73335,0.000618,-0.001231,3.3805,0.0133,-0.0133,84.78,,,2107.0,,,6988.0,194.0,-267.0,4.163,0.128,-0.192,-0.04,0.25,-0.35,1.649,0.55,-0.339,1.448,0.216,-0.216,,,,q1_q17_dr25_stellar,,19.106331661,6e-09,45.69820651,6e-08,0.01362,0.00023,-0.26458,0.00023,0.0,1.1,,,0.006,0.067,-0.006,0.067,0.008,0.067,0.043,0.069,-0.233,0.07,0.237,0.07,SWEET_EB---MOD_SEC_ALT---CENT_NOFITS,2018-08-16 00:00:00,1.0,q1_q17_dr25_tce,009/009207/009207508/dv/kplr009207508-001-20160209194854_dvs.pdf,q1_q17_dr25_sup_koi,q1_q17_dr25_koi,2454965.113,3.93e-05,-3.93e-05,009/009207/009207508/dv/kplr009207508-20160209194854_dvr.pdf,0,1,0,0,4657.05,4583.34,-2142.06,0.17997,0.00071,-0.00052,LS+MCMC,0.0,0
8494142,K00370.01,Kepler-145 c,291.38776,0.0,19h25m33.06s,44.52911,0.0,+44d31m44.8s,12.239,,11.897,,11.799,,11.759,,10.913,0.025,10.693,0.019,10.628,0.016,11.931,,cumulative,Done,11111111111111111000000000000000,CONFIRMED,CANDIDATE,2,33.0,16.804392,68.83558,0.3974,Claret (2011 A&A 529 75) ATLAS LS,0.0,0.0,0.3052,0.3236,Mandel and Agol (2002 ApJ 580 171),112.2,,,203.6483,0.00141,-0.00141,0.0,,,,,,3.61,0.25,-0.16,0.2578,,,0.391,0.034,-0.378,9.7471,0.0554,-0.0554,,,,408.9,4.0,-4.0,42.88247951,8.066e-05,-8.066e-05,0.018777,0.00174,-0.000245,31.62,8.3,-8.3,89.29,,,709.0,,,6143.0,97.0,-110.0,4.039,0.03,-0.03,0.12,0.1,-0.1,1.763,0.119,-0.082,1.24,0.128,-0.064,,,,q1_q17_dr25_stellar,0.618,19.4258519,3.1e-06,44.529083,3.7e-05,0.02,0.12,-0.1,0.13,2e-05,4.9e-05,-2.3e-05,5.5e-05,0.13,0.25,0.16,0.21,0.21,0.28,0.16,0.23,-0.01,0.2,0.16,0.23,NO_COMMENT,2018-08-16 00:00:00,1.0,q1_q17_dr25_tce,008/008494/008494142/dv/kplr008494142-001-20160209194854_dvs.pdf,q1_q17_dr25_sup_koi,q1_q17_dr25_koi,2455036.648,0.00141,-0.00141,008/008494/008494142/dv/kplr008494142-20160209194854_dvr.pdf,0,0,0,0,59.6,12.71,-9.19,0.32522,0.08581,-0.07034,LS+MCMC,0.999,1
11760959,K01484.01,,290.61679,0.0,19h22m28.03s,49.957619,0.0,+49d57m27.4s,16.116,,15.22,,14.958,,14.987,,13.486,0.071,13.0,0.052,12.926,0.106,15.305,,cumulative,Done,00011111111111111000000000000000,FALSE POSITIVE,FALSE POSITIVE,1,323.0,4.5109005,37.087746,0.5867,Claret (2011 A&A 529 75) ATLAS LS,0.0,0.0,0.1611,0.5575,Mandel and Agol (2002 ApJ 580 171),8.3,,,356.09943,0.00469,-0.00469,0.0,,,,,,2.4,0.21,-0.23,0.0403,,,0.076,0.41,-0.076,2.289,0.155,-0.155,,,,1105.2,85.9,-85.9,3.47021401,2.206e-05,-2.206e-05,0.029549,0.002615,-0.001559,11.91,1.9,-1.9,89.63,,,933.0,,,4922.0,176.0,-176.0,4.555,0.066,-0.044,-0.12,0.3,-0.3,0.744,0.065,-0.072,0.726,0.093,-0.057,,,,q1_q17_dr25_stellar,0.0,19.37461253,9.4e-07,49.9574816,8.4e-06,5.556,0.033,-0.498,0.03,0.000199,8.4e-05,-2e-05,0.00012,-1.7,1.3,0.72,0.27,1.9,1.2,6.8,1.2,0.52,0.31,6.8,1.2,CENT_RESOLVED_OFFSET,2018-08-16 00:00:00,1.0,q1_q17_dr25_tce,011/011760/011760959/dv/kplr011760959-001-20160209194854_dvs.pdf,q1_q17_dr25_sup_koi,q1_q17_dr25_koi,2455189.099,0.00469,-0.00469,011/011760/011760959/dv/kplr011760959-20160209194854_dvr.pdf,0,0,1,0,179.02,64.59,-52.77,2.65202,0.4214,-1.3214,LS+MCMC,0.133,0
11125613,K02485.02,Kepler-1254 c,285.17334,0.0,19h00m41.60s,48.770039,0.0,+48d46m12.1s,16.015,,15.236,,15.01,,14.853,,13.866,0.026,13.288,0.024,13.292,0.04,15.311,,cumulative,Done,11111110111011101000000000000000,CONFIRMED,CANDIDATE,3,296.0,4.1658792,14.516187,0.9007,Claret (2011 A&A 529 75) ATLAS LS,0.0,0.0,0.1017,0.6385,Mandel and Agol (2002 ApJ 580 171),17.9,,,134.037,0.00355,-0.00355,0.0,,,,,,1.36,0.04,-0.09,0.0422,,,0.395,0.064,-0.395,1.938,0.123,-0.123,,,,296.3,19.5,-19.5,3.60082855,1.725e-05,-1.725e-05,0.015617,0.000647,-0.000864,13.3,6.4,-6.4,88.3,,,927.0,,,4838.0,77.0,-77.0,4.524,0.063,-0.018,0.18,0.15,-0.15,0.796,0.027,-0.054,0.771,0.047,-0.027,,,,q1_q17_dr25_stellar,0.17,19.011538,2.6e-05,48.76978,0.00022,-0.6,0.93,-0.92,0.8,0.00016,0.00027,0.00022,0.00023,-0.43,0.24,0.36,0.22,0.56,0.23,-0.47,0.24,0.23,0.22,0.52,0.24,NO_COMMENT,2018-08-16 00:00:00,1.0,q1_q17_dr25_tce,011/011125/011125613/dv/kplr011125613-001-20160209194854_dvs.pdf,q1_q17_dr25_sup_koi,q1_q17_dr25_koi,2454967.037,0.00355,-0.00355,011/011125/011125613/dv/kplr011125613-20160209194854_dvr.pdf,0,0,0,0,174.45,24.19,-32.29,3.43025,1.63957,-1.00121,LS+MCMC,0.998,1
9455325,K01813.01,Kepler-958 b,287.25668,0.0,19h09m01.60s,46.066769,0.0,+46d04m00.4s,14.327,,13.695,,13.525,,13.435,,12.495,0.021,12.115,0.025,12.041,0.015,13.766,,cumulative,Done,11111111111111111000000000000000,CONFIRMED,CANDIDATE,1,137.0,8.370426,55.311665,0.3492,Claret (2011 A&A 529 75) ATLAS LS,0.0,0.0,0.1959,0.5086,Mandel and Agol (2002 ApJ 580 171),54.1,,,139.43968,0.00118,-0.00118,0.0,,,,,,2.54,0.23,-0.15,0.0852,,,0.916,0.015,-0.668,2.1649,0.0612,-0.0612,,,,585.4,12.7,-12.7,9.76785911,1.383e-05,-1.383e-05,0.027327,0.00035,-0.004763,16.07,7.8,-7.8,86.73,,,749.0,,,5371.0,107.0,-107.0,4.513,0.054,-0.072,0.0,0.15,-0.15,0.852,0.077,-0.052,0.864,0.049,-0.049,,,,q1_q17_dr25_stellar,0.003,19.1504421,4.9e-06,46.06666,5.2e-05,-0.15,0.18,-0.4,0.19,6e-05,0.00011,0.00019,0.00011,0.018,0.078,-0.09,0.13,0.09,0.13,-0.01,0.077,-0.16,0.14,0.16,0.14,NO_COMMENT,2018-08-16 00:00:00,1.0,q1_q17_dr25_tce,009/009455/009455325/dv/kplr009455325-001-20160209194854_dvs.pdf,q1_q17_dr25_sup_koi,q1_q17_dr25_koi,2454972.44,0.00118,-0.00118,009/009455/009455325/dv/kplr009455325-20160209194854_dvr.pdf,0,0,0,0,74.48,21.34,-13.89,0.8225,9.12525,-0.14714,LS+MCMC,1.0,1
12504988,K00181.01,,288.25284,0.0,19h13m00.68s,51.417332,0.0,+51d25m02.4s,14.987,,14.535,,14.399,,14.394,,13.55,0.027,13.229,0.035,13.126,0.026,14.575,,cumulative,Done,11111111111111111000000000000000,FALSE POSITIVE,FALSE POSITIVE,1,259.0,180.00021,1803.5532,0.5186,Claret (2011 A&A 529 75) ATLAS LS,0.0,0.0,0.302,0.319,Mandel and Agol (2002 ApJ 580 171),1131.7,,,139.7178386,8.57e-05,-8.57e-05,0.0,,,,,,17.19,5.8,-1.92,0.0598,,,0.618,0.005,-0.005,3.93144,0.00781,-0.00781,,,,25026.7,27.9,-27.9,5.093938816,5.39e-07,-5.39e-07,0.152118,0.000176,-0.000252,9.663,0.134,-0.134,86.33,,,1137.0,,,6197.0,166.0,-222.0,4.449,0.056,-0.224,-0.08,0.25,-0.35,1.035,0.349,-0.116,1.096,0.153,-0.137,,,,q1_q17_dr25_stellar,,19.21686472,1.6e-07,51.4174644,1.4e-06,0.2936,0.0055,0.484,0.0051,,,0.0028,0.0016,-0.088,0.068,-0.135,0.068,0.161,0.067,-0.103,0.068,-0.123,0.067,0.161,0.067,MOD_SEC_DV---MOD_SEC_ALT---HAS_SEC_TCE,2018-08-16 00:00:00,1.0,q1_q17_dr25_tce,012/012504/012504988/dv/kplr012504988-001-20160209194854_dvs.pdf,q1_q17_dr25_sup_koi,q1_q17_dr25_koi,2454972.718,8.57e-05,-8.57e-05,012/012504/012504988/dv/kplr012504988-20160209194854_dvr.pdf,0,1,0,0,395.38,390.44,-125.99,0.65772,0.0091,-0.01085,LS+MCMC,0.003,0
6307083,K02050.01,,297.63519,0.0,19h50m32.45s,41.641869,0.0,+41d38m30.7s,12.893,,12.132,,11.929,,11.845,,10.771,0.022,10.386,0.023,10.279,0.018,12.218,,cumulative,Done,11111111111111111000000000000000,FALSE POSITIVE,FALSE POSITIVE,2,16.0,23.631887,32.201725,0.7521,Claret (2011 A&A 529 75) ATLAS LS,0.0,0.0,0.1496,0.5746,Mandel and Agol (2002 ApJ 580 171),30.1,,,167.10798,0.00526,-0.00526,0.0,,,,,,1.6,0.08,-0.12,0.3235,,,0.046,0.379,-0.046,5.268,0.179,-0.179,,,,387.7,15.2,-15.2,75.3787816,0.0005593,-0.0005593,0.017463,0.000787,-0.000433,111.1,15.5,-15.5,89.98,,,360.0,,,5061.0,83.0,-76.0,4.488,0.088,-0.028,0.1,0.15,-0.15,0.841,0.038,-0.066,0.793,0.06,-0.03,,,,q1_q17_dr25_stellar,,19.8399399,7.6e-06,41.638926,7.4e-05,-97.1,0.31,-10.6,0.26,,,0.00518,0.00013,,,,,,,,,,,,,MOD_SEC_DV---DEEP_V_SHAPED---HAS_SEC_TCE---CENT_RESOLVED_OFFSET---HALO_GHOST---EPHEM_MATCH,2018-08-16 00:00:00,1.0,q1_q17_dr25_tce,006/006307/006307083/dv/kplr006307083-001-20160209194854_dvs.pdf,q1_q17_dr25_sup_koi,q1_q17_dr25_koi,2455000.108,0.00526,-0.00526,006/006307/006307083/dv/kplr006307083-20160209194854_dvr.pdf,0,1,1,1,3.97,0.66,-0.8,4.56797,0.63571,-1.41563,LS+MCMC,0.0,0
8560840,K01263.01,,292.13437,0.0,19h28m32.25s,44.65617,0.0,+44d39m22.2s,16.354,,15.44,,15.173,,15.01,,13.936,0.025,13.436,0.026,13.237,0.039,15.527,,cumulative,Done,11111111111111111000000000000000,FALSE POSITIVE,FALSE POSITIVE,1,43.0,12.32784,49.232666,0.3427,Claret (2011 A&A 529 75) ATLAS LS,0.0,0.0,0.1405,0.5896,Mandel and Agol (2002 ApJ 580 171),62.5,,,133.86598,0.00547,-0.00547,0.0,,,,,,24.1,2.15,-1.59,0.1876,,,1.24,35.62,-0.119,13.262,0.228,-0.228,,,,1414.4,26.0,-26.0,31.9734169,0.000203,-0.000203,0.285156,35.63296,-0.112042,6.32,3.2,-3.2,78.69,,,442.0,,,4931.0,148.0,-148.0,4.595,0.024,-0.064,0.28,0.15,-0.3,0.774,0.069,-0.051,0.865,0.037,-0.079,,,,q1_q17_dr25_stellar,0.063,19.4756378,5.8e-06,44.656115,6e-05,0.48,0.22,-0.2,0.22,-0.00024,0.00031,0.00033,0.00032,0.7,0.23,1.62,0.58,1.76,0.57,0.7,0.23,1.61,0.62,1.76,0.61,MOD_SEC_DV---MOD_SEC_ALT---DEEP_V_SHAPED---HAS_SEC_TCE---CENT_UNRESOLVED_OFFSET---HALO_GHOST---EPHEM_MATCH,2018-08-16 00:00:00,1.0,q1_q17_dr25_tce,008/008560/008560840/dv/kplr008560840-001-20160209194854_dvs.pdf,q1_q17_dr25_sup_koi,q1_q17_dr25_koi,2454966.866,0.00547,-0.00547,008/008560/008560840/dv/kplr008560840-20160209194854_dvr.pdf,0,1,1,1,9.01,3.02,-2.05,0.00468,1.65263,-0.0007,LS+MCMC,0.0,0
6716545,K02906.02,,297.94476,0.0,19h51m46.74s,42.191879,0.0,+42d11m30.8s,14.116,,13.692,,13.545,,13.495,,12.65,0.022,12.364,0.018,12.319,0.02,13.716,,cumulative,Done,11111111111111111000000000000000,CANDIDATE,CANDIDATE,3,10.0,4.059362,7.629128,0.3163,Claret (2011 A&A 529 75) ATLAS LS,0.0,0.0,0.2891,0.3589,Mandel and Agol (2002 ApJ 580 171),11.2,,,194.6951,0.0342,-0.0342,0.0,,,,,,1.8,0.33,-0.3,0.5648,,,0.325,0.142,-0.325,11.342,0.737,-0.737,,,,156.9,15.7,-15.7,145.881936,0.005153,-0.005153,0.011555,0.000878,-0.00051,94.1,34.5,-34.5,89.8,,,424.0,,,6052.0,82.0,-82.0,4.183,0.154,-0.112,0.08,0.15,-0.15,1.424,0.263,-0.237,1.128,0.111,-0.083,,,,q1_q17_dr25_stellar,0.182,19.862929,4.3e-05,42.19174,0.00041,-2.2,1.7,-0.5,1.5,0.00036,0.00028,9e-05,0.00024,-0.41,0.34,1.58,0.24,1.63,0.25,-0.4,0.33,1.59,0.25,1.64,0.26,NO_COMMENT,2018-08-16 00:00:00,3.0,q1_q17_dr25_tce,006/006716/006716545/dv/kplr006716545-003-20160209194854_dvs.pdf,q1_q17_dr25_sup_koi,q1_q17_dr25_koi,2455027.695,0.0342,-0.0342,006/006716/006716545/dv/kplr006716545-20160209194854_dvr.pdf,0,0,0,0,7.63,3.67,-2.61,0.74167,0.54402,-0.2061,LS+MCMC,0.804,1
3218908,K01108.02,Kepler-770 c,286.49042,0.0,19h05m57.70s,38.374908,0.0,+38d22m29.7s,15.155,,14.555,,14.368,,14.268,,13.391,0.024,13.01,0.027,12.923,0.025,14.604,,cumulative,Done,11111111111111111000000000000000,CONFIRMED,CANDIDATE,3,877.0,3.9901965,20.984596,0.6309,Claret (2011 A&A 529 75) ATLAS LS,0.0,0.0,0.1544,0.578,Mandel and Agol (2002 ApJ 580 171),27.2,,,131.83272,0.00257,-0.00257,0.0,,,,,,5.88,0.85,-1.97,0.0309,,,0.136,0.339,-0.136,2.3155,0.0735,-0.0735,,,,154.9,6.5,-6.5,1.475323222,4.392e-06,-4.392e-06,0.011027,0.000578,-0.000283,4.913,0.624,-0.624,88.41,,,2740.0,,,4941.0,49.0,-118.0,3.317,0.21,-0.105,0.4,0.05,-0.25,4.885,0.701,-1.636,1.808,0.181,-0.578,,,,q1_q17_dr25_stellar,0.124,19.09934,1.6e-05,38.37489,0.0002,-0.89,0.69,-0.06,0.73,0.0001,8.4e-05,-5.2e-05,9e-05,-0.08,0.23,-0.76,0.29,0.77,0.29,0.02,0.23,-0.8,0.29,0.8,0.29,NO_COMMENT,2018-08-16 00:00:00,3.0,q1_q17_dr25_tce,003/003218/003218908/dv/kplr003218908-003-20160209194854_dvs.pdf,q1_q17_dr25_sup_koi,q1_q17_dr25_koi,2454964.833,0.00257,-0.00257,003/003218/003218908/dv/kplr003218908-20160209194854_dvr.pdf,0,0,0,0,13331.51,4802.54,-7977.74,1.03038,0.13094,-0.37244,LS+MCMC,0.993,1
5343976,K06565.01,,285.08569,0.0,19h00m20.57s,40.52763,0.0,+40d31m39.5s,13.116,,12.558,,12.395,,,,11.643,0.021,11.307,0.022,11.218,0.018,12.612,,cumulative,Done,11110111011101110000000000000000,FALSE POSITIVE,FALSE POSITIVE,1,239.0,2710.7224,22089.055,0.0,Claret (2011 A&A 529 75) ATLAS LS,0.0,0.0,0.2865,0.3556,Mandel and Agol (2002 ApJ 580 171),1234.3,,,134.7274476,6.88e-05,-6.88e-05,0.0,,,,,,38.82,9.05,-5.59,0.0481,,,0.306,0.021,-0.008,3.7278,0.0032,-0.0032,,,,200403.0,205.0,-205.0,4.331392455,3.71e-07,-3.71e-07,0.416305,0.000873,-3.8e-05,12.3045,0.0339,-0.0339,88.57,,,1051.0,,,5655.0,186.0,-186.0,4.472,0.108,-0.162,-0.44,0.3,-0.3,0.854,0.199,-0.123,0.788,0.112,-0.056,,,,q1_q17_dr25_stellar,0.0,19.005714633,8e-09,40.52764243,9e-08,0.10398,0.00033,0.04116,0.00032,0.002,0.022,-0.002,0.03,0.002,0.067,0.007,0.067,0.007,0.067,0.159,0.069,0.051,0.07,0.167,0.07,MOD_SEC_DV---MOD_SEC_ALT---HAS_SEC_TCE,2018-08-16 00:00:00,1.0,q1_q17_dr25_tce,005/005343/005343976/dv/kplr005343976-001-20160209194854_dvs.pdf,q1_q17_dr25_sup_koi,q1_q17_dr25_koi,2454967.727,6.88e-05,-6.88e-05,005/005343/005343976/dv/kplr005343976-20160209194854_dvr.pdf,0,1,0,0,288.51,210.75,-103.59,1.87841,0.00517,-0.04576,LS+MCMC,0.0,0
6300348,K00212.01,,296.1398,0.0,19h44m33.55s,41.60318,0.0,+41d36m11.4s,15.311,,14.804,,14.663,,14.559,,13.682,0.039,13.369,0.045,13.335,,14.858,,cumulative,Done,11001100110011001000000000000000,CANDIDATE,CANDIDATE,1,121.0,43.76045,349.22238,0.8902,Claret (2011 A&A 529 75) ATLAS LS,0.0,0.0,0.2916,0.3447,Mandel and Agol (2002 ApJ 580 171),391.2,,,139.231637,0.000221,-0.000221,0.0,,,,,,6.61,2.13,-0.71,0.0627,,,0.049,0.15,-0.049,3.5661,0.0106,-0.0106,,,,4921.1,15.0,-15.0,5.69590202,1.593e-06,-1.593e-06,0.064358,0.000284,-0.000131,12.988,0.208,-0.208,89.78,,,1043.0,,,6106.0,190.0,-233.0,4.497,0.052,-0.221,-0.24,0.25,-0.3,0.94,0.303,-0.101,1.013,0.139,-0.139,,,,q1_q17_dr25_stellar,0.0,19.74264835,7.6e-07,41.6030871,7.9e-06,-0.228,0.031,-0.334,0.029,-0.0009,0.00025,-0.00064,0.0003,0.132,0.068,-0.109,0.068,0.171,0.068,-0.011,0.075,-0.151,0.071,0.152,0.071,NO_COMMENT,2018-08-16 00:00:00,1.0,q1_q17_dr25_tce,006/006300/006300348/dv/kplr006300348-001-20160209194854_dvs.pdf,q1_q17_dr25_sup_koi,q1_q17_dr25_koi,2454972.232,0.000221,-0.000221,006/006300/006300348/dv/kplr006300348-20160209194854_dvr.pdf,0,0,0,0,279.61,273.07,-88.96,1.27755,0.02042,-0.07746,LS+MCMC,1.0,1
9071386,K00023.01,,283.16632,0.0,18h52m39.92s,45.403061,0.0,+45d24m11.0s,12.556,,12.231,,12.178,,12.191,,11.336,0.021,11.151,0.018,11.068,0.018,12.291,,cumulative,Done,11111111111111111000000000000000,FALSE POSITIVE,FALSE POSITIVE,1,284.0,231.38123,2739.5085,0.1394,Claret (2011 A&A 529 75) ATLAS LS,0.0,0.0,0.3061,0.3279,Mandel and Agol (2002 ApJ 580 171),1765.2,,,136.8627229,6.62e-05,-6.62e-05,0.0,,,,,,17.85,3.24,-2.43,0.06,,,0.23,0.024,-0.03,5.17249,0.00775,-0.00775,,,,14522.9,10.7,-10.7,4.693305543,3.84e-07,-3.84e-07,0.111211,0.000121,-0.000168,7.565,0.159,-0.159,88.26,,,1389.0,,,6365.0,115.0,-140.0,4.22,0.099,-0.121,0.2,0.15,-0.2,1.47,0.267,-0.2,1.312,0.093,-0.113,,,,q1_q17_dr25_stellar,0.0,18.877756442,6.6e-08,45.40307393,6.1e-07,0.0926,0.0025,0.0502,0.0022,-0.00013,0.00021,-1e-05,0.0003,0.01,0.067,-0.002,0.067,0.01,0.067,0.133,0.069,-0.032,0.067,0.137,0.069,MOD_SEC_DV---MOD_SEC_ALT---HAS_SEC_TCE,2018-08-16 00:00:00,1.0,q1_q17_dr25_tce,009/009071/009071386/dv/kplr009071386-001-20160209194854_dvs.pdf,q1_q17_dr25_sup_koi,q1_q17_dr25_koi,2454969.863,6.62e-05,-6.62e-05,009/009071/009071386/dv/kplr009071386-20160209194854_dvr.pdf,0,1,0,0,881.73,440.8,-279.63,0.37183,0.00783,-0.00647,LS+MCMC,0.269,0
8628761,K04580.01,,293.37381,0.0,19h33m29.71s,44.727982,0.0,+44d43m40.7s,13.215,,12.942,,12.803,,12.622,,11.76,0.021,11.476,0.021,11.426,0.026,13.01,,cumulative,Done,11111111111111111000000000000000,CANDIDATE,CANDIDATE,1,206.0,3.7494876,10.173115,0.978,Claret (2011 A&A 529 75) ATLAS LS,0.0,0.0,0.3088,0.2774,Mandel and Agol (2002 ApJ 580 171),10.7,,,137.29688,0.00763,-0.00763,0.0,,,,,,1.23,0.31,-0.47,0.0709,,,0.665,0.307,-0.44,2.508,0.188,-0.188,,,,40.0,4.3,-4.3,6.30432354,5.58e-05,-5.58e-05,0.00614,0.000112,-0.000618,14.52,5.9,-5.9,87.38,,,1510.0,,,6728.0,299.0,-411.0,3.987,0.35,-0.15,-0.46,0.3,-0.3,1.836,0.464,-0.696,1.192,0.182,-0.223,,,,q1_q17_dr25_stellar,0.086,19.558249,2.7e-05,44.72766,0.0003,-0.2,1.0,-1.2,1.1,1.3e-05,3.9e-05,4.8e-05,4.1e-05,1.23,0.38,0.8,1.2,1.47,0.64,1.24,0.35,1.0,1.0,1.58,0.66,NO_COMMENT,2018-08-16 00:00:00,1.0,q1_q17_dr25_tce,008/008628/008628761/dv/kplr008628761-001-20160209194854_dvs.pdf,q1_q17_dr25_sup_koi,q1_q17_dr25_koi,2454970.297,0.00763,-0.00763,008/008628/008628761/dv/kplr008628761-20160209194854_dvr.pdf,0,0,0,0,1229.72,1066.7,-861.28,1.45822,2.37087,-0.00316,LS+MCMC,0.993,1
6191945,K06024.01,,287.3327,0.0,19h09m19.85s,41.506672,0.0,+41d30m24.0s,14.801,,13.981,,13.72,,13.578,,12.565,0.021,12.128,0.024,12.024,0.021,14.044,,cumulative,Done,00000000000000100000000000000000,FALSE POSITIVE,FALSE POSITIVE,1,13.0,88.28865,266.28836,-1.0,Claret (2011 A&A 529 75) ATLAS LS,0.0,0.0,0.1923,0.5191,Mandel and Agol (2002 ApJ 580 171),32.9,,,135.5474,0.0328,-0.0328,0.0,,,,,,31.15,13.65,-16.67,0.0714,,,0.923,6.998,-0.305,1.9477,0.0796,-0.0796,,,,14578.0,520.0,-520.0,6.8072842,0.0001735,-0.0001735,0.156405,6.895593,-0.244623,18.63,9.3,-9.3,87.16,,,1156.0,,,5182.0,200.0,-182.0,3.935,0.595,-0.255,0.24,0.2,-0.25,1.824,0.799,-0.976,1.043,0.181,-0.181,,,,q1_q17_dr25_stellar,0.075,19.15551809,9.8e-07,41.506731,1.1e-05,0.165,0.04,0.22,0.038,0.0,0.39,0.0,0.53,-0.011,0.067,-0.002,0.067,0.011,0.067,0.105,0.067,0.097,0.067,0.143,0.067,MOD_SEC_DV---MOD_SEC_ALT---DEEP_V_SHAPED---CENT_FEW_DIFFS,2018-08-16 00:00:00,1.0,q1_q17_dr25_tce,006/006191/006191945/dv/kplr006191945-001-20160209194854_dvs.pdf,q1_q17_dr25_sup_koi,q1_q17_dr25_koi,2454968.547,0.0328,-0.0328,006/006191/006191945/dv/kplr006191945-20160209194854_dvr.pdf,0,1,0,0,421.16,592.24,-342.26,2.63981,23.70738,-1.00591,LS+MCMC,0.0,0
1575873,K04359.01,,291.92636,0.0,19h27m42.33s,37.101292,0.0,+37d06m04.7s,11.499,,11.211,,11.178,,11.193,,10.413,0.022,10.245,0.021,10.206,0.023,11.283,,cumulative,Done,11111111111111111000000000000000,FALSE POSITIVE,FALSE POSITIVE,1,2127.0,3.6896265,10.47228,0.3752,Claret (2011 A&A 529 75) ATLAS LS,0.0,0.0,0.318,0.2734,Mandel and Agol (2002 ApJ 580 171),9.4,,,131.55662,0.00643,-0.00643,0.0,,,,,,0.81,0.17,-0.24,0.016,,,0.365,0.104,-0.365,1.263,0.202,-0.202,,,,14.7,2.0,-2.0,0.629001455,4.57e-06,-4.57e-06,0.003604,0.000203,-0.000349,3.61,1.7,-1.7,84.2,,,3375.0,,,6739.0,161.0,-202.0,3.948,0.259,-0.111,-0.24,0.3,-0.25,2.059,0.439,-0.604,1.375,0.196,-0.239,,,,q1_q17_dr25_stellar,0.0,19.461844,1.8e-05,37.10432,0.00026,3.75,0.76,10.91,0.95,-5.14e-05,9.9e-06,-0.000145,1.2e-05,1.83,0.43,10.07,0.65,10.23,0.68,1.75,0.43,9.95,0.71,10.1,0.74,CENT_SATURATED,2018-08-16 00:00:00,1.0,q1_q17_dr25_tce,001/001575/001575873/dv/kplr001575873-001-20160209194854_dvs.pdf,q1_q17_dr25_sup_koi,q1_q17_dr25_koi,2454964.557,0.00643,-0.00643,001/001575/001575873/dv/kplr001575873-20160209194854_dvr.pdf,0,0,1,0,30567.67,18880.37,-17052.93,2.25862,15.02837,-1.46534,LS+MCMC,1.0,0
7888957,K08147.01,,291.10947,0.0,19h24m26.27s,43.635181,0.0,+43d38m06.7s,14.841,,13.907,,13.599,,13.415,,12.234,0.021,11.716,0.017,11.592,0.016,13.971,,cumulative,Done,11111111111111100000000000000000,FALSE POSITIVE,FALSE POSITIVE,1,3.0,7.1278434,7.385894,0.3976,Claret (2011 A&A 529 75) ATLAS LS,0.0,0.0,0.1697,0.5559,Mandel and Agol (2002 ApJ 580 171),10.7,,,175.9438,0.0161,-0.0161,0.0,,,,,,22.36,1.07,-6.02,1.2824,,,0.29,0.204,-0.29,4.911,0.931,-0.931,,,,896.0,148.0,-148.0,363.346158,0.009103,-0.009103,0.02688,0.004697,-0.001207,557.0,248.0,-248.0,89.97,,,537.0,,,4994.0,72.0,-182.0,3.002,0.033,-0.03,0.1,0.15,-0.35,7.619,0.362,-2.051,2.124,0.106,-0.95,,,,q1_q17_dr25_stellar,0.194,19.407323,2.4e-05,43.63534,0.0002,1.01,0.92,0.57,0.72,-0.00094,0.00085,-0.00043,0.00077,1.87,0.71,1.36,0.79,2.32,0.99,1.8,0.57,1.44,0.59,2.31,0.78,MOD_NONUNIQ_ALT---INCONSISTENT_TRANS,2018-08-16 00:00:00,1.0,q1_q17_dr25_tce,007/007888/007888957/dv/kplr007888957-001-20160209194854_dvs.pdf,q1_q17_dr25_sup_koi,q1_q17_dr25_koi,2455008.944,0.0161,-0.0161,007/007888/007888957/dv/kplr007888957-20160209194854_dvr.pdf,1,0,0,0,19.65,3.18,-10.6,24.73059,77.02568,-23.96688,LS+MCMC,0.001,0
4659255,K03580.01,,293.04837,0.0,19h32m11.61s,39.725349,0.0,+39d43m31.3s,16.192,,15.527,,15.27,,15.096,,14.075,0.028,13.669,0.026,13.513,0.042,15.546,,cumulative,Done,01111011101110111000000000000000,FALSE POSITIVE,FALSE POSITIVE,1,7.0,733.5503,1587.215,0.8697,Claret (2011 A&A 529 75) ATLAS LS,0.0,0.0,0.2337,0.4535,Mandel and Agol (2002 ApJ 580 171),1411.3,,,234.151682,0.000134,-0.000134,0.0,,,,,,38.49,4.24,-4.24,0.583,,,0.88,0.094,-0.046,9.72673,0.00974,-0.00974,,,,142501.0,120.0,-120.0,198.01379181,3.748e-05,-3.748e-05,0.497851,0.063864,-0.035492,188.55,5.8,-5.8,89.73,,,260.0,,,5359.0,159.0,-175.0,4.566,0.09,-0.06,-0.72,0.3,-0.3,0.708,0.078,-0.078,0.673,0.082,-0.033,,,,q1_q17_dr25_stellar,0.0,19.53655809,2.1e-07,39.7253134,2.3e-06,0.0036,0.0088,-0.1318,0.0083,-0.01,0.79,0.0,1.0,0.014,0.069,0.0,0.072,0.014,0.069,0.098,0.069,-0.095,0.07,0.136,0.07,MOD_SEC_DV---MOD_SEC_ALT---DEEP_V_SHAPED,2018-08-16 00:00:00,1.0,q1_q17_dr25_tce,004/004659/004659255/dv/kplr004659255-001-20160209194854_dvs.pdf,q1_q17_dr25_sup_koi,q1_q17_dr25_koi,2455067.152,0.000134,-0.000134,004/004659/004659255/dv/kplr004659255-20160209194854_dvr.pdf,0,1,0,0,1.09,0.42,-0.34,3.23429,0.09889,-0.0612,LS+MCMC,0.0,0
9787239,K00952.03,Kepler-32 d,297.84241,0.0,19h51m22.18s,46.574268,0.0,+46d34m27.4s,17.251,,15.913,,15.179,,14.797,,13.616,0.023,12.901,0.024,12.757,0.024,15.801,,cumulative,Done,11111101110111011000000000000000,CONFIRMED,CANDIDATE,5,47.0,7.5207214,31.423384,0.946,Claret (2011 A&A 529 75) ATLAS LS,0.0,0.0,0.3037,0.4224,Mandel and Agol (2002 ApJ 580 171),46.4,,,155.20408,0.00138,-0.00138,0.0,,,,,,2.17,0.15,-0.22,0.1256,,,0.008,0.283,-0.008,3.3002,0.0449,-0.0449,,,,1925.1,42.3,-42.3,22.78078241,3.951e-05,-3.951e-05,0.039959,0.000779,-0.000366,54.84,2.3,-2.3,89.99,,,328.0,,,3731.0,73.0,-83.0,4.75,0.052,-0.028,-0.02,0.15,-0.15,0.498,0.034,-0.051,0.509,0.036,-0.045,,,,q1_q17_dr25_stellar,0.0,19.856158,7.3e-06,46.574199,7.4e-05,-0.08,0.27,-0.25,0.27,-0.00172,0.0006,0.00045,0.00065,0.29,0.12,0.09,0.13,0.31,0.13,0.02,0.1,0.33,0.13,0.33,0.13,CENT_KIC_POS,2018-08-16 00:00:00,2.0,q1_q17_dr25_tce,009/009787/009787239/dv/kplr009787239-002-20160209194854_dvs.pdf,q1_q17_dr25_sup_koi,q1_q17_dr25_koi,2454988.204,0.00138,-0.00138,009/009787/009787239/dv/kplr009787239-20160209194854_dvr.pdf,0,0,0,0,2.73,0.63,-0.72,6.01274,0.25566,-0.98667,LS+MCMC,1.0,1
4076061,K06384.01,,296.07407,0.0,19h44m17.78s,39.158192,0.0,+39d09m29.5s,16.535,,15.959,,15.759,,15.652,,14.765,0.041,14.317,0.062,14.221,0.088,15.992,,cumulative,Done,11011101110111000000000000000,CANDIDATE,CANDIDATE,1,3.0,7.022845,8.598857,,Claret (2011 A&A 529 75) ATLAS LS,0.0,0.0,0.2909,0.3467,Mandel and Agol (2002 ApJ 580 171),8.9,,,440.2605,0.0326,-0.0326,0.0,,,,,,2.79,1.07,-0.22,1.2853,,,0.2065,0.2442,-0.2065,20.39,1.5,-1.5,,,,1200.0,152.0,-152.0,566.28176,0.03469,-0.03469,0.031803,0.002396,-0.002171,214.5,83.4,-83.4,89.95,,,203.0,,,5829.0,193.0,-175.0,4.575,0.031,-0.031,-0.42,0.3,-0.26,0.802,0.309,-0.061,0.879,0.106,-0.089,,,,stellar_q1_q17,0.07,19.738219,1.9e-05,39.15736,0.00029,-2.18,0.79,-3.0,1.0,0.0012,0.001,0.0001,0.0013,0.08,0.56,-0.2,1.1,0.2,1.3,-0.69,0.38,-1.8,1.3,2.0,1.3,EYEBALL---CLEAR_APO---TOO_FEW_QUARTERS,2018-08-16 00:00:00,1.0,q1_q17_dr24_tce,004/004076/004076061/dv/kplr004076061-001-20141002224145_dvs.pdf,q1_q17_dr25_sup_koi,q1_q17_dr24_koi,2455273.26,0.0326,-0.0326,004/004076/004076061/dv/kplr004076061-20141002224145_dvr.pdf,0,0,0,0,0.4,0.48,-0.1,0.5824,0.22655,-0.26132,MCMC,,1
3547760,K04535.02,,292.25284,0.0,19h29m00.68s,38.60899,0.0,+38d36m32.4s,15.43,,14.743,,14.517,,14.382,,13.445,0.025,12.944,0.028,12.847,0.033,14.791,,cumulative,Done,11111111111111111000000000000000,CANDIDATE,CANDIDATE,2,225.0,3.4990711,8.017791,,Claret (2011 A&A 529 75) ATLAS LS,0.0,0.0,0.2382,0.4465,Mandel and Agol (2002 ApJ 580 171),7.8,,,136.9845,0.0114,-0.0114,0.0,,,,,,0.78,0.17,-0.08,0.0565,,,0.1847,0.2588,-0.1846,3.102,0.322,-0.322,,,,110.3,15.0,-15.0,5.78901936,7.896e-05,-7.896e-05,0.009509,0.000845,-0.000631,14.16,4.6,-4.6,89.38,,,849.0,,,5289.0,173.0,-142.0,4.546,0.066,-0.066,-0.44,0.38,-0.28,0.748,0.171,-0.074,0.717,0.134,-0.049,,,,stellar_q1_q17,0.036,19.483545,4e-05,38.6084,0.00046,0.9,1.7,-2.1,1.6,-7e-05,0.00016,0.00021,0.00015,1.0,1.1,-1.05,0.64,1.46,0.88,1.1,1.1,-0.93,0.63,1.42,0.93,,2018-08-16 00:00:00,2.0,q1_q17_dr24_tce,003/003547/003547760/dv/kplr003547760-002-20141002224145_dvs.pdf,q1_q17_dr25_sup_koi,q1_q17_dr24_koi,2454969.984,0.0114,-0.0114,003/003547/003547760/dv/kplr003547760-20141002224145_dvr.pdf,0,0,0,0,122.75,87.99,-33.37,1.60346,0.52433,-0.8995,MCMC,,1
4742452,K07704.01,,290.46088,0.0,19h21m50.61s,39.837212,0.0,+39d50m14.0s,15.307,,14.749,,14.625,,14.653,,13.772,0.031,13.437,0.032,13.479,0.045,14.829,,cumulative,Done,00011111111111111000000000000000,CANDIDATE,CANDIDATE,1,215.0,3.9783366,7.2301774,0.9722,Claret (2011 A&A 529 75) ATLAS LS,0.0,0.0,0.2844,0.3661,Mandel and Agol (2002 ApJ 580 171),8.4,,,135.1594,0.0169,-0.0169,0.0,,,,,,1.0,0.32,-0.12,0.0634,,,0.136,0.319,-0.136,3.256,0.371,-0.371,,,,85.5,12.3,-12.3,5.4398033,0.0001046,-0.0001046,0.008465,0.000706,-0.000682,12.77,3.4,-3.4,89.39,,,1112.0,,,6108.0,190.0,-253.0,4.43,0.054,-0.216,0.12,0.2,-0.3,1.08,0.35,-0.125,1.147,0.147,-0.164,,,,q1_q17_dr25_stellar,0.326,19.364037,3.6e-05,39.8373,0.00029,-0.9,1.5,0.3,1.0,2e-05,0.00012,-7.1e-05,8.6e-05,0.31,0.94,1.0,1.2,1.1,1.4,-0.21,0.94,0.6,1.2,0.6,1.2,NO_COMMENT,2018-08-16 00:00:00,1.0,q1_q17_dr25_tce,004/004742/004742452/dv/kplr004742452-001-20160209194854_dvs.pdf,q1_q17_dr25_sup_koi,q1_q17_dr25_koi,2454968.159,0.0169,-0.0169,004/004742/004742452/dv/kplr004742452-20160209194854_dvr.pdf,0,0,0,0,361.47,354.86,-122.83,1.33108,0.71613,-1.01105,LS+MCMC,0.937,1
4847843,K03505.01,,295.07965,0.0,19h40m19.12s,39.962528,0.0,+39d57m45.1s,14.129,,13.348,,13.095,,12.926,,11.889,0.023,11.462,0.021,11.319,0.02,13.405,,cumulative,Done,11111011101110111000000000000000,FALSE POSITIVE,FALSE POSITIVE,1,35.0,8.175376,26.186584,0.9259,Claret (2011 A&A 529 75) ATLAS LS,0.0,0.0,0.2842,0.3538,Mandel and Agol (2002 ApJ 580 171),27.1,,,156.1377,0.0132,-0.0132,0.0,,,,,,89.18,51.48,-70.78,0.1761,,,1.208,39.19,-1.303,14.992,0.736,-0.736,,,,460.9,20.5,-20.5,30.9604688,0.0004906,-0.0004906,0.229528,39.18187,-1.295574,3.81,1.9,-1.9,71.5,,,1064.0,,,5367.0,92.0,-322.0,3.216,1.472,-0.368,-1.6,0.3,-0.25,3.558,2.054,-2.824,0.758,0.193,-0.193,,,,q1_q17_dr25_stellar,0.0,19.6709983,9.5e-06,39.91398,0.00011,-40.47,0.4,-174.79,0.38,0.01996,0.00021,0.08775,0.00021,,,,,,,,,,,,,MOD_SEC_DV---HAS_SEC_TCE---CENT_RESOLVED_OFFSET---HALO_GHOST---EPHEM_MATCH,2018-08-16 00:00:00,1.0,q1_q17_dr25_tce,004/004847/004847843/dv/kplr004847843-001-20160209194854_dvs.pdf,q1_q17_dr25_sup_koi,q1_q17_dr25_koi,2454989.138,0.0132,-0.0132,004/004847/004847843/dv/kplr004847843-20160209194854_dvr.pdf,0,1,1,1,303.13,504.06,-293.06,0.00109,1.61835,-0.00061,LS+MCMC,0.0,0
3097346,K00264.01,,285.68408,0.0,19h02m44.18s,38.262817,0.0,+38d15m46.1s,11.744,,11.523,,,,,,10.37,0.021,10.09,0.016,10.02,0.019,11.551,,cumulative,Done,11111111111111111000000000000000,FALSE POSITIVE,FALSE POSITIVE,1,330.0,14.798551,61.80644,0.6743,Claret (2011 A&A 529 75) ATLAS LS,0.0,0.0,0.2891,0.3589,Mandel and Agol (2002 ApJ 580 171),62.8,,,170.69131,0.00177,-0.00177,0.0,,,,,,1.77,0.43,-0.64,0.0516,,,0.45,0.032,-0.447,3.3316,0.056,-0.056,,,,111.1,2.1,-2.1,4.029810359,7.764e-06,-7.764e-06,0.009822,6.8e-05,-0.000345,8.38,3.5,-3.5,86.92,,,1479.0,,,5929.0,187.0,-208.0,4.055,0.336,-0.144,0.08,0.25,-0.3,1.651,0.399,-0.599,1.127,0.155,-0.173,,,,q1_q17_dr25_stellar,0.0,19.0467444,5.5e-06,38.25319,8e-05,48.25,0.23,-34.66,0.29,-0.004655,2.2e-05,0.003282,2.8e-05,8.608,0.069,-5.687,0.073,10.317,0.071,8.347,0.068,-6.118,0.069,10.349,0.068,CENT_RESOLVED_OFFSET---EPHEM_MATCH,2018-08-16 00:00:00,1.0,q1_q17_dr25_tce,003/003097/003097346/dv/kplr003097346-001-20160209194854_dvs.pdf,q1_q17_dr25_sup_koi,q1_q17_dr25_koi,2455003.691,0.00177,-0.00177,003/003097/003097346/dv/kplr003097346-20160209194854_dvr.pdf,0,0,1,1,1132.21,844.24,-733.71,0.68602,0.28962,-0.08673,LS+MCMC,0.0,0
10727668,K06081.01,,290.43994,0.0,19h21m45.59s,48.045101,0.0,+48d02m42.4s,16.21,,16.358,,16.543,,16.534,,15.934,0.082,15.61,0.151,15.912,,16.321,,cumulative,Done,00000000000001111000000000000000,FALSE POSITIVE,FALSE POSITIVE,1,118.0,68.338135,571.6555,0.1015,Claret (2011 A&A 529 75) ATLAS LS,0.0,0.0,0.2918,0.2025,Mandel and Agol (2002 ApJ 580 171),511.7,,,131.7928588,,,0.0,,,,,,39.04,13.48,-13.47,0.046,,,0.003,,,3.3828,,,,,,23268.7,,,2.305903447,,,0.143473,0.0,0.0,5.991259,,,89.98,,,3147.0,,,9696.0,272.0,-467.0,4.033,0.215,-0.194,0.07,0.2,-0.75,2.492,0.86,-0.86,2.444,0.379,-0.758,,,,q1_q17_dr25_stellar,0.0,19.36266222,6.3e-07,48.0450763,7.5e-06,0.008,0.023,-0.085,0.027,-0.0029,0.0033,0.0022,0.0049,0.122,0.068,-0.038,0.071,0.128,0.069,0.136,0.076,-0.09,0.11,0.164,0.089,MOD_SEC_DV---MOD_SEC_ALT---HAS_SEC_TCE,2018-08-16 00:00:00,1.0,q1_q17_dr25_tce,010/010727/010727668/dv/kplr010727668-001-20160209194854_dvs.pdf,q1_q17_dr25_sup_koi,q1_q17_dr25_koi,2454964.793,,,010/010727/010727668/dv/kplr010727668-20160209194854_dvr.pdf,0,1,0,0,23214.46,23702.76,-15042.03,0.76512,0.0,0.0,LS,0.0,0
9593528,K03939.01,,294.0282,0.0,19h36m06.77s,46.201771,0.0,+46d12m06.4s,15.652,,15.193,,15.021,,14.952,,14.104,0.027,13.774,0.034,13.765,0.048,15.21,,cumulative,Done,00000000010000000000000000000000,FALSE POSITIVE,FALSE POSITIVE,1,49.0,4.7595673,16.91024,0.9984,Claret (2011 A&A 529 75) ATLAS LS,0.0,0.0,0.3036,0.3098,Mandel and Agol (2002 ApJ 580 171),15.8,,,132.3531,0.0376,-0.0376,0.0,,,,,,43.81,13.01,-9.75,0.0299,,,1.269,38.15,-0.005,1.343,0.16,-0.16,,,,2098.0,162.0,-162.0,1.88665445,8.625e-05,-8.625e-05,0.321214,38.15105,-0.004302,4.15,2.1,-2.1,72.18,,,1794.0,,,6296.0,198.0,-242.0,4.247,0.185,-0.185,-0.36,0.3,-0.3,1.249,0.371,-0.278,1.005,0.157,-0.114,,,,q1_q17_dr25_stellar,0.0,19.601845,1.5e-05,46.20166,0.00016,-1.3,0.57,-0.41,0.58,0.00217,0.00082,0.00072,0.00091,-0.072,0.095,-0.067,0.09,0.099,0.093,-0.262,0.095,-0.439,0.09,0.512,0.091,CENT_FEW_DIFFS,2018-08-16 00:00:00,1.0,q1_q17_dr25_tce,009/009593/009593528/dv/kplr009593528-001-20160209194854_dvs.pdf,q1_q17_dr25_sup_koi,q1_q17_dr25_koi,2454965.353,0.0376,-0.0376,009/009593/009593528/dv/kplr009593528-20160209194854_dvr.pdf,0,1,0,0,2453.86,2218.59,-1185.99,0.37904,495.94458,-0.12266,LS+MCMC,1.0,0
4656049,K00629.01,Kepler-627 b,292.10428,0.0,19h28m25.03s,39.76791,0.0,+39d46m04.5s,14.324,,13.918,,13.788,,13.713,,12.916,0.024,12.657,0.025,12.608,0.029,13.949,,cumulative,Done,11111111111111111000000000000000,CONFIRMED,CANDIDATE,1,34.0,7.084527,32.50293,0.9798,Claret (2011 A&A 529 75) ATLAS LS,0.0,0.0,0.3025,0.2923,Mandel and Agol (2002 ApJ 580 171),38.5,,,172.57123,0.00301,-0.00301,0.0,,,,,,3.2,0.86,-0.85,0.2327,,,0.854,0.053,-0.608,7.074,0.111,-0.111,,,,429.9,12.4,-12.4,40.6992062,0.0001694,-0.0001694,0.021549,0.001433,-0.002409,24.7,11.5,-11.5,88.02,,,685.0,,,6419.0,175.0,-213.0,4.175,0.24,-0.16,-0.48,0.3,-0.3,1.362,0.362,-0.362,1.012,0.157,-0.115,,,,q1_q17_dr25_stellar,0.549,19.4736136,9.2e-06,39.76798,0.00011,-0.24,0.38,0.25,0.4,0.0001,0.00017,-6e-05,0.00017,0.65,0.34,-0.86,0.52,1.08,0.35,0.52,0.36,-0.64,0.56,0.82,0.36,NO_COMMENT,2018-08-16 00:00:00,1.0,q1_q17_dr25_tce,004/004656/004656049/dv/kplr004656049-001-20160209194854_dvs.pdf,q1_q17_dr25_sup_koi,q1_q17_dr25_koi,2455005.571,0.00301,-0.00301,004/004656/004656049/dv/kplr004656049-20160209194854_dvr.pdf,0,0,0,0,52.05,40.82,-27.53,0.17147,0.8022,-0.08035,LS+MCMC,1.0,1
6365321,K01123.01,,292.23679,0.0,19h28m56.83s,41.7393,0.0,+41d44m21.5s,15.833,,15.256,,15.104,,14.993,,14.015,0.025,13.698,0.03,13.629,0.045,15.323,,cumulative,Done,11111111111111111000000000000000,FALSE POSITIVE,FALSE POSITIVE,1,1571.0,6.7435603,37.517426,1.0,Claret (2011 A&A 529 75) ATLAS LS,0.0,0.0,0.2889,0.3511,Mandel and Agol (2002 ApJ 580 171),185.0,,,133.585301,0.000212,-0.000212,0.0,,,,,,32.11,10.12,-3.36,0.0177,,,1.264,2.358,-0.096,1.4451,0.0127,-0.0127,,,,1907.4,12.9,-12.9,0.848483947,2.24e-07,-2.24e-07,0.314173,2.337732,-0.092015,2.064,0.985,-0.985,52.24,,,1908.0,,,5941.0,166.0,-187.0,4.504,0.04,-0.216,-0.08,0.25,-0.3,0.936,0.295,-0.098,1.019,0.132,-0.132,,,,q1_q17_dr25_stellar,0.839,19.4824497,4.7e-06,41.739249,4.8e-05,-0.09,0.19,-0.18,0.17,-7e-05,0.00017,1e-05,0.00016,0.02,0.075,-0.057,0.069,0.06,0.07,-0.047,0.078,-0.163,0.073,0.17,0.076,MOD_ODDEVEN_ALT,2018-08-16 00:00:00,1.0,q1_q17_dr25_tce,006/006365/006365321/dv/kplr006365321-001-20160209194854_dvs.pdf,q1_q17_dr25_sup_koi,q1_q17_dr25_koi,2454966.585,0.000212,-0.000212,006/006365/006365321/dv/kplr006365321-20160209194854_dvr.pdf,0,1,0,0,3117.82,2903.46,-918.8,0.23097,1.98433,-0.0275,LS+MCMC,0.001,0
4852528,K00500.05,Kepler-80 f,296.11258,0.0,19h44m27.02s,39.978779,0.0,+39d58m43.6s,15.859,,14.723,,14.352,,14.121,,12.954,0.023,12.354,0.022,12.253,0.02,14.804,,cumulative,Done,11111011101110111000000000000000,CONFIRMED,CANDIDATE,5,939.0,5.6983476,26.179613,0.9323,Claret (2011 A&A 529 75) ATLAS LS,0.0,0.0,0.2238,0.5081,Mandel and Agol (2002 ApJ 580 171),51.5,,,133.171292,0.000613,-0.000613,0.0,,,,,,1.19,0.07,-0.06,0.0162,,,0.026,0.289,-0.026,1.1879,0.018,-0.018,,,,450.0,9.5,-9.5,0.986785834,6.98e-07,-6.98e-07,0.019263,0.000168,-0.000457,6.493,0.723,-0.723,89.77,,,1054.0,,,4041.0,72.0,-88.0,4.697,0.024,-0.027,-0.14,0.15,-0.15,0.567,0.031,-0.031,0.584,0.029,-0.035,,,,q1_q17_dr25_stellar,,19.740847,1.3e-05,39.97873,0.00013,0.38,0.53,-0.19,0.47,,,4e-05,0.00011,-0.24,0.14,0.0,0.16,0.24,0.14,-0.17,0.14,0.03,0.15,0.17,0.14,NO_COMMENT,2018-08-16 00:00:00,4.0,q1_q17_dr25_tce,004/004852/004852528/dv/kplr004852528-004-20160209194854_dvs.pdf,q1_q17_dr25_sup_koi,q1_q17_dr25_koi,2454966.171,0.000613,-0.000613,004/004852/004852528/dv/kplr004852528-20160209194854_dvr.pdf,0,0,0,0,292.35,56.64,-53.12,5.31788,0.59233,-1.3812,LS+MCMC,1.0,1
6421188,K06702.01,,282.90604,0.0,18h51m37.45s,41.831841,0.0,+41d49m54.6s,14.312,,13.79,,13.6,,14.089,,12.875,,12.549,0.045,12.487,,13.814,,cumulative,Done,11110111011101110000000000000000,FALSE POSITIVE,FALSE POSITIVE,1,63.0,633.23724,2927.8442,0.0007,Claret (2011 A&A 529 75) ATLAS LS,0.0,0.0,0.2889,0.3511,Mandel and Agol (2002 ApJ 580 171),2171.4,,,136.2884989,5.61e-05,-5.61e-05,0.0,,,,,,25.25,8.57,-7.02,0.1259,,,0.572,0.009,-0.001,5.15682,0.00212,-0.00212,,,,45699.5,26.1,-26.1,16.434352831,1.105e-06,-1.105e-06,0.203868,0.000347,-0.000183,25.8074,0.0508,-0.0508,88.73,,,789.0,,,5963.0,434.0,-530.0,4.322,0.205,-0.205,-0.12,0.3,-0.3,1.134,0.385,-0.315,0.986,0.201,-0.164,,,,q1_q17_dr25_stellar,0.0,18.86039651,1.1e-07,41.8318914,1.1e-06,-0.2732,0.0043,0.1849,0.0041,0.0123,0.0027,-0.033,0.0036,-0.385,0.069,0.835,0.073,0.92,0.075,-0.103,0.07,0.284,0.069,0.302,0.07,MOD_SEC_DV---MOD_SEC_ALT---HAS_SEC_TCE---CENT_KIC_POS,2018-08-16 00:00:00,1.0,q1_q17_dr25_tce,006/006421/006421188/dv/kplr006421188-001-20160209194854_dvs.pdf,q1_q17_dr25_sup_koi,q1_q17_dr25_koi,2454969.288,5.61e-05,-5.61e-05,006/006421/006421188/dv/kplr006421188-20160209194854_dvr.pdf,0,1,0,0,91.8,126.36,-58.8,1.20389,0.00237,-0.03393,LS+MCMC,0.0,0
10419312,K02412.01,,297.11157,0.0,19h48m26.78s,47.534691,0.0,+47d32m04.9s,14.832,,13.918,,13.589,,13.395,,12.299,0.023,11.738,0.019,11.617,0.018,13.962,,cumulative,Done,11111101110111011000000000000000,FALSE POSITIVE,FALSE POSITIVE,1,431.0,5.145171,14.080627,0.7148,Claret (2011 A&A 529 75) ATLAS LS,0.0,0.0,0.1713,0.5474,Mandel and Agol (2002 ApJ 580 171),20.7,,,132.63633,0.00278,-0.00278,0.0,,,,,,9.48,3.55,-3.91,0.04,,,0.975,0.017,-0.731,2.644,0.122,-0.122,,,,259.2,14.3,-14.3,2.493237866,9.349e-06,-9.349e-06,0.021013,0.001841,-0.006601,2.4,1.2,-1.2,66.07,,,2241.0,,,5002.0,124.0,-136.0,3.344,0.336,-0.275,-0.06,0.25,-0.25,4.131,1.547,-1.702,1.375,0.21,-0.39,,,,q1_q17_dr25_stellar,,19.806426,1e-05,47.5422,0.00012,-36.87,0.38,27.03,0.44,,,-0.0062,0.0001,-5.786,0.069,6.74,0.073,8.883,0.074,-5.773,0.067,6.886,0.069,8.986,0.069,CENT_RESOLVED_OFFSET---HALO_GHOST,2018-08-16 00:00:00,1.0,q1_q17_dr25_tce,010/010419/010419312/dv/kplr010419312-001-20160209194854_dvs.pdf,q1_q17_dr25_sup_koi,q1_q17_dr25_koi,2454965.636,0.00278,-0.00278,010/010419/010419312/dv/kplr010419312-20160209194854_dvr.pdf,0,0,1,0,5975.48,6475.2,-4125.23,0.04224,2.246,-0.04272,LS+MCMC,0.0,0
5817533,K04293.01,,298.47058,0.0,19h53m52.94s,41.06625,0.0,+41d03m58.5s,15.945,,15.275,,15.047,,14.892,,13.926,0.024,13.532,0.03,13.457,0.036,15.316,,cumulative,Done,11111111111111111000000000000000,FALSE POSITIVE,FALSE POSITIVE,1,324.0,3.7042663,12.17469,0.6138,Claret (2011 A&A 529 75) ATLAS LS,0.0,0.0,0.2521,0.421,Mandel and Agol (2002 ApJ 580 171),11.9,,,132.2382,0.0167,-0.0167,0.0,,,,,,0.91,0.17,-0.1,0.047,,,0.607,0.007,-0.489,5.16,0.533,-0.533,,,,120.0,12.3,-12.3,4.206109,0.0001094,-0.0001094,0.010435,0.000155,-0.00109,5.09,2.0,-2.0,83.15,,,999.0,,,5480.0,164.0,-164.0,4.522,0.08,-0.12,-0.36,0.35,-0.3,0.802,0.149,-0.092,0.78,0.106,-0.062,,,,q1_q17_dr25_stellar,0.048,19.898028,2.8e-05,41.06651,0.00034,-0.4,1.1,0.9,1.2,9e-05,0.00016,-0.00021,0.00017,1.15,0.58,2.28,0.71,2.55,0.77,1.11,0.7,2.09,0.76,2.37,0.88,CENT_UNRESOLVED_OFFSET---EPHEM_MATCH,2018-08-16 00:00:00,1.0,q1_q17_dr25_tce,005/005817/005817533/dv/kplr005817533-001-20160209194854_dvs.pdf,q1_q17_dr25_sup_koi,q1_q17_dr25_koi,2454965.238,0.0167,-0.0167,005/005817/005817533/dv/kplr005817533-20160209194854_dvr.pdf,0,0,1,1,235.01,136.8,-71.9,0.14089,0.1694,-0.02979,LS+MCMC,0.0,0
8630840,K08161.01,,294.13348,0.0,19h36m32.04s,44.71735,0.0,+44d43m02.5s,14.178,,13.67,,13.541,,13.47,,12.6,0.022,12.353,0.021,12.257,0.019,13.732,,cumulative,Done,11111111111111111000000000000000,FALSE POSITIVE,FALSE POSITIVE,1,4.0,5.071457,7.351427,0.0243,Claret (2011 A&A 529 75) ATLAS LS,0.0,0.0,0.3052,0.3236,Mandel and Agol (2002 ApJ 580 171),13.9,,,263.3823,0.0809,-0.0809,0.0,,,,,,2.12,0.62,-0.61,1.0735,,,0.006,0.447,-0.006,23.94,3.2,-3.2,,,,186.2,17.1,-17.1,370.38642,0.06746,-0.06746,0.0125,0.000578,-0.000886,119.69,7.5,-7.5,90.0,,,328.0,,,6179.0,167.0,-223.0,4.134,0.246,-0.164,0.06,0.25,-0.3,1.555,0.451,-0.451,1.199,0.182,-0.182,,,,q1_q17_dr25_stellar,0.021,19.60897,3.1e-05,44.7176,0.00045,2.8,1.2,0.9,1.6,-0.00031,0.00016,-0.00015,0.00021,,,,,,,,,,,,,ALL_TRANS_CHASES---CENT_FEW_DIFFS,2018-08-16 00:00:00,1.0,q1_q17_dr25_tce,008/008630/008630840/dv/kplr008630840-001-20160209194854_dvs.pdf,q1_q17_dr25_sup_koi,q1_q17_dr25_koi,2455096.382,0.0809,-0.0809,008/008630/008630840/dv/kplr008630840-20160209194854_dvr.pdf,1,0,0,0,2.74,2.33,-1.55,0.23644,0.01486,-0.15505,LS+MCMC,0.102,0
9583881,K00467.01,Kepler-562 b,290.11963,0.0,19h20m28.71s,46.273811,0.0,+46d16m25.7s,15.302,,14.736,,14.576,,14.496,,13.576,0.021,13.215,0.023,13.12,0.027,14.794,,cumulative,Done,11111111111111111000000000000000,CONFIRMED,CANDIDATE,1,77.0,35.476505,230.01062,0.5038,Claret (2011 A&A 529 75) ATLAS LS,0.0,0.0,0.2676,0.3928,Mandel and Agol (2002 ApJ 580 171),245.2,,,182.441015,0.000449,-0.000449,0.0,,,,,,4.96,1.57,-0.39,0.1333,,,0.55,0.081,-0.247,4.9611,0.0502,-0.0502,,,,3004.4,14.8,-14.8,18.00932214,1.014e-05,-1.014e-05,0.05176,0.002682,-0.00136,24.87,6.5,-6.5,88.73,,,658.0,,,5815.0,146.0,-160.0,4.54,0.037,-0.213,-0.12,0.3,-0.3,0.877,0.278,-0.069,0.973,0.116,-0.116,,,,q1_q17_dr25_stellar,0.0,19.3413042,1.5e-06,46.27382,1.5e-05,-0.143,0.057,0.038,0.053,-0.0014,0.0002,0.00087,0.00022,0.065,0.069,-0.109,0.08,0.127,0.078,-0.049,0.073,-0.184,0.082,0.19,0.08,NO_COMMENT,2018-08-16 00:00:00,1.0,q1_q17_dr25_tce,009/009583/009583881/dv/kplr009583881-001-20160209194854_dvs.pdf,q1_q17_dr25_sup_koi,q1_q17_dr25_koi,2455015.441,0.000449,-0.000449,009/009583/009583881/dv/kplr009583881-20160209194854_dvr.pdf,0,0,0,0,44.29,40.55,-10.66,0.89694,0.46581,-0.11818,LS+MCMC,1.0,1
3440118,K03876.01,Kepler-1928 b,290.44067,0.0,19h21m45.76s,38.52356,0.0,+38d31m24.8s,13.089,,12.578,,12.425,,12.37,,11.456,0.02,11.152,0.016,11.107,0.019,12.624,,cumulative,Done,11111111111111111000000000000000,CONFIRMED,CANDIDATE,1,72.0,6.975619,31.900154,0.0307,Claret (2011 A&A 529 75) ATLAS LS,0.0,0.0,0.2291,0.4603,Mandel and Agol (2002 ApJ 580 171),37.2,,,131.71421,0.00153,-0.00153,0.0,,,,,,1.96,0.27,-0.09,0.1409,,,0.694,0.007,-0.509,1.9857,0.048,-0.048,,,,432.6,13.5,-13.5,19.57783279,3.696e-05,-3.696e-05,0.020303,0.002966,-0.001419,56.4,26.8,-26.8,89.3,,,621.0,,,5620.0,100.0,-111.0,4.533,0.023,-0.113,0.06,0.15,-0.15,0.884,0.123,-0.039,0.971,0.047,-0.08,,,,q1_q17_dr25_stellar,0.096,19.3627042,5.2e-06,38.523474,7.2e-05,-0.3,0.22,-0.31,0.26,8.3e-05,9.5e-05,0.0001,0.00011,0.23,0.22,-0.38,0.14,0.45,0.13,0.17,0.21,-0.29,0.13,0.33,0.13,NO_COMMENT,2018-08-16 00:00:00,1.0,q1_q17_dr25_tce,003/003440/003440118/dv/kplr003440118-001-20160209194854_dvs.pdf,q1_q17_dr25_sup_koi,q1_q17_dr25_koi,2454964.714,0.00153,-0.00153,003/003440/003440118/dv/kplr003440118-20160209194854_dvr.pdf,0,0,0,0,35.14,13.8,-5.49,8.84332,12.60406,-7.54168,LS+MCMC,1.0,1
3745690,K00442.01,Kepler-157 c,291.09723,0.0,19h24m23.34s,38.87561,0.0,+38d52m32.2s,14.46,,13.951,,13.806,,13.738,,12.939,0.031,12.627,0.026,12.573,0.03,14.002,,cumulative,Done,11111111111111111000000000000000,CONFIRMED,CANDIDATE,3,99.0,6.982003,42.19916,0.7157,Claret (2011 A&A 529 75) ATLAS LS,0.0,0.0,0.2676,0.3928,Mandel and Agol (2002 ApJ 580 171),53.3,,,171.67762,0.00207,-0.00207,0.0,,,,,,2.17,0.31,-0.26,0.1081,,,0.18,0.268,-0.18,4.4673,0.0635,-0.0635,,,,461.0,9.1,-9.1,13.54057461,3.461e-05,-3.461e-05,0.019582,0.000507,-0.000359,23.24,2.4,-2.4,89.56,,,779.0,,,5767.0,115.0,-104.0,4.389,0.099,-0.11,-0.12,0.15,-0.15,1.014,0.145,-0.119,0.918,0.072,-0.059,,,,q1_q17_dr25_stellar,0.0,19.406467,5.2e-06,38.875574,6.6e-05,-0.6,0.22,-0.13,0.24,-0.00014,0.0001,-0.00038,0.00011,0.13,0.11,0.56,0.19,0.57,0.19,-0.15,0.14,0.38,0.19,0.41,0.2,NO_COMMENT,2018-08-16 00:00:00,1.0,q1_q17_dr25_tce,003/003745/003745690/dv/kplr003745690-001-20160209194854_dvs.pdf,q1_q17_dr25_sup_koi,q1_q17_dr25_koi,2455004.678,0.00207,-0.00207,003/003745/003745690/dv/kplr003745690-20160209194854_dvr.pdf,0,0,0,0,87.1,36.05,-24.01,1.29576,0.13126,-0.34613,LS+MCMC,0.982,1
3124598,K04187.01,,293.29227,0.0,19h33m10.14s,38.2118,0.0,+38d12m42.5s,14.125,,13.706,,13.55,,13.53,,12.653,0.02,12.356,0.022,12.295,0.022,13.722,,cumulative,Done,11111111111111111000000000000000,FALSE POSITIVE,FALSE POSITIVE,1,190.0,5.235625,14.338832,0.3709,Claret (2011 A&A 529 75) ATLAS LS,0.0,0.0,0.3036,0.3098,Mandel and Agol (2002 ApJ 580 171),16.9,,,136.46253,0.00578,-0.00578,0.0,,,,,,1.42,0.39,-0.32,0.0723,,,0.331,0.151,-0.331,2.587,0.179,-0.179,,,,123.0,8.7,-8.7,7.07162308,4.643e-05,-4.643e-05,0.010321,0.000447,-0.000498,19.95,7.0,-7.0,89.05,,,1162.0,,,6313.0,176.0,-220.0,4.24,0.19,-0.171,-0.38,0.3,-0.3,1.259,0.351,-0.287,1.005,0.157,-0.129,,,,q1_q17_dr25_stellar,0.0,19.552991,1.9e-05,38.21016,0.00026,7.37,0.82,-5.9,0.93,-0.00091,0.0001,0.00069,0.00012,6.68,0.55,-7.0,1.5,9.7,1.5,6.64,0.63,-7.0,1.8,9.6,1.7,CENT_RESOLVED_OFFSET---HALO_GHOST,2018-08-16 00:00:00,1.0,q1_q17_dr25_tce,003/003124/003124598/dv/kplr003124598-001-20160209194854_dvs.pdf,q1_q17_dr25_sup_koi,q1_q17_dr25_koi,2454969.463,0.00578,-0.00578,003/003124/003124598/dv/kplr003124598-20160209194854_dvr.pdf,0,0,1,0,431.05,355.8,-208.11,3.00141,1.05162,-1.25571,LS+MCMC,0.0,0
7906739,K02165.01,,296.8017,0.0,19h47m12.41s,43.654259,0.0,+43d39m15.3s,14.05,,13.552,,13.409,,13.322,,12.424,0.027,12.08,0.026,12.076,0.023,13.601,,cumulative,Done,11111111111111111000000000000000,FALSE POSITIVE,FALSE POSITIVE,1,94.0,5.7414393,23.824995,0.3041,Claret (2011 A&A 529 75) ATLAS LS,0.0,0.0,0.2979,0.3238,Mandel and Agol (2002 ApJ 580 171),27.5,,,136.88345,0.00438,-0.00438,0.0,,,,,,1.02,0.27,-0.11,0.0686,,,0.687,0.255,-0.457,3.945,0.201,-0.201,,,,122.1,5.5,-5.5,7.01476115,4.22e-05,-4.22e-05,0.01076,0.001462,-0.000668,10.1,4.4,-4.4,86.1,,,928.0,,,5912.0,159.0,-159.0,4.501,0.075,-0.175,-0.44,0.3,-0.3,0.87,0.226,-0.097,0.875,0.096,-0.087,,,,q1_q17_dr25_stellar,,19.787178,1.1e-05,43.6603,0.00014,15.57,0.45,21.76,0.51,-0.003254,9.3e-05,,,4.737,0.078,6.121,0.071,7.74,0.078,4.479,0.077,6.08,0.07,7.552,0.073,MOD_SEC_DV---MOD_SEC_ALT---HAS_SEC_TCE---CENT_RESOLVED_OFFSET,2018-08-16 00:00:00,1.0,q1_q17_dr25_tce,007/007906/007906739/dv/kplr007906739-001-20160209194854_dvs.pdf,q1_q17_dr25_sup_koi,q1_q17_dr25_koi,2454969.883,0.00438,-0.00438,007/007906/007906739/dv/kplr007906739-20160209194854_dvr.pdf,0,1,1,0,175.85,134.48,-51.37,0.3958,0.51522,-0.35314,LS+MCMC,0.0,0
5309353,K00643.01,,299.6813,0.0,19h58m43.51s,40.428425,0.0,+40d25m42.3s,14.942,,13.973,,13.584,,,,13.017,0.049,12.424,0.041,12.479,0.047,13.992,,cumulative,Done,01111111111111111000000000000000,FALSE POSITIVE,FALSE POSITIVE,1,948.0,3.7928758,33.137215,0.9923,Claret (2011 A&A 529 75) ATLAS LS,0.0,0.0,0.2175,0.4767,Mandel and Agol (2002 ApJ 580 171),47.8,,,169.72919,0.00131,-0.00131,0.0,,,,,,1.47,0.24,-0.12,0.0224,,,0.558,0.418,-0.323,1.745,0.0503,-0.0503,,,,365.9,9.7,-9.7,1.376384817,2.179e-06,-2.179e-06,0.018035,0.006413,-0.000686,5.18,2.2,-2.2,83.82,,,1343.0,,,5278.0,185.0,-185.0,4.591,0.045,-0.091,-0.26,0.3,-0.3,0.746,0.121,-0.06,0.791,0.086,-0.078,,,,q1_q17_dr25_stellar,0.0,19.978808,5.6e-06,40.428507,7e-05,2.2,0.23,0.3,0.25,-0.000214,7.7e-05,-3.6e-05,8.5e-05,1.98,0.16,0.86,0.13,2.16,0.15,1.87,0.13,0.33,0.12,1.9,0.13,MOD_SEC_DV---MOD_SEC_ALT---HAS_SEC_TCE---CENT_KIC_POS,2018-08-16 00:00:00,1.0,q1_q17_dr25_tce,005/005309/005309353/dv/kplr005309353-001-20160209194854_dvs.pdf,q1_q17_dr25_sup_koi,q1_q17_dr25_koi,2455002.729,0.00131,-0.00131,005/005309/005309353/dv/kplr005309353-20160209194854_dvr.pdf,0,1,0,0,770.31,423.88,-205.56,1.39036,1.18714,-0.03046,LS+MCMC,0.0,0
9044228,K01988.01,Kepler-1039 b,298.3266,0.0,19h53m18.38s,45.31551,0.0,+45d18m55.8s,15.087,,14.058,,13.741,,13.536,,12.424,0.023,11.863,0.019,11.753,0.019,14.145,,cumulative,Done,11111111111111111000000000000000,CONFIRMED,CANDIDATE,1,1432.0,4.7595024,45.290287,0.5954,Claret (2011 A&A 529 75) ATLAS LS,0.0,0.0,0.098,0.6538,Mandel and Agol (2002 ApJ 580 171),57.8,,,131.580676,0.00082,-0.00082,0.0,,,,,,3.21,1.91,-1.91,0.0184,,,0.731,0.159,-0.487,1.4083,0.0277,-0.0277,,,,270.4,5.7,-5.7,0.934885365,9.1e-07,-9.1e-07,0.01638,0.001764,-0.001591,3.68,1.4,-1.4,78.54,,,2080.0,,,4777.0,143.0,-119.0,3.909,0.707,-0.353,0.56,0.05,-0.3,1.795,1.067,-1.067,0.953,0.187,-0.168,,,,q1_q17_dr25_stellar,0.158,19.8884313,7.3e-06,45.315455,6.8e-05,-0.31,0.28,-0.2,0.25,9.6e-05,6.6e-05,-6e-06,5.9e-05,0.016,0.088,0.1,0.086,0.101,0.086,0.167,0.086,-0.217,0.088,0.274,0.093,NO_COMMENT,2018-08-16 00:00:00,1.0,q1_q17_dr25_tce,009/009044/009044228/dv/kplr009044228-001-20160209194854_dvs.pdf,q1_q17_dr25_sup_koi,q1_q17_dr25_koi,2454964.581,0.00082,-0.00082,009/009044/009044228/dv/kplr009044228-20160209194854_dvr.pdf,0,0,0,0,4435.29,8252.09,-3775.76,1.07711,1.69432,-0.01916,LS+MCMC,1.0,1
11709006,K08061.01,,289.7356,0.0,19h18m56.54s,49.859787,0.0,+49d51m35.2s,9.357,,8.825,,,,,,7.687,0.018,7.459,0.038,7.376,0.021,8.777,,cumulative,Done,11111111111111111000000000000000,FALSE POSITIVE,FALSE POSITIVE,1,0.0,8.333751,10.834569,-1.0,Claret (2011 A&A 529 75) ATLAS LS,0.0,0.0,0.2844,0.3661,Mandel and Agol (2002 ApJ 580 171),6.5,,,131.898,0.43,-0.43,0.0,,,,,,0.57,0.06,-0.03,0.0162,,,0.275,0.202,-0.275,2.628,0.613,-0.613,,,,32.2,37.1,-37.1,0.719741,0.0005031,-0.0005031,0.005218,0.001041,-0.001407,2.12,1.0,-1.0,82.55,,,2074.0,,,6014.0,120.0,-132.0,4.486,0.024,-0.096,0.07,0.15,-0.2,0.993,0.117,-0.054,1.101,0.053,-0.098,,,,q1_q17_dr25_stellar,0.693,19.315743,1.7e-05,49.85936,0.0002,1.3,0.58,-1.54,0.73,-2.1e-05,3.3e-05,1e-05,4.1e-05,7.9,0.94,-5.6,1.1,9.7,1.3,8.1,0.98,-7.2,1.0,10.8,1.4,CENT_SATURATED,2018-08-16 00:00:00,5.0,q1_q17_dr25_tce,011/011709/011709006/dv/kplr011709006-005-20160209194854_dvs.pdf,q1_q17_dr25_sup_koi,q1_q17_dr25_koi,2454964.898,0.43,-0.43,011/011709/011709006/dv/kplr011709006-20160209194854_dvr.pdf,1,0,0,0,4398.76,1549.62,-799.53,0.34789,2.90875,-0.24746,LS+MCMC,1.0,0
12115188,K02396.01,,293.97278,0.0,19h35m53.47s,50.645142,0.0,+50d38m42.5s,15.279,,14.606,,14.412,,14.327,,13.372,0.023,12.976,0.024,12.852,0.029,14.672,,cumulative,Done,11111111111111111000000000000000,FALSE POSITIVE,FALSE POSITIVE,1,1352.0,3.8639169,22.166708,0.8578,Claret (2011 A&A 529 75) ATLAS LS,0.0,0.0,0.2291,0.4603,Mandel and Agol (2002 ApJ 580 171),57.2,,,133.458716,0.000762,-0.000762,0.0,,,,,,1.57,0.39,-0.17,0.012,,,0.009,0.42,-0.009,1.2496,0.0279,-0.0279,,,,287.9,6.3,-6.3,0.495434094,4.41e-07,-4.41e-07,0.015358,0.000521,-0.000192,3.132,0.223,-0.223,89.83,,,2151.0,,,5529.0,166.0,-150.0,4.471,0.062,-0.175,0.14,0.25,-0.3,0.936,0.235,-0.101,0.945,0.092,-0.084,,,,q1_q17_dr25_stellar,0.092,19.598179,1.3e-05,50.64496,0.00015,-0.23,0.45,-0.66,0.54,5.4e-05,9.4e-05,0.00013,0.00011,-0.2,0.12,0.04,0.13,0.2,0.12,-0.22,0.13,-0.02,0.17,0.22,0.13,MOD_SEC_DV---MOD_SEC_ALT---HAS_SEC_TCE,2018-08-16 00:00:00,1.0,q1_q17_dr25_tce,012/012115/012115188/dv/kplr012115188-001-20160209194854_dvs.pdf,q1_q17_dr25_sup_koi,q1_q17_dr25_koi,2454966.459,0.000762,-0.000762,012/012115/012115188/dv/kplr012115188-20160209194854_dvr.pdf,0,1,0,0,5088.43,3876.23,-1460.79,2.36749,0.16858,-0.71378,LS+MCMC,0.0,0
8836888,K02508.01,,297.90738,0.0,19h51m37.77s,45.03231,0.0,+45d01m56.3s,15.77,,15.118,,14.905,,14.778,,13.843,0.038,13.518,0.045,13.373,0.042,15.164,,cumulative,Done,11111111111111111000000000000000,CANDIDATE,CANDIDATE,1,191.0,4.2824187,14.379563,0.8282,Claret (2011 A&A 529 75) ATLAS LS,0.0,0.0,0.2434,0.4341,Mandel and Agol (2002 ApJ 580 171),16.8,,,136.33096,0.00273,-0.00273,0.0,,,,,,1.51,0.31,-0.14,0.0691,,,0.192,0.258,-0.192,1.5398,0.0989,-0.0989,,,,370.5,26.0,-26.0,7.10397925,2.424e-05,-2.424e-05,0.017508,0.000874,-0.000807,35.22,6.8,-6.8,89.69,,,818.0,,,5488.0,166.0,-149.0,4.584,0.036,-0.135,-0.18,0.3,-0.3,0.789,0.164,-0.07,0.877,0.083,-0.102,,,,q1_q17_dr25_stellar,0.0,19.860489,1.8e-05,45.03244,0.00018,-0.12,0.69,0.48,0.65,0.00022,0.00025,-0.00061,0.00024,0.06,0.35,2.59,0.47,2.59,0.47,0.58,0.51,1.3,0.35,1.42,0.43,CENT_UNRESOLVED_OFFSET,2018-08-16 00:00:00,1.0,q1_q17_dr25_tce,008/008836/008836888/dv/kplr008836888-001-20160209194854_dvs.pdf,q1_q17_dr25_sup_koi,q1_q17_dr25_koi,2454969.331,0.00273,-0.00273,008/008836/008836888/dv/kplr008836888-20160209194854_dvr.pdf,0,0,0,0,105.84,68.12,-27.11,16.37752,3.16336,-7.51283,LS+MCMC,0.294,1
7798259,K06917.01,,280.34384,0.0,18h41m22.52s,43.596142,0.0,+43d35m46.1s,16.615,,15.694,,15.345,,15.199,,14.036,0.028,13.538,0.037,13.435,0.035,15.726,,cumulative,Done,11111111111111111000000000000000,FALSE POSITIVE,FALSE POSITIVE,1,772.0,500.39166,6546.4233,0.3621,Claret (2011 A&A 529 75) ATLAS LS,0.0,0.0,0.1196,0.6106,Mandel and Agol (2002 ApJ 580 171),542.2,,,132.833439,0.000221,-0.000221,0.0,,,,,,42.06,3.3,-4.01,0.025,,,0.553,0.201,-0.048,2.4577,0.0156,-0.0156,,,,289817.0,2292.0,-2292.0,1.734221252,4.75e-07,-4.75e-07,0.548722,0.099221,-0.040867,7.862,0.478,-0.478,85.97,,,1114.0,,,4765.0,142.0,-142.0,4.584,0.056,-0.032,-0.18,0.3,-0.3,0.702,0.055,-0.067,0.69,0.076,-0.055,,,,q1_q17_dr25_stellar,0.0,18.689561126,3.1e-08,43.59609911,3.5e-07,-1.1018,0.0012,-0.1472,0.0013,0.0,0.19,-0.01,0.26,0.009,0.067,0.011,0.067,0.014,0.067,0.168,0.07,0.098,0.067,0.195,0.069,SWEET_EB---MOD_SEC_DV---MOD_SEC_ALT---HAS_SEC_TCE,2018-08-16 00:00:00,1.0,q1_q17_dr25_tce,007/007798/007798259/dv/kplr007798259-001-20160209194854_dvs.pdf,q1_q17_dr25_sup_koi,q1_q17_dr25_koi,2454965.833,0.000221,-0.000221,007/007798/007798259/dv/kplr007798259-20160209194854_dvr.pdf,0,1,0,0,363.79,111.97,-100.05,3.0571,0.18605,-0.20411,LS+MCMC,0.0,0
2452440,K03687.01,,293.44687,0.0,19h33m47.25s,37.72121,0.0,+37d43m16.4s,17.097,,16.453,,16.207,,16.042,,15.047,0.039,14.672,0.052,14.587,0.098,16.474,,cumulative,Done,00000000011111111000000000000000,FALSE POSITIVE,FALSE POSITIVE,1,78.0,129.43192,636.406,0.0,Claret (2011 A&A 529 75) ATLAS LS,0.0,0.0,0.2865,0.3556,Mandel and Agol (2002 ApJ 580 171),404.9,,,138.423529,0.000815,-0.000815,0.0,,,,,,24.01,5.86,-3.89,0.0724,,,0.592,0.006,-0.008,5.6736,0.019,-0.019,,,,65620.0,187.0,-187.0,8.097050622,5.717e-06,-5.717e-06,0.245958,0.000581,-0.000668,11.987,0.194,-0.194,87.17,,,891.0,,,5753.0,192.0,-192.0,4.423,0.153,-0.187,-0.56,0.3,-0.3,0.894,0.218,-0.145,0.771,0.112,-0.052,,,,q1_q17_dr25_stellar,0.0,19.563190543,6.3e-08,37.72171634,7.3e-07,2.8124,0.0027,1.8228,0.0026,0.015,0.033,0.017,0.042,-5.329,0.072,-5.33,0.13,7.54,0.12,0.082,0.075,-0.006,0.087,0.082,0.075,MOD_SEC_DV---MOD_SEC_ALT---HAS_SEC_TCE---SEASONAL_DEPTH_DV---SEASONAL_DEPTH_ALT---CENT_KIC_POS,2018-08-16 00:00:00,1.0,q1_q17_dr25_tce,002/002452/002452440/dv/kplr002452440-001-20160209194854_dvs.pdf,q1_q17_dr25_sup_koi,q1_q17_dr25_koi,2454971.424,0.000815,-0.000815,002/002452/002452440/dv/kplr002452440-20160209194854_dvr.pdf,0,1,0,0,149.48,114.24,-57.88,0.49695,0.00806,-0.01049,LS+MCMC,0.0,0
2708420,K04003.01,,290.35153,0.0,19h21m24.37s,37.94857,0.0,+37d56m54.9s,14.426,,13.878,,13.691,,13.585,,12.696,0.021,12.374,0.017,12.297,0.023,13.911,,cumulative,Done,11111111111111111000000000000000,FALSE POSITIVE,FALSE POSITIVE,1,710.0,3.8658981,22.035389,0.0825,Claret (2011 A&A 529 75) ATLAS LS,0.0,0.0,0.2711,0.3858,Mandel and Agol (2002 ApJ 580 171),29.8,,,132.6639,0.0125,-0.0125,0.0,,,,,,0.86,0.12,-0.05,0.0293,,,0.699,0.25,-0.46,5.294,0.195,-0.195,,,,82.0,3.3,-3.3,1.89129881,2.344e-05,-2.344e-05,0.008836,0.001841,-0.000573,2.148,0.767,-0.767,71.02,,,1414.0,,,5806.0,78.0,-86.0,4.507,0.04,-0.12,-0.18,0.15,-0.15,0.893,0.12,-0.051,0.935,0.051,-0.068,,,,q1_q17_dr25_stellar,0.0,19.356718,1.3e-05,37.94841,0.00017,-2.12,0.56,-0.59,0.61,0.000146,4.1e-05,3.3e-05,4.5e-05,-3.28,0.6,0.4,0.57,3.3,0.6,-3.39,0.57,0.31,0.52,3.4,0.57,CENT_CROWDED---HALO_GHOST---EPHEM_MATCH,2018-08-16 00:00:00,1.0,q1_q17_dr25_tce,002/002708/002708420/dv/kplr002708420-001-20160209194854_dvs.pdf,q1_q17_dr25_sup_koi,q1_q17_dr25_koi,2454965.664,0.0125,-0.0125,002/002708/002708420/dv/kplr002708420-20160209194854_dvr.pdf,0,0,1,1,944.68,337.6,-153.49,0.05242,0.05613,-0.04092,LS+MCMC,0.0,0
6045250,K03948.01,,292.69489,0.0,19h30m46.77s,41.336418,0.0,+41d20m11.1s,15.348,,14.915,,14.809,,14.774,,13.91,0.03,13.625,0.033,13.509,0.045,14.971,,cumulative,Done,11111111111111111000000000000000,FALSE POSITIVE,FALSE POSITIVE,1,1476.0,96.26653,1413.6042,0.3787,Claret (2011 A&A 529 75) ATLAS LS,0.0,0.0,0.302,0.319,Mandel and Agol (2002 ApJ 580 171),454.0,,,131.725419,0.00019,-0.00019,0.0,,,,,,48.79,13.85,-5.91,0.0192,,,1.264,0.08,-0.056,3.4411,0.0113,-0.0113,,,,12126.6,32.5,-32.5,0.909310626,2.13e-07,-2.13e-07,0.403987,0.072962,-0.053321,1.803,0.178,-0.178,45.5,,,2130.0,,,6370.0,153.0,-211.0,4.41,0.062,-0.188,-0.1,0.25,-0.3,1.106,0.314,-0.134,1.148,0.146,-0.162,,,,q1_q17_dr25_stellar,,,,,,,,,,,,,,,,,,,,,,,,,,LPP_DV---CENT_RESOLVED_OFFSET---EPHEM_MATCH,2018-08-16 00:00:00,1.0,q1_q17_dr25_tce,006/006045/006045250/dv/kplr006045250-001-20160209194854_dvs.pdf,q1_q17_dr25_sup_koi,q1_q17_dr25_koi,2454964.725,0.00019,-0.00019,006/006045/006045250/dv/kplr006045250-20160209194854_dvr.pdf,1,0,1,1,4889.6,3973.21,-1589.11,0.13414,0.01325,-0.01101,LS+MCMC,0.0,0
9269281,K01398.01,Kepler-1748 b,285.96786,0.0,19h03m52.29s,45.739071,0.0,+45d44m20.7s,16.425,,15.839,,15.672,,15.556,,14.561,0.034,14.144,0.04,14.187,0.059,15.898,,cumulative,Done,00011111111111111000000000000000,CONFIRMED,CANDIDATE,1,195.0,5.18657,33.193825,0.276,Claret (2011 A&A 529 75) ATLAS LS,0.0,0.0,0.2711,0.3858,Mandel and Agol (2002 ApJ 580 171),38.1,,,354.99602,0.0016,-0.0016,0.0,,,,,,3.0,0.87,-0.28,0.0615,,,0.877,0.05,-0.621,2.2441,0.0524,-0.0524,,,,888.7,26.5,-26.5,5.82348911,1.333e-05,-1.333e-05,0.031846,0.001411,-0.004256,10.81,5.4,-5.4,85.35,,,955.0,,,5774.0,172.0,-189.0,4.526,0.048,-0.192,-0.22,0.3,-0.3,0.864,0.249,-0.083,0.916,0.11,-0.1,,,,q1_q17_dr25_stellar,0.001,19.0645095,7.3e-06,45.739285,8.5e-05,-0.57,0.27,0.77,0.3,0.00033,0.00024,0.00051,0.00028,0.64,0.13,-1.51,0.25,1.64,0.28,0.011,0.098,-0.06,0.15,0.06,0.16,CENT_KIC_POS,2018-08-16 00:00:00,1.0,q1_q17_dr25_tce,009/009269/009269281/dv/kplr009269281-001-20160209194854_dvs.pdf,q1_q17_dr25_sup_koi,q1_q17_dr25_koi,2455187.996,0.0016,-0.0016,009/009269/009269281/dv/kplr009269281-20160209194854_dvr.pdf,0,0,0,0,196.33,170.06,-55.9,0.70474,4.54005,-0.40388,LS+MCMC,1.0,1
9941066,K01584.01,Kepler-898 b,286.58539,0.0,19h06m20.49s,46.87093,0.0,+46d52m15.3s,17.173,,15.93,,15.442,,15.207,,13.959,0.025,13.34,0.026,13.187,0.031,15.961,,cumulative,Done,11111111111111111000000000000000,CONFIRMED,CANDIDATE,1,230.0,3.8585851,19.516884,0.8184,Claret (2011 A&A 529 75) ATLAS LS,0.0,0.0,0.0853,0.6656,Mandel and Agol (2002 ApJ 580 171),23.2,,,137.24813,0.00277,-0.00277,0.0,,,,,,1.44,0.06,-0.07,0.0545,,,0.642,0.047,-0.476,2.5736,0.0913,-0.0913,,,,505.6,25.3,-25.3,5.87063416,2.109e-05,-2.109e-05,0.021514,0.004255,-0.001477,13.88,5.1,-5.1,87.35,,,616.0,,,4166.0,83.0,-83.0,4.66,0.024,-0.022,-0.06,0.15,-0.15,0.612,0.027,-0.03,0.624,0.029,-0.033,,,,q1_q17_dr25_stellar,0.006,19.105717,1.8e-05,46.87116,0.00017,0.86,0.68,0.83,0.62,-0.00043,0.00034,-0.00044,0.00031,-0.28,0.17,0.45,0.24,0.53,0.23,-0.28,0.17,0.4,0.24,0.48,0.22,NO_COMMENT,2018-08-16 00:00:00,1.0,q1_q17_dr25_tce,009/009941/009941066/dv/kplr009941066-001-20160209194854_dvs.pdf,q1_q17_dr25_sup_koi,q1_q17_dr25_koi,2454970.248,0.00277,-0.00277,009/009941/009941066/dv/kplr009941066-20160209194854_dvr.pdf,0,0,0,0,33.99,6.11,-5.63,1.46624,1.60895,-1.23692,LS+MCMC,0.998,1
6695622,K06756.01,,293.04248,0.0,19h32m10.20s,42.11232,0.0,+42d06m44.4s,15.36,,14.875,,14.741,,14.679,,13.813,0.028,13.507,0.035,13.501,0.047,14.927,,cumulative,Done,11111111111111111000000000000000,FALSE POSITIVE,FALSE POSITIVE,1,91.0,5.960252,8.018877,,Claret (2011 A&A 529 75) ATLAS LS,0.0,0.0,0.2975,0.33,Mandel and Agol (2002 ApJ 580 171),8.9,,,135.6994,0.0056,-0.0056,0.0,,,,,,1.38,0.51,-0.13,0.1192,,,0.4308,0.0832,-0.4308,1.421,0.412,-0.412,,,,185.1,49.0,-49.0,14.5567427,0.0001012,-0.0001012,0.012745,0.002775,-0.001412,71.7,33.7,-33.7,89.38,,,783.0,,,6153.0,154.0,-196.0,4.471,0.046,-0.046,-0.14,0.21,-0.3,0.993,0.365,-0.092,1.065,0.174,-0.131,,,,stellar_q1_q17,0.0,19.536257,4e-05,42.11161,0.00045,3.7,1.6,-2.6,1.6,-0.00066,0.00029,0.00045,0.00029,1.92,0.31,-3.18,0.47,3.71,0.37,1.94,0.31,-3.15,0.49,3.7,0.39,SIGNIF_OFFSET,2018-08-16 00:00:00,1.0,q1_q17_dr24_tce,006/006695/006695622/dv/kplr006695622-001-20141002224145_dvs.pdf,q1_q17_dr25_sup_koi,q1_q17_dr24_koi,2454968.699,0.0056,-0.0056,006/006695/006695622/dv/kplr006695622-20141002224145_dvr.pdf,0,0,1,0,89.02,94.78,-24.63,32.93584,200.97525,-32.42094,MCMC,,0
7868967,K06925.01,,281.35678,0.0,18h45m25.63s,43.658352,0.0,+43d39m30.1s,17.022,,15.739,,15.08,,14.7,,13.574,0.029,12.918,0.032,12.718,0.027,15.663,,cumulative,Done,11111111111111111000000000000000,CANDIDATE,CANDIDATE,1,99.0,4.7538753,7.1913037,,Claret (2011 A&A 529 75) ATLAS LS,0.0,0.0,0.2683,0.4601,Mandel and Agol (2002 ApJ 580 171),7.2,,,142.445,0.0137,-0.0137,0.0,,,,,,0.94,0.09,-0.13,0.0882,,,0.0847,0.4753,-0.0846,2.162,0.685,-0.685,,,,331.0,125.0,-125.0,12.9489256,0.0001853,-0.0001853,0.016341,0.006152,-0.002611,46.3,22.9,-22.9,89.95,,,416.0,,,3867.0,80.0,-135.0,4.734,0.07,-0.07,-0.1,0.1,-0.2,0.525,0.05,-0.07,0.545,0.05,-0.07,,,,stellar_q1_q17,0.0,18.757176,3.3e-05,43.65848,0.00041,2.3,1.3,0.5,1.5,-0.00129,0.00052,-6e-05,0.0006,0.04,0.45,0.13,0.55,0.13,0.54,-0.25,0.75,0.69,0.93,0.73,0.51,KIC_OFFSET,2018-08-16 00:00:00,1.0,q1_q17_dr24_tce,007/007868/007868967/dv/kplr007868967-001-20141002224145_dvs.pdf,q1_q17_dr25_sup_koi,q1_q17_dr24_koi,2454975.445,0.0137,-0.0137,007/007868/007868967/dv/kplr007868967-20141002224145_dvr.pdf,0,0,0,0,7.09,2.14,-2.47,11.23116,389.06573,-10.07449,MCMC,,1
7626370,K01706.01,Kepler-932 b,296.95206,0.0,19h47m48.49s,43.271969,0.0,+43d16m19.1s,14.823,,14.076,,13.835,,13.687,,12.732,0.023,12.271,0.021,12.21,0.021,14.131,,cumulative,Done,11111111111111111000000000000000,CONFIRMED,CANDIDATE,1,697.0,4.187052,40.189835,0.4227,Claret (2011 A&A 529 75) ATLAS LS,0.0,0.0,0.2043,0.4966,Mandel and Agol (2002 ApJ 580 171),56.7,,,131.806204,0.000961,-0.000961,0.0,,,,,,1.77,0.41,-0.24,0.0279,,,0.919,0.031,-0.672,1.9046,0.0285,-0.0285,,,,278.7,5.8,-5.8,1.921437488,2.196e-06,-2.196e-06,0.019017,0.000574,-0.003352,3.52,1.8,-1.8,74.86,,,1276.0,,,5238.0,158.0,-142.0,4.472,0.117,-0.273,-0.08,0.3,-0.25,0.851,0.197,-0.112,0.784,0.114,-0.057,,,,q1_q17_dr25_stellar,0.17,19.7968024,5.4e-06,43.271946,7.1e-05,-0.06,0.21,-0.08,0.25,2.7e-05,5.6e-05,6.1e-05,6.7e-05,-0.02,0.14,-0.07,0.1,0.07,0.11,0.02,0.15,0.2,0.1,0.2,0.098,NO_COMMENT,2018-08-16 00:00:00,1.0,q1_q17_dr25_tce,007/007626/007626370/dv/kplr007626370-001-20160209194854_dvs.pdf,q1_q17_dr25_sup_koi,q1_q17_dr25_koi,2454964.806,0.000961,-0.000961,007/007626/007626370/dv/kplr007626370-20160209194854_dvr.pdf,0,0,0,0,626.79,443.77,-203.34,0.22347,2.34245,-0.10251,LS+MCMC,1.0,1
4851217,K06460.01,,295.83401,0.0,19h43m20.16s,39.952259,0.0,+39d57m08.1s,11.316,,11.039,,11.108,,11.135,,10.351,0.019,10.282,0.017,10.264,0.022,11.108,,cumulative,Done,11111011101110111000000000000000,FALSE POSITIVE,FALSE POSITIVE,1,875.0,612.71326,7336.0117,-1.0,Claret (2011 A&A 529 75) ATLAS LS,0.0,0.0,0.3299,0.2374,Mandel and Agol (2002 ApJ 580 171),967.7,,,133.251861,0.000176,-0.000176,0.0,,,,,,157.82,17.64,-32.75,0.0451,,,0.804,0.016,-0.015,7.8391,0.0109,-0.0109,,,,193828.0,222.0,-222.0,2.470283788,5.22e-07,-5.22e-07,0.540267,0.010434,-0.009719,3.3535,0.0316,-0.0316,76.13,,,2657.0,,,7823.0,70.0,-93.0,3.885,0.154,-0.077,0.07,0.15,-0.15,2.675,0.299,-0.555,2.002,0.185,-0.206,,,,q1_q17_dr25_stellar,,,,,,,,,,,,,,0.077,0.074,-0.37,0.16,0.38,0.16,0.067,0.089,-0.18,0.2,0.19,0.19,SWEET_EB---DEPTH_ODDEVEN_ALT---MOD_ODDEVEN_ALT---CENT_SATURATED,2018-08-16 00:00:00,1.0,q1_q17_dr25_tce,004/004851/004851217/dv/kplr004851217-001-20160209194854_dvs.pdf,q1_q17_dr25_sup_koi,q1_q17_dr25_koi,2454966.252,0.000176,-0.000176,004/004851/004851217/dv/kplr004851217-20160209194854_dvr.pdf,0,1,0,0,11792.22,3312.24,-4731.57,0.11691,0.0011,-0.00114,LS+MCMC,0.0,0
4861736,K00634.01,,298.02615,0.0,19h52m06.28s,39.918331,0.0,+39d55m06.0s,14.275,,13.81,,13.668,,13.619,,12.766,0.024,12.459,0.034,12.425,0.027,13.851,,cumulative,Done,11111111111111111000000000000000,FALSE POSITIVE,FALSE POSITIVE,1,213.0,36.992004,235.28323,0.6682,Claret (2011 A&A 529 75) ATLAS LS,0.0,0.0,0.2965,0.3342,Mandel and Agol (2002 ApJ 580 171),191.3,,,172.5786,0.00107,-0.00107,0.0,,,,,,4.87,1.49,-0.5,0.066,,,0.95,0.002,-0.002,8.6841,0.0609,-0.0609,,,,1856.8,17.4,-17.4,6.277827312,8.305e-06,-8.305e-06,0.050019,0.000579,-0.000523,2.6567,0.0767,-0.0767,69.04,,,985.0,,,6077.0,164.0,-183.0,4.526,0.038,-0.212,-0.34,0.3,-0.3,0.891,0.273,-0.091,0.974,0.118,-0.13,,,,q1_q17_dr25_stellar,0.0,19.8685495,1.6e-06,39.9186182,8.5e-06,5.806,0.067,1.038,0.031,-0.01749,0.00052,-0.0049,0.00065,13.7,0.27,3.89,0.12,14.24,0.28,5.898,0.072,1.776,0.07,6.16,0.072,MOD_SEC_DV---MOD_SEC_ALT---DEEP_V_SHAPED---HAS_SEC_TCE---CENT_RESOLVED_OFFSET---HALO_GHOST,2018-08-16 00:00:00,1.0,q1_q17_dr25_tce,004/004861/004861736/dv/kplr004861736-001-20160209194854_dvs.pdf,q1_q17_dr25_sup_koi,q1_q17_dr25_koi,2455005.579,0.00107,-0.00107,004/004861/004861736/dv/kplr004861736-20160209194854_dvr.pdf,0,1,1,0,222.45,199.87,-63.76,0.009,0.00026,-0.00035,LS+MCMC,0.0,0
7375348,K00266.01,Kepler-508 b,295.40433,0.0,19h41m37.04s,42.981422,0.0,+42d58m53.1s,12.453,,11.599,,,,,,10.674,0.02,10.425,0.017,10.379,0.012,11.472,,cumulative,Done,11111111111111111000000000000000,CONFIRMED,CANDIDATE,2,52.0,8.029724,41.147057,0.7205,Claret (2011 A&A 529 75) ATLAS LS,0.0,0.0,0.2826,0.3729,Mandel and Agol (2002 ApJ 580 171),54.2,,,171.50611,0.00222,-0.00222,0.0,,,,,,1.77,0.29,-0.28,0.1763,,,0.799,0.005,-0.588,5.7704,0.0711,-0.0711,,,,153.7,3.2,-3.2,25.30893566,6.707e-05,-6.707e-05,0.01257,0.001403,-0.00116,20.87,9.3,-9.3,87.81,,,710.0,,,5949.0,106.0,-118.0,4.272,0.12,-0.12,0.18,0.15,-0.15,1.292,0.209,-0.209,1.14,0.079,-0.099,,,,q1_q17_dr25_stellar,0.101,19.6936221,5.5e-06,42.981424,5.7e-05,0.0,0.22,0.0,0.21,-1.5e-05,3.4e-05,-3.6e-05,3.2e-05,0.26,0.28,-0.01,0.21,0.26,0.28,0.11,0.28,-0.33,0.21,0.35,0.24,CENT_SATURATED,2018-08-16 00:00:00,1.0,q1_q17_dr25_tce,007/007375/007375348/dv/kplr007375348-001-20160209194854_dvs.pdf,q1_q17_dr25_sup_koi,q1_q17_dr25_koi,2455004.506,0.00222,-0.00222,007/007375/007375348/dv/kplr007375348-20160209194854_dvr.pdf,0,0,0,0,60.2,27.0,-21.16,0.26856,0.72017,-0.08031,LS+MCMC,1.0,1
6019971,K06646.01,,282.58801,0.0,18h50m21.12s,41.347092,0.0,+41d20m49.5s,15.949,,15.07,,14.772,,14.648,,13.534,0.024,13.125,0.036,12.97,0.03,15.125,,cumulative,Done,11110111011101110000000000000000,CANDIDATE,CANDIDATE,1,145.0,3.0177171,7.8190413,0.4639,Claret (2011 A&A 529 75) ATLAS LS,0.0,0.0,0.1496,0.5746,Mandel and Agol (2002 ApJ 580 171),9.8,,,135.09646,0.00666,-0.00666,0.0,,,,,,1.38,0.1,-0.14,0.0663,,,0.735,0.237,-0.524,1.789,0.202,-0.202,,,,255.5,32.6,-32.6,7.1356633,5.457e-05,-5.457e-05,0.015893,0.006896,-0.001776,21.4,10.2,-10.2,88.03,,,751.0,,,4926.0,148.0,-148.0,4.522,0.084,-0.045,0.07,0.25,-0.3,0.793,0.059,-0.078,0.763,0.077,-0.056,,,,q1_q17_dr25_stellar,0.872,18.839175,4.1e-05,41.34704,0.00048,-1.0,1.7,-0.2,1.7,0.00014,0.00043,6e-05,0.00045,-1.0,4.0,-1.0,4.0,1.4,4.0,-1.1,4.0,-0.9,4.0,1.4,4.0,CENT_FEW_MEAS,2018-08-16 00:00:00,1.0,q1_q17_dr25_tce,006/006019/006019971/dv/kplr006019971-001-20160209194854_dvs.pdf,q1_q17_dr25_sup_koi,q1_q17_dr25_koi,2454968.096,0.00666,-0.00666,006/006019/006019971/dv/kplr006019971-20160209194854_dvr.pdf,0,0,0,0,75.39,22.57,-21.14,3.63218,10.42481,-3.41701,LS+MCMC,1.0,1
8030339,K03954.01,,292.39539,0.0,19h29m34.89s,43.869068,0.0,+43d52m08.6s,16.28,,15.631,,15.402,,15.296,,14.392,0.028,13.956,0.04,13.93,0.064,15.665,,cumulative,Done,01010101010101010000000000000000,FALSE POSITIVE,FALSE POSITIVE,2,988.0,3.9666448,24.32191,0.0,Claret (2011 A&A 529 75) ATLAS LS,0.0,0.0,0.2711,0.3858,Mandel and Agol (2002 ApJ 580 171),41.8,,,132.05504,0.00135,-0.00135,0.0,,,,,,2.17,0.56,-0.24,0.0141,,,0.133,0.504,-0.133,1.471,0.162,-0.162,,,,610.7,21.5,-21.5,0.65244373,8.95e-07,-8.95e-07,0.02252,0.001773,-0.001415,3.488,0.401,-0.401,87.81,,,1969.0,,,5638.0,186.0,-186.0,4.488,0.075,-0.175,-0.18,0.3,-0.3,0.883,0.229,-0.098,0.875,0.115,-0.083,,,,q1_q17_dr25_stellar,,19.492967,1.1e-05,43.86546,0.00014,-2.29,0.43,-13.0,0.49,0.00095,0.00018,,,-0.752,0.072,-6.514,0.075,6.557,0.075,-0.766,0.069,-6.505,0.07,6.549,0.07,MOD_ODDEVEN_DV---CENT_UNRESOLVED_OFFSET,2018-08-16 00:00:00,1.0,q1_q17_dr25_tce,008/008030/008030339/dv/kplr008030339-001-20160209194854_dvs.pdf,q1_q17_dr25_sup_koi,q1_q17_dr25_koi,2454965.055,0.00135,-0.00135,008/008030/008030339/dv/kplr008030339-20160209194854_dvr.pdf,0,1,1,0,3546.43,2857.77,-1095.49,1.88559,0.21666,-1.09225,LS+MCMC,0.0,0
10717241,K00430.02,,285.48505,0.0,19h01m56.41s,48.054321,0.0,+48d03m15.6s,16.073,,14.853,,14.393,,14.135,,12.991,0.026,12.369,0.031,12.193,0.023,14.897,,cumulative,Done,11111110111011101000000000000000,CANDIDATE,CANDIDATE,2,112.0,3.3260748,10.225564,0.4553,Claret (2011 A&A 529 75) ATLAS LS,0.0,0.0,0.0853,0.6656,Mandel and Agol (2002 ApJ 580 171),11.1,,,135.12248,0.00859,-0.00859,0.0,,,,,,0.84,0.04,-0.04,0.0741,,,0.074,0.385,-0.074,2.57,0.292,-0.292,,,,200.8,22.6,-22.6,9.340538,0.0001052,-0.0001052,0.012708,0.001119,-0.000665,28.0,10.3,-10.3,89.85,,,530.0,,,4200.0,84.0,-84.0,4.664,0.022,-0.025,-0.12,0.15,-0.15,0.607,0.028,-0.028,0.622,0.029,-0.033,,,,q1_q17_dr25_stellar,0.0,19.032289,3.5e-05,48.05377,0.00031,-1.7,1.2,-2.0,1.1,0.00039,0.00025,0.00041,0.00022,0.33,0.49,-0.3,1.2,0.44,0.57,0.32,0.53,0.0,1.3,0.33,0.47,NO_COMMENT,2018-08-16 00:00:00,2.0,q1_q17_dr25_tce,010/010717/010717241/dv/kplr010717241-002-20160209194854_dvs.pdf,q1_q17_dr25_sup_koi,q1_q17_dr25_koi,2454968.122,0.00859,-0.00859,010/010717/010717241/dv/kplr010717241-20160209194854_dvr.pdf,0,0,0,0,18.69,3.45,-3.01,4.78392,1.76237,-2.91955,LS+MCMC,0.998,1
3544689,K01183.01,,291.44507,0.0,19h25m46.82s,38.637211,0.0,+38d38m14.0s,15.441,,14.857,,14.728,,14.649,,13.75,0.022,13.402,0.027,13.33,0.04,14.942,,cumulative,Done,11111111111111111000000000000000,FALSE POSITIVE,FALSE POSITIVE,1,699.0,23.400888,171.71877,0.0054,Claret (2011 A&A 529 75) ATLAS LS,0.0,0.0,0.2602,0.4096,Mandel and Agol (2002 ApJ 580 171),103.4,,,134.658644,0.00085,-0.00085,0.0,,,,,,5.09,1.21,-0.44,0.0306,,,0.943,0.005,-0.004,3.5734,0.0581,-0.0581,,,,1916.2,31.2,-31.2,1.922861499,2.01e-06,-2.01e-06,0.051164,0.000894,-0.001095,2.1435,0.0983,-0.0983,63.89,,,1392.0,,,5778.0,154.0,-188.0,4.531,0.03,-0.17,0.07,0.25,-0.3,0.911,0.217,-0.078,1.028,0.09,-0.13,,,,q1_q17_dr25_stellar,0.0,19.4300956,2.3e-06,38.655831,3.7e-05,17.866,0.098,67.04,0.13,-0.02216,0.00014,-0.08322,0.00018,3.392,0.07,8.963,0.093,9.584,0.09,3.398,0.068,9.194,0.069,9.802,0.069,MOD_ODDEVEN_DV---MOD_ODDEVEN_ALT---CENT_RESOLVED_OFFSET---EPHEM_MATCH,2018-08-16 00:00:00,1.0,q1_q17_dr25_tce,003/003544/003544689/dv/kplr003544689-001-20160209194854_dvs.pdf,q1_q17_dr25_sup_koi,q1_q17_dr25_koi,2454967.659,0.00085,-0.00085,003/003544/003544689/dv/kplr003544689-20160209194854_dvr.pdf,0,1,1,1,884.12,621.75,-236.53,0.05039,0.00231,-0.00457,LS+MCMC,0.0,0
10464199,K07330.01,,289.32047,0.0,19h17m16.91s,47.632446,0.0,+47d37m56.8s,13.218,,12.168,,,,,,11.204,0.022,10.931,0.019,10.905,0.011,11.909,,cumulative,Done,11111111111111111000000000000000,CANDIDATE,CANDIDATE,1,8.0,5.2037725,7.9969387,,Claret (2011 A&A 529 75) ATLAS LS,0.0,0.0,0.2981,0.3305,Mandel and Agol (2002 ApJ 580 171),8.3,,,175.3243,0.0542,-0.0542,0.0,,,,,,1.09,0.59,-0.29,0.6915,,,0.1542,0.2998,-0.1542,15.59,1.9,-1.9,,,,53.3,8.5,-8.5,198.11309,0.01187,-0.01187,0.006707,0.000999,-0.000187,96.6,39.0,-39.0,89.95,,,399.0,,,6163.0,182.0,-228.0,4.144,0.226,-0.226,-0.04,0.24,-0.3,1.486,0.81,-0.396,1.122,0.308,-0.159,,,,stellar_q1_q17,0.538,19.288046,4.9e-05,47.63223,0.00047,0.6,1.8,-0.8,1.7,-4e-05,0.0001,3.7e-05,9.8e-05,1.4,1.5,-1.1,2.1,1.8,1.6,1.2,1.7,-1.3,1.4,1.8,1.5,,2018-08-16 00:00:00,1.0,q1_q17_dr24_tce,010/010464/010464199/dv/kplr010464199-001-20141002224145_dvs.pdf,q1_q17_dr25_sup_koi,q1_q17_dr24_koi,2455008.324,0.0542,-0.0542,010/010464/010464199/dv/kplr010464199-20141002224145_dvr.pdf,0,0,0,0,5.96,10.03,-3.2,0.434,0.87644,-0.41852,MCMC,,1
9291039,K03230.02,,295.71942,0.0,19h42m52.66s,45.747559,0.0,+45d44m51.2s,12.691,,12.19,,12.045,,12.012,,11.139,0.02,10.84,0.017,10.784,0.012,12.239,,cumulative,Done,11111111111111111000000000000000,FALSE POSITIVE,FALSE POSITIVE,2,270.0,5.070609,11.125593,0.9222,Claret (2011 A&A 529 75) ATLAS LS,0.0,0.0,0.2868,0.3588,Mandel and Agol (2002 ApJ 580 171),24.5,,,135.2015074,,,0.0,,,,,,0.71,0.14,-0.12,0.0487,,,0.649,,,8.6711,,,,,,31.1,,,3.796383639,,,0.005366,0.0,0.0,2.687224,,,76.03,,,1323.0,,,6017.0,163.0,-181.0,4.3,0.135,-0.135,0.04,0.25,-0.3,1.21,0.245,-0.2,1.064,0.138,-0.126,,,,q1_q17_dr25_stellar,,19.714657,1.7e-05,45.74703,0.0002,1.11,0.65,-1.92,0.73,,,4e-05,1.5e-05,1.18,0.49,-1.6,1.3,2.0,1.2,1.19,0.49,-1.7,1.3,2.1,1.3,LPP_DV---EPHEM_MATCH,2018-08-16 00:00:00,3.0,q1_q17_dr25_tce,009/009291/009291039/dv/kplr009291039-003-20160209194854_dvs.pdf,q1_q17_dr25_sup_koi,q1_q17_dr25_koi,2454968.202,,,009/009291/009291039/dv/kplr009291039-20160209194854_dvr.pdf,1,0,0,1,724.17,441.11,-277.64,0.02547,0.0,0.0,LS,0.0,0
8950568,K02038.04,Kepler-85 e,290.97342,0.0,19h23m53.62s,45.290321,0.0,+45d17m25.2s,15.318,,14.725,,14.548,,14.499,,13.552,0.022,13.192,0.024,13.083,0.023,14.779,,cumulative,Done,11111111111111111000000000000000,CONFIRMED,CANDIDATE,4,53.0,3.4347491,8.67766,0.5696,Claret (2011 A&A 529 75) ATLAS LS,0.0,0.0,0.2327,0.4526,Mandel and Agol (2002 ApJ 580 171),9.9,,,152.6912,0.0156,-0.0156,0.0,,,,,,1.19,0.13,-0.09,0.1607,,,0.599,0.376,-0.389,5.76,0.514,-0.514,,,,174.1,23.8,-23.8,25.2149143,0.0003992,-0.0003992,0.012512,0.001397,-0.000592,27.3,13.7,-13.7,88.74,,,559.0,,,5435.0,109.0,-109.0,4.495,0.063,-0.077,-0.02,0.15,-0.15,0.873,0.09,-0.068,0.87,0.055,-0.049,,,,q1_q17_dr25_stellar,0.161,19.398218,2.8e-05,45.29057,0.00031,-0.4,1.1,0.9,1.1,6e-05,0.0002,-0.00021,0.00021,-0.17,0.26,0.27,0.35,0.32,0.34,-0.18,0.27,0.13,0.39,0.23,0.33,NO_COMMENT,2018-08-16 00:00:00,3.0,q1_q17_dr25_tce,008/008950/008950568/dv/kplr008950568-003-20160209194854_dvs.pdf,q1_q17_dr25_sup_koi,q1_q17_dr25_koi,2454985.691,0.0156,-0.0156,008/008950/008950568/dv/kplr008950568-20160209194854_dvr.pdf,0,0,0,0,23.05,7.31,-4.98,0.60629,2.72825,-0.16126,LS+MCMC,0.998,1
4840513,K01541.01,,293.19507,0.0,19h32m46.82s,39.90728,0.0,+39d54m26.2s,15.614,,15.148,,15.007,,14.942,,14.083,0.032,13.845,0.033,13.74,0.055,15.189,,cumulative,Done,11111011101110111000000000000000,FALSE POSITIVE,FALSE POSITIVE,2,450.0,234.0073,2697.4727,0.8183,Claret (2011 A&A 529 75) ATLAS LS,0.0,0.0,0.3138,0.2998,Mandel and Agol (2002 ApJ 580 171),538.0,,,133.651365,0.000139,-0.000139,0.0,,,,,,25.74,8.17,-2.93,0.0374,,,0.003,0.067,-0.003,3.1729,0.00588,-0.00588,,,,48434.0,106.0,-106.0,2.379282197,4.06e-07,-4.06e-07,0.20283,0.000322,-0.000179,6.9257,0.0163,-0.0163,89.97,,,1571.0,,,6392.0,153.0,-230.0,4.399,0.054,-0.216,0.07,0.25,-0.35,1.162,0.369,-0.132,1.232,0.167,-0.184,,,,q1_q17_dr25_stellar,0.0,19.546336253,8e-08,39.90730262,8.3e-07,-0.0724,0.0033,0.0814,0.003,-0.0093,0.0041,-0.0097,0.0054,0.092,0.067,0.074,0.069,0.118,0.069,0.025,0.067,0.029,0.068,0.038,0.068,MOD_SEC_DV---PLANET_OCCULT_DV---MOD_SEC_ALT---HAS_SEC_TCE,2018-08-16 00:00:00,1.0,q1_q17_dr25_tce,004/004840/004840513/dv/kplr004840513-001-20160209194854_dvs.pdf,q1_q17_dr25_sup_koi,q1_q17_dr25_koi,2454966.651,0.000139,-0.000139,004/004840/004840513/dv/kplr004840513-20160209194854_dvr.pdf,0,1,0,0,1442.19,1309.84,-463.54,1.11008,0.00261,-0.01636,LS+MCMC,0.759,0
7117126,K07814.01,,291.58408,0.0,19h26m20.18s,42.622181,0.0,+42d37m19.9s,14.292,,13.655,,13.481,,13.414,,12.427,0.022,12.069,0.017,12.008,0.021,13.724,,cumulative,Done,11111111111111111000000000000000,FALSE POSITIVE,FALSE POSITIVE,1,2358.0,4.0626316,8.666514,0.998,Claret (2011 A&A 529 75) ATLAS LS,0.0,0.0,0.2291,0.4603,Mandel and Agol (2002 ApJ 580 171),11.1,,,131.9699708,,,0.0,,,,,,0.43,0.11,-0.06,0.013,,,0.606,,,2.6079,,,,,,18.5,,,0.566717263,,,0.004089,0.0,0.0,1.537268,,,66.78,,,2096.0,,,5544.0,166.0,-150.0,4.438,0.098,-0.182,0.06,0.25,-0.3,0.957,0.243,-0.131,0.914,0.104,-0.085,,,,q1_q17_dr25_stellar,0.542,19.4389,4.7e-05,42.62215,0.00049,-1.6,1.8,-0.1,1.8,2.3e-05,3e-05,-4e-06,2.9e-05,0.22,0.75,-0.47,0.7,0.51,0.73,0.06,0.71,-0.9,0.6,0.9,0.61,CENT_KIC_POS---HALO_GHOST---EPHEM_MATCH,2018-08-16 00:00:00,1.0,q1_q17_dr25_tce,007/007117/007117126/dv/kplr007117126-001-20160209194854_dvs.pdf,q1_q17_dr25_sup_koi,q1_q17_dr25_koi,2454964.97,,,007/007117/007117126/dv/kplr007117126-20160209194854_dvr.pdf,0,0,1,1,4581.82,3524.58,-1523.2,0.21398,0.0,0.0,LS,0.0,0
5097454,K04244.01,,291.24866,0.0,19h24m59.68s,40.221352,0.0,+40d13m16.9s,16.004,,15.309,,15.017,,14.863,,13.846,0.026,13.341,0.028,13.274,0.04,15.313,,cumulative,Done,00011111111111111000000000000000,FALSE POSITIVE,FALSE POSITIVE,1,890.0,100.28707,762.1595,-1.0,Claret (2011 A&A 529 75) ATLAS LS,0.0,0.0,0.2787,0.3888,Mandel and Agol (2002 ApJ 580 171),230.7,,,133.273187,0.000812,-0.000812,0.0,,,,,,34.84,3.06,-2.72,0.0199,,,1.378,1.233,-0.133,6.4616,0.0424,-0.0424,,,,10082.6,54.8,-54.8,1.288066288,1.125e-06,-1.125e-06,0.499342,1.212047,-0.124191,1.684,0.749,-0.749,35.12,,,1310.0,,,5233.0,183.0,-183.0,4.625,0.066,-0.048,-0.96,0.3,-0.3,0.639,0.056,-0.05,0.627,0.065,-0.028,,,,q1_q17_dr25_stellar,,19.4146177,2.9e-06,40.20744,1.4e-05,-80.83,0.12,-50.078,0.049,,,,,,,,,,,,,,,,,MOD_SEC_DV---MOD_SEC_ALT---MOD_ODDEVEN_DV---MOD_ODDEVEN_ALT---DEEP_V_SHAPED---SEASONAL_DEPTH_DV---SEASONAL_DEPTH_ALT---CENT_RESOLVED_OFFSET---EPHEM_MATCH,2018-08-16 00:00:00,1.0,q1_q17_dr25_tce,005/005097/005097454/dv/kplr005097454-001-20160209194854_dvs.pdf,q1_q17_dr25_sup_koi,q1_q17_dr25_koi,2454966.273,0.000812,-0.000812,005/005097/005097454/dv/kplr005097454-20160209194854_dvr.pdf,0,1,1,1,692.0,247.26,-182.09,0.05449,0.21814,-0.01089,LS+MCMC,0.0,0
7886329,K06930.01,,290.23407,0.0,19h20m56.18s,43.66206,0.0,+43d39m43.4s,13.561,,13.178,,13.053,,12.999,,12.07,0.029,11.735,0.028,11.555,0.019,13.205,,cumulative,Done,11111111111111111000000000000000,FALSE POSITIVE,FALSE POSITIVE,1,1180.0,127.157776,1078.5906,1.0,Claret (2011 A&A 529 75) ATLAS LS,0.0,0.0,0.2998,0.3069,Mandel and Agol (2002 ApJ 580 171),1219.8,,,131.9916219,3.06e-05,-3.06e-05,0.0,,,,,,65.47,16.16,-24.19,0.0134,,,1.275,0.069,-0.046,1.35349,0.00442,-0.00442,,,,7984.0,0.0,0.0,0.567493852,2.1e-08,-2.1e-08,0.38733,0.053012,-0.05779,2.1924,0.0169,-0.0169,54.45,,,3024.0,,,6370.0,173.0,-192.0,4.053,0.357,-0.153,-0.6,0.3,-0.3,1.548,0.382,-0.572,0.986,0.144,-0.118,,,,q1_q17_dr25_stellar,0.0,19.34893895,1.4e-07,43.6620346,1.5e-06,0.0371,0.0055,-0.0914,0.0055,-0.00042,0.00035,0.00048,0.00049,0.124,0.071,-0.173,0.079,0.213,0.079,0.139,0.07,-0.176,0.074,0.225,0.072,LPP_ALT,2018-08-16 00:00:00,1.0,q1_q17_dr25_tce,007/007886/007886329/dv/kplr007886329-001-20160209194854_dvs.pdf,q1_q17_dr25_sup_koi,q1_q17_dr25_koi,2454964.992,3.06e-05,-3.06e-05,007/007886/007886329/dv/kplr007886329-20160209194854_dvr.pdf,1,0,0,0,19665.18,14361.58,-12748.63,0.619,0.00477,-0.06118,LS+MCMC,0.0,0
6934045,K05336.01,,286.79755,0.0,19h07m11.41s,42.42091,0.0,+42d25m15.3s,13.799,,13.429,,13.359,,13.358,,12.453,0.019,12.281,0.019,12.23,0.021,13.491,,cumulative,Done,11111111111111111000000000000000,CANDIDATE,CANDIDATE,1,5.0,5.182256,8.318484,0.069,Claret (2011 A&A 529 75) ATLAS LS,0.0,0.0,0.3132,0.2951,Mandel and Agol (2002 ApJ 580 171),21.6,,,167.0573,0.016,-0.016,0.0,,,,,,3.24,0.72,-0.95,0.9044,,,0.652,0.308,-0.431,18.078,0.512,-0.512,,,,273.4,13.9,-13.9,265.741374,0.003384,-0.003384,0.015977,0.003028,-0.000927,87.5,33.1,-33.1,89.57,,,413.0,,,6537.0,175.0,-214.0,4.044,0.228,-0.123,-0.02,0.25,-0.3,1.859,0.411,-0.548,1.397,0.15,-0.257,,,,q1_q17_dr25_stellar,0.084,19.119842,1.6e-05,42.42111,0.00018,0.22,0.66,0.72,0.66,-2e-05,0.00018,-0.00021,0.00018,0.89,0.36,0.75,0.44,1.16,0.53,0.92,0.67,0.73,0.6,1.17,0.88,NO_COMMENT,2018-08-16 00:00:00,1.0,q1_q17_dr25_tce,006/006934/006934045/dv/kplr006934045-001-20160209194854_dvs.pdf,q1_q17_dr25_sup_koi,q1_q17_dr25_koi,2455000.057,0.016,-0.016,006/006934/006934045/dv/kplr006934045-20160209194854_dvr.pdf,0,0,0,0,6.9,4.54,-3.89,0.17945,0.13569,-0.00853,LS+MCMC,0.502,1
6146838,K06668.01,,297.91599,0.0,19h51m39.84s,41.485641,0.0,+41d29m08.3s,13.71,,13.146,,12.955,,12.854,,11.969,0.021,11.648,0.024,11.537,0.02,13.182,,cumulative,Done,11111111111111111000000000000000,FALSE POSITIVE,FALSE POSITIVE,1,50.0,1142.3706,5153.021,0.0011,Claret (2011 A&A 529 75) ATLAS LS,0.0,0.0,0.2665,0.398,Mandel and Agol (2002 ApJ 580 171),1986.1,,,143.6727101,4.4e-05,-4.4e-05,0.0,,,,,,38.87,5.14,-4.24,0.1575,,,1.076,0.035,-0.043,4.17961,0.00118,-0.00118,,,,71766.5,20.5,-20.5,27.467217305,1.639e-06,-1.639e-06,0.479747,0.022311,-0.040264,50.99,2.0,-2.0,88.79,,,527.0,,,5503.0,165.0,-148.0,4.536,0.105,-0.095,-0.74,0.3,-0.3,0.742,0.098,-0.081,0.69,0.093,-0.029,,,,q1_q17_dr25_stellar,0.0,19.861062065,5.5e-08,41.48562133,5.5e-07,-0.1592,0.0022,-0.0672,0.002,-0.0155,0.0062,0.0183,0.0082,0.077,0.067,-0.088,0.067,0.117,0.068,-0.153,0.067,-0.103,0.068,0.185,0.067,DEEP_V_SHAPED,2018-08-16 00:00:00,1.0,q1_q17_dr25_tce,006/006146/006146838/dv/kplr006146838-001-20160209194854_dvs.pdf,q1_q17_dr25_sup_koi,q1_q17_dr25_koi,2454976.673,4.4e-05,-4.4e-05,006/006146/006146838/dv/kplr006146838-20160209194854_dvr.pdf,0,1,0,0,18.22,8.05,-5.26,3.32412,0.13254,-0.04992,LS+MCMC,0.0,0
9070666,K03008.01,Kepler-1408 b,282.69995,0.0,18h50m47.99s,45.42577,0.0,+45d25m32.8s,12.326,,11.949,,11.864,,11.864,,10.976,0.021,10.736,0.018,10.694,0.011,12.003,,cumulative,Done,00100010001000100000000000000000,CONFIRMED,CANDIDATE,1,120.0,4.0600533,11.777276,0.8228,Claret (2011 A&A 529 75) ATLAS LS,0.0,0.0,0.2891,0.3589,Mandel and Agol (2002 ApJ 580 171),16.0,,,131.76579,0.00786,-0.00786,0.0,,,,,,1.12,0.2,-0.3,0.0425,,,0.403,0.092,-0.374,4.398,0.222,-0.222,,,,45.4,3.4,-3.4,2.99792926,2.777e-05,-2.777e-05,0.006238,0.00024,-0.000364,4.85,2.2,-2.2,85.24,,,1616.0,,,5888.0,79.0,-79.0,4.061,0.238,-0.102,0.14,0.15,-0.15,1.645,0.29,-0.435,1.136,0.122,-0.1,,,,q1_q17_dr25_stellar,0.806,18.846669,1.9e-05,45.42597,0.00022,0.23,0.71,0.73,0.78,0.0,3.1e-05,-1.2e-05,3.4e-05,-0.6,1.1,-0.18,0.76,0.6,1.0,-0.7,1.1,0.3,0.75,0.8,1.1,CENT_KIC_POS,2018-08-16 00:00:00,1.0,q1_q17_dr25_tce,009/009070/009070666/dv/kplr009070666-001-20160209194854_dvs.pdf,q1_q17_dr25_sup_koi,q1_q17_dr25_koi,2454964.766,0.00786,-0.00786,009/009070/009070666/dv/kplr009070666-20160209194854_dvr.pdf,0,0,0,0,1611.51,740.37,-785.46,0.23993,0.11128,-0.05838,LS+MCMC,0.603,1
9244508,K02830.01,Kepler-1360 b,300.34406,0.0,20h01m22.57s,45.623219,0.0,+45d37m23.6s,14.302,,13.837,,13.746,,13.736,,12.854,0.023,12.636,0.024,12.547,0.031,13.913,,cumulative,Done,11111111111111111000000000000000,CONFIRMED,CANDIDATE,1,34.0,6.0719967,18.550362,0.7454,Claret (2011 A&A 529 75) ATLAS LS,0.0,0.0,0.3318,0.2968,Mandel and Agol (2002 ApJ 580 171),35.3,,,168.01669,0.00532,-0.00532,0.0,,,,,,5.92,0.83,-1.54,0.2866,,,0.325,0.107,-0.325,10.604,0.165,-0.165,,,,360.7,11.3,-11.3,40.5289885,0.0002769,-0.0002769,0.017565,0.000383,-0.000539,28.16,5.4,-5.4,89.34,,,933.0,,,6443.0,77.0,-90.0,3.74,0.21,-0.09,0.56,0.05,-0.15,3.086,0.432,-0.802,1.907,0.069,-0.257,,,,q1_q17_dr25_stellar,0.109,20.022954,1.1e-05,45.62307,0.00013,0.6,0.43,-0.52,0.48,2e-05,0.00014,0.00017,0.00016,-0.51,0.33,0.56,0.29,0.76,0.31,-0.56,0.33,0.37,0.3,0.67,0.32,NO_COMMENT,2018-08-16 00:00:00,1.0,q1_q17_dr25_tce,009/009244/009244508/dv/kplr009244508-001-20160209194854_dvs.pdf,q1_q17_dr25_sup_koi,q1_q17_dr25_koi,2455001.017,0.00532,-0.00532,009/009244/009244508/dv/kplr009244508-20160209194854_dvr.pdf,0,0,0,0,178.81,64.88,-86.22,0.25729,0.04891,-0.06991,LS+MCMC,0.989,1
9967884,K00425.01,,297.97424,0.0,19h51m53.82s,46.804562,0.0,+46d48m16.4s,15.205,,14.64,,14.475,,14.442,,13.514,0.033,13.182,0.022,13.156,,14.694,,cumulative,Done,11111101110111011000000000000000,FALSE POSITIVE,FALSE POSITIVE,1,199.0,86.790535,776.5968,0.041,Claret (2011 A&A 529 75) ATLAS LS,0.0,0.0,0.2844,0.3661,Mandel and Agol (2002 ApJ 580 171),140.2,,,169.753676,0.000329,-0.000329,0.0,,,,,,14.88,4.81,-1.6,0.062,,,0.911,0.15,-0.063,1.8931,0.0328,-0.0328,,,,13756.0,139.0,-139.0,5.428344915,2.344e-06,-2.344e-06,0.141222,0.100682,-0.019188,15.1,5.6,-5.6,86.54,,,1033.0,,,5936.0,176.0,-211.0,4.501,0.039,-0.221,0.07,0.25,-0.3,0.965,0.312,-0.104,1.075,0.124,-0.152,,,,q1_q17_dr25_stellar,0.0,19.86495105,4e-07,46.8045076,4.6e-06,0.039,0.015,-0.189,0.016,0.00121,0.00096,0.0022,0.0014,-0.044,0.071,-0.214,0.068,0.218,0.068,0.121,0.071,-0.15,0.07,0.193,0.07,DEEP_V_SHAPED,2018-08-16 00:00:00,1.0,q1_q17_dr25_tce,009/009967/009967884/dv/kplr009967884-001-20160209194854_dvs.pdf,q1_q17_dr25_sup_koi,q1_q17_dr25_koi,2455002.754,0.000329,-0.000329,009/009967/009967884/dv/kplr009967884-20160209194854_dvr.pdf,0,1,1,0,269.19,260.64,-83.78,2.2105,0.81554,-0.42605,LS+MCMC,0.0,0
10120548,K04451.01,,282.19565,0.0,18h48m46.96s,47.105679,0.0,+47d06m20.4s,16.678,,15.881,,15.631,,15.46,,14.439,0.03,13.946,0.035,13.737,0.049,15.945,,cumulative,Done,11111111111111111000000000000000,CANDIDATE,CANDIDATE,1,153.0,3.51433,10.066968,0.8359,Claret (2011 A&A 529 75) ATLAS LS,0.0,0.0,0.1646,0.5508,Mandel and Agol (2002 ApJ 580 171),10.9,,,134.80059,0.00978,-0.00978,0.0,,,,,,1.32,0.16,-0.11,0.0767,,,0.746,0.223,-0.535,3.426,0.269,-0.269,,,,296.2,32.3,-32.3,8.8303681,9.977e-05,-9.977e-05,0.017124,0.005353,-0.001951,13.64,6.6,-6.6,86.87,,,676.0,,,5051.0,151.0,-136.0,4.628,0.035,-0.07,-0.24,0.3,-0.3,0.706,0.086,-0.058,0.786,0.063,-0.095,,,,q1_q17_dr25_stellar,0.233,18.81301,3.5e-05,47.1058,0.00035,-1.2,1.3,0.4,1.3,0.00029,0.0004,-0.00031,0.00039,-0.96,0.7,-0.49,0.82,1.08,0.87,-1.12,0.71,-0.73,0.78,1.33,0.9,NO_COMMENT,2018-08-16 00:00:00,1.0,q1_q17_dr25_tce,010/010120/010120548/dv/kplr010120548-001-20160209194854_dvs.pdf,q1_q17_dr25_sup_koi,q1_q17_dr25_koi,2454967.801,0.00978,-0.00978,010/010120/010120548/dv/kplr010120548-20160209194854_dvr.pdf,0,0,0,0,49.36,20.52,-12.08,0.61621,1.4897,-0.56304,LS+MCMC,0.851,1
7362852,K06036.01,,291.80966,0.0,19h27m14.32s,42.981609,0.0,+42d58m53.8s,15.595,,15.12,,14.986,,14.928,,14.046,0.027,13.673,0.033,13.571,0.05,15.168,,cumulative,Done,11111111111111111000000000000000,FALSE POSITIVE,FALSE POSITIVE,1,0.0,2006.2161,18313.04,-1.0,Claret (2011 A&A 529 75) ATLAS LS,0.0,0.0,0.3032,0.3147,Mandel and Agol (2002 ApJ 580 171),3217.6,,,131.8005089,4.93e-05,-4.93e-05,0.0,,,,,,64.49,18.58,-7.96,0.0462,,,0.593,0.006,-0.013,6.90375,0.00218,-0.00218,,,,316750.0,83.0,-83.0,3.518356021,2.08e-07,-2.08e-07,0.597138,0.00225,-0.007392,5.8672,0.0715,-0.0715,84.2,,,1266.0,,,6201.0,175.0,-219.0,4.472,0.052,-0.195,-0.2,0.25,-0.35,0.989,0.285,-0.122,1.058,0.129,-0.144,,,,q1_q17_dr25_stellar,0.0,19.45397859,1.4e-08,42.9816346,1.6e-07,0.07862,0.00056,0.08855,0.00057,0.001,0.017,0.012,0.024,0.005,0.067,-0.002,0.067,0.005,0.067,0.125,0.069,0.055,0.072,0.137,0.07,DEPTH_ODDEVEN_ALT---MOD_ODDEVEN_ALT---HAS_SEC_TCE---CENT_NOFITS,2018-08-16 00:00:00,1.0,q1_q17_dr25_tce,007/007362/007362852/dv/kplr007362852-001-20160209194854_dvs.pdf,q1_q17_dr25_sup_koi,q1_q17_dr25_koi,2454964.801,4.93e-05,-4.93e-05,007/007362/007362852/dv/kplr007362852-20160209194854_dvr.pdf,0,1,0,0,606.41,518.34,-202.81,0.30865,0.00376,-0.00185,LS+MCMC,0.0,0
6442602,K07778.01,,291.72198,0.0,19h26m53.28s,41.842468,0.0,+41d50m32.9s,16.415,,15.471,,15.15,,14.972,,13.842,0.034,13.342,0.028,13.214,0.044,15.53,,cumulative,Done,00011111111111111000000000000000,FALSE POSITIVE,FALSE POSITIVE,1,2010.0,3.6057484,7.322376,0.161,Claret (2011 A&A 529 75) ATLAS LS,0.0,0.0,0.1082,0.627,Mandel and Agol (2002 ApJ 580 171),15.1,,,131.8571,0.0557,-0.0557,0.0,,,,,,0.88,0.06,-0.08,0.0121,,,0.153,0.363,-0.153,4.725,0.559,-0.559,,,,146.8,16.8,-16.8,0.56678228,3.029e-05,-3.029e-05,0.010717,0.000785,-0.001042,1.1364,0.0476,-0.0476,82.26,,,1661.0,,,4796.0,172.0,-172.0,4.56,0.06,-0.035,0.04,0.25,-0.3,0.749,0.055,-0.068,0.742,0.075,-0.061,,,,q1_q17_dr25_stellar,0.001,19.4482352,2.1e-06,41.842296,1.3e-05,4.124,0.085,-0.626,0.045,2.01e-05,9.2e-06,-3.4e-06,7.2e-06,,,,,,,,,,,,,LPP_DV---CENT_FEW_DIFFS,2018-08-16 00:00:00,1.0,q1_q17_dr25_tce,006/006442/006442602/dv/kplr006442602-001-20160209194854_dvs.pdf,q1_q17_dr25_sup_koi,q1_q17_dr25_koi,2454964.857,0.0557,-0.0557,006/006442/006442602/dv/kplr006442602-20160209194854_dvr.pdf,1,0,0,0,1814.33,592.67,-518.34,0.08643,0.00362,-0.03171,LS+MCMC,0.113,0
6467363,K02840.01,,298.35361,0.0,19h53m24.87s,41.820068,0.0,+41d49m12.2s,14.401,,13.84,,13.663,,13.563,,12.658,0.023,12.314,0.023,12.261,0.021,13.884,,cumulative,Done,11111111111111111000000000000000,CANDIDATE,CANDIDATE,2,362.0,3.6322112,15.345064,0.9084,Claret (2011 A&A 529 75) ATLAS LS,0.0,0.0,0.2865,0.3556,Mandel and Agol (2002 ApJ 580 171),18.1,,,134.99021,0.00417,-0.00417,0.0,,,,,,0.92,0.2,-0.11,0.043,,,0.885,0.065,-0.623,3.47,0.144,-0.144,,,,85.9,5.2,-5.2,3.67936863,2.007e-05,-2.007e-05,0.009964,0.000977,-0.001521,4.04,2.0,-2.0,77.35,,,1112.0,,,5676.0,172.0,-154.0,4.474,0.117,-0.156,-0.48,0.3,-0.3,0.848,0.185,-0.108,0.781,0.104,-0.056,,,,q1_q17_dr25_stellar,0.03,19.890199,2e-05,41.82014,0.00022,-1.67,0.81,0.24,0.79,0.000127,6.6e-05,-1.8e-05,6.4e-05,-0.81,0.57,0.03,0.3,0.81,0.58,-0.79,0.61,0.07,0.29,0.79,0.62,NO_COMMENT,2018-08-16 00:00:00,1.0,q1_q17_dr25_tce,006/006467/006467363/dv/kplr006467363-001-20160209194854_dvs.pdf,q1_q17_dr25_sup_koi,q1_q17_dr25_koi,2454967.99,0.00417,-0.00417,006/006467/006467363/dv/kplr006467363-20160209194854_dvr.pdf,0,0,0,0,361.27,242.82,-114.83,0.09235,0.63013,-0.05814,LS+MCMC,0.995,1
10615440,K04765.01,Kepler-1622 b,297.32889,0.0,19h49m18.93s,47.815472,0.0,+47d48m55.7s,13.714,,13.331,,13.244,,13.199,,12.422,0.022,12.18,0.02,12.104,0.018,13.385,,cumulative,Done,11111101110111011000000000000000,CONFIRMED,CANDIDATE,1,97.0,3.4348795,9.172276,0.6176,Claret (2011 A&A 529 75) ATLAS LS,0.0,0.0,0.2844,0.3661,Mandel and Agol (2002 ApJ 580 171),9.5,,,137.13426,0.00858,-0.00858,0.0,,,,,,1.24,0.21,-0.12,0.0994,,,0.896,0.06,-0.68,2.627,0.262,-0.262,,,,76.8,9.8,-9.8,10.8118317,0.0001288,-0.0001288,0.0095,0.001799,-0.001717,14.63,7.0,-7.0,86.49,,,922.0,,,6025.0,78.0,-90.0,4.331,0.084,-0.126,0.12,0.15,-0.15,1.196,0.206,-0.12,1.119,0.078,-0.078,,,,q1_q17_dr25_stellar,0.328,19.821961,3.3e-05,47.8154,0.00037,1.2,1.2,-0.3,1.3,-0.000105,8.8e-05,1.6e-05,9.7e-05,1.21,0.64,-0.05,0.53,1.21,0.65,1.04,0.65,0.04,0.65,1.04,0.64,NO_COMMENT,2018-08-16 00:00:00,1.0,q1_q17_dr25_tce,010/010615/010615440/dv/kplr010615440-001-20160209194854_dvs.pdf,q1_q17_dr25_sup_koi,q1_q17_dr25_koi,2454970.134,0.00858,-0.00858,010/010615/010615440/dv/kplr010615440-20160209194854_dvr.pdf,0,0,0,0,170.74,76.26,-40.62,0.50673,5.33425,-0.37037,LS+MCMC,0.919,1
2306740,K06265.01,,292.26981,0.0,19h29m04.75s,37.6982,0.0,+37d41m53.5s,14.025,,13.496,,13.34,,13.245,,12.297,0.022,12.022,0.025,11.958,0.022,13.545,,cumulative,Done,11111111111111111000000000000000,FALSE POSITIVE,FALSE POSITIVE,1,0.0,2805.146,12864.678,-1.0,Claret (2011 A&A 529 75) ATLAS LS,0.0,0.0,0.2949,0.3354,Mandel and Agol (2002 ApJ 580 171),3691.9,,,143.7331641,6.95e-05,-6.95e-05,0.0,,,,,,81.21,21.75,-21.75,0.0898,,,0.564,0.003,-0.004,11.4277,0.00381,-0.00381,,,,341790.0,103.0,-103.0,10.306982793,8.65e-07,-8.65e-07,0.611069,0.001393,-0.002657,10.45087,0.00566,-0.00566,86.91,,,960.0,,,5912.0,160.0,-160.0,4.225,0.258,-0.172,-0.3,0.3,-0.3,1.217,0.326,-0.326,0.907,0.131,-0.087,,,,q1_q17_dr25_stellar,,19.484655177,8e-09,37.69804291,1e-07,0.05028,0.00035,-0.56553,0.00036,,,,,0.014,0.067,-0.008,0.067,0.016,0.067,-0.087,0.067,0.004,0.067,0.087,0.067,MOD_SEC_ALT---HAS_SEC_TCE---CENT_NOFITS,2018-08-16 00:00:00,1.0,q1_q17_dr25_tce,002/002306/002306740/dv/kplr002306740-001-20160209194854_dvs.pdf,q1_q17_dr25_sup_koi,q1_q17_dr25_koi,2454976.733,6.95e-05,-6.95e-05,002/002306/002306740/dv/kplr002306740-20160209194854_dvr.pdf,0,1,0,0,200.8,158.38,-104.35,0.20326,0.00011,-0.00067,LS+MCMC,0.0,0
5738496,K00556.01,,299.67938,0.0,19h58m43.05s,40.965141,0.0,+40d57m54.5s,15.308,,14.749,,14.581,,14.476,,13.578,0.025,13.252,0.028,13.199,0.03,14.799,,cumulative,Done,11111111111111111000000000000000,FALSE POSITIVE,FALSE POSITIVE,1,144.0,9.614237,28.963373,0.7814,Claret (2011 A&A 529 75) ATLAS LS,0.0,0.0,0.2916,0.3447,Mandel and Agol (2002 ApJ 580 171),34.8,,,175.67002,0.00506,-0.00506,0.0,,,,,,25.77,7.75,-2.58,0.0876,,,1.237,14.83,-0.111,6.852,0.242,-0.242,,,,509.5,17.5,-17.5,9.50150926,6.359e-05,-6.359e-05,0.259878,14.82457,-0.107728,2.8,1.4,-1.4,63.77,,,843.0,,,5938.0,159.0,-195.0,4.518,0.052,-0.208,-0.16,0.3,-0.3,0.908,0.273,-0.091,0.992,0.116,-0.129,,,,q1_q17_dr25_stellar,,19.979487,1.4e-05,40.98943,0.00014,35.1,0.56,87.44,0.49,,,,,4.864,0.07,9.573,0.067,10.737,0.068,4.897,0.075,9.546,0.067,10.729,0.07,MOD_SEC_DV---MOD_SEC_ALT---HAS_SEC_TCE---CENT_RESOLVED_OFFSET---EPHEM_MATCH,2018-08-16 00:00:00,1.0,q1_q17_dr25_tce,005/005738/005738496/dv/kplr005738496-001-20160209194854_dvs.pdf,q1_q17_dr25_sup_koi,q1_q17_dr25_koi,2455008.67,0.00506,-0.00506,005/005738/005738496/dv/kplr005738496-20160209194854_dvr.pdf,0,1,1,1,119.55,105.23,-34.87,0.0046,1.24387,-0.00034,LS+MCMC,0.0,0
6311891,K04627.01,,298.75836,0.0,19h55m02.01s,41.631031,0.0,+41d37m51.7s,15.629,,14.993,,14.772,,14.643,,13.706,0.023,13.277,0.027,13.215,0.025,15.029,,cumulative,Done,11111111111111111000000000000000,CANDIDATE,CANDIDATE,1,179.0,4.0939584,9.023955,0.8284,Claret (2011 A&A 529 75) ATLAS LS,0.0,0.0,0.224,0.4695,Mandel and Agol (2002 ApJ 580 171),10.7,,,137.59704,0.00935,-0.00935,0.0,,,,,,1.19,0.15,-0.07,0.074,,,0.256,0.193,-0.256,2.484,0.27,-0.27,,,,170.7,19.2,-19.2,7.51731745,9.549e-05,-9.549e-05,0.011854,0.000725,-0.000859,22.65,3.1,-3.1,89.35,,,861.0,,,5525.0,74.0,-83.0,4.488,0.045,-0.105,0.16,0.15,-0.15,0.923,0.112,-0.056,0.957,0.044,-0.059,,,,q1_q17_dr25_stellar,0.423,19.917245,3.7e-05,41.63119,0.00038,0.9,1.5,0.6,1.4,-0.00013,0.00025,-0.00014,0.00022,0.88,0.72,1.0,0.74,1.33,0.73,0.75,0.72,0.69,0.74,1.02,0.73,CENT_KIC_POS,2018-08-16 00:00:00,1.0,q1_q17_dr25_tce,006/006311/006311891/dv/kplr006311891-001-20160209194854_dvs.pdf,q1_q17_dr25_sup_koi,q1_q17_dr25_koi,2454970.597,0.00935,-0.00935,006/006311/006311891/dv/kplr006311891-20160209194854_dvr.pdf,0,0,0,0,129.74,42.31,-21.99,3.88822,0.52682,-2.56366,LS+MCMC,0.944,1
8556077,K02027.01,,290.33813,0.0,19h21m21.15s,44.60387,0.0,+44d36m13.9s,12.039,,11.755,,11.691,,11.723,,10.892,0.021,10.669,0.018,10.65,0.011,11.826,,cumulative,Done,11111111111111111000000000000000,FALSE POSITIVE,FALSE POSITIVE,1,371.0,6.4088154,37.05557,0.7608,Claret (2011 A&A 529 75) ATLAS LS,0.0,0.0,0.31,0.2931,Mandel and Agol (2002 ApJ 580 171),43.1,,,134.6084,0.00161,-0.00161,0.0,,,,,,1.23,0.21,-0.17,0.0476,,,0.677,0.229,-0.447,2.1862,0.0505,-0.0505,,,,80.0,2.2,-2.2,3.635723653,6.984e-06,-6.984e-06,0.008702,0.001162,-0.000423,9.54,4.3,-4.3,85.93,,,1478.0,,,6422.0,77.0,-77.0,4.249,0.126,-0.115,-0.24,0.15,-0.15,1.295,0.216,-0.177,1.082,0.097,-0.057,,,,q1_q17_dr25_stellar,0.0,19.35381,1e-05,44.602803,9.1e-05,-79.42,0.4,-3.84,0.33,0.006145,3.1e-05,0.000292,2.5e-05,-11.536,0.072,-0.984,0.074,11.578,0.072,-11.457,0.07,-1.084,0.078,11.508,0.07,CENT_RESOLVED_OFFSET,2018-08-16 00:00:00,1.0,q1_q17_dr25_tce,008/008556/008556077/dv/kplr008556077-001-20160209194854_dvs.pdf,q1_q17_dr25_sup_koi,q1_q17_dr25_koi,2454967.608,0.00161,-0.00161,008/008556/008556077/dv/kplr008556077-20160209194854_dvr.pdf,0,0,1,0,1126.72,482.11,-326.51,1.24188,1.66498,-0.09755,LS+MCMC,0.0,0
9491832,K04226.01,,300.56241,0.0,20h02m14.98s,46.037819,0.0,+46d02m16.1s,13.373,,12.766,,12.597,,12.51,,11.618,0.022,11.317,0.021,11.197,0.02,12.83,,cumulative,Done,11111111111111111000000000000000,CANDIDATE,CANDIDATE,1,27.0,3.7809377,10.440721,0.7876,Claret (2011 A&A 529 75) ATLAS LS,0.0,0.0,0.2821,0.3879,Mandel and Agol (2002 ApJ 580 171),15.0,,,170.6973,0.0102,-0.0102,0.0,,,,,,1.63,0.3,-0.3,0.2835,,,0.685,0.009,-0.521,8.54,0.423,-0.423,,,,113.5,8.7,-8.7,49.564693,0.0008238,-0.0008238,0.010347,0.002236,-0.000742,32.9,12.9,-12.9,88.81,,,588.0,,,5907.0,107.0,-131.0,4.212,0.143,-0.117,0.46,0.05,-0.15,1.442,0.263,-0.263,1.234,0.089,-0.109,,,,q1_q17_dr25_stellar,0.385,20.037441,4.2e-05,46.03783,0.00044,-2.0,1.6,0.0,1.6,0.00014,0.00018,8e-05,0.00019,2.0,1.4,0.4,1.3,2.0,1.1,2.0,1.5,0.3,1.3,2.0,1.2,NO_COMMENT,2018-08-16 00:00:00,1.0,q1_q17_dr25_tce,009/009491/009491832/dv/kplr009491832-001-20160209194854_dvs.pdf,q1_q17_dr25_sup_koi,q1_q17_dr25_koi,2455003.697,0.0102,-0.0102,009/009491/009491832/dv/kplr009491832-20160209194854_dvr.pdf,0,0,0,0,28.19,14.16,-10.96,0.27464,0.43044,-0.24699,LS+MCMC,0.998,1
10259029,K03630.01,,284.67484,0.0,18h58m41.96s,47.340809,0.0,+47d20m26.9s,17.707,,17.077,,16.862,,16.651,,15.726,0.063,15.219,0.09,14.875,0.142,17.115,,cumulative,Done,00000000011111111000000000000000,FALSE POSITIVE,FALSE POSITIVE,1,92.0,193.84457,1151.6815,0.9222,Claret (2011 A&A 529 75) ATLAS LS,0.0,0.0,0.2521,0.421,Mandel and Agol (2002 ApJ 580 171),631.5,,,134.558528,0.00035,-0.00035,0.0,,,,,,43.71,10.52,-4.49,0.0683,,,0.912,0.062,-0.053,3.33515,0.00602,-0.00602,,,,131257.0,245.0,-245.0,7.061149921,2.177e-06,-2.177e-06,0.501653,0.043441,-0.039698,19.333,0.402,-0.402,87.3,,,842.0,,,5585.0,186.0,-186.0,4.564,0.05,-0.15,-0.28,0.3,-0.3,0.798,0.192,-0.082,0.852,0.097,-0.089,,,,q1_q17_dr25_stellar,0.0,18.978349574,9.7e-08,47.3401097,1.3e-06,0.9614,0.0035,-2.5209,0.0048,0.03,0.17,-0.14,0.26,-0.9,0.14,4.94,0.29,5.02,0.28,0.357,0.069,0.417,0.068,0.549,0.069,MOD_SEC_DV---MOD_SEC_ALT---DEEP_V_SHAPED---HAS_SEC_TCE---SEASONAL_DEPTH_DV---SEASONAL_DEPTH_ALT---CENT_KIC_POS,2018-08-16 00:00:00,1.0,q1_q17_dr25_tce,010/010259/010259029/dv/kplr010259029-001-20160209194854_dvs.pdf,q1_q17_dr25_sup_koi,q1_q17_dr25_koi,2454967.559,0.00035,-0.00035,010/010259/010259029/dv/kplr010259029-20160209194854_dvr.pdf,0,1,0,0,118.87,89.69,-35.3,2.74167,0.057,-0.06152,LS+MCMC,0.0,0
6105462,K02098.02,Kepler-1093 c,284.978,0.0,18h59m54.72s,41.420158,0.0,+41d25m12.6s,14.171,,13.806,,13.696,,13.566,,12.807,0.032,12.491,0.031,12.484,0.031,13.838,,cumulative,Done,11110111011101110000000000000000,CONFIRMED,CANDIDATE,2,13.0,7.40203,18.859211,0.5421,Claret (2011 A&A 529 75) ATLAS LS,0.0,0.0,0.3025,0.2923,Mandel and Agol (2002 ApJ 580 171),25.6,,,163.15815,0.00706,-0.00706,0.0,,,,,,2.21,0.59,-0.48,0.394,,,0.742,0.004,-0.532,10.963,0.212,-0.212,,,,263.7,10.8,-10.8,89.7224125,0.0007862,-0.0007862,0.016065,0.002453,-0.001123,43.4,20.8,-20.8,89.02,,,508.0,,,6429.0,181.0,-227.0,4.241,0.18,-0.18,-0.46,0.3,-0.3,1.262,0.335,-0.274,1.011,0.16,-0.117,,,,q1_q17_dr25_stellar,0.048,18.99852,1.5e-05,41.42034,0.00017,-0.58,0.6,0.64,0.6,0.00011,0.00015,-0.00019,0.00015,0.09,0.36,0.79,0.36,0.79,0.36,0.25,0.32,0.12,0.33,0.27,0.37,NO_COMMENT,2018-08-16 00:00:00,2.0,q1_q17_dr25_tce,006/006105/006105462/dv/kplr006105462-002-20160209194854_dvs.pdf,q1_q17_dr25_sup_koi,q1_q17_dr25_koi,2454996.158,0.00706,-0.00706,006/006105/006105462/dv/kplr006105462-20160209194854_dvr.pdf,0,0,0,0,15.69,12.38,-7.36,0.19195,0.36843,-0.17077,LS+MCMC,0.977,1
4678873,K05075.01,,297.42007,0.0,19h49m40.82s,39.77375,0.0,+39d46m25.5s,12.855,,12.681,,12.701,,12.711,,12.0,0.047,11.829,0.023,11.81,0.02,12.725,,cumulative,Done,11111111111111111000000000000000,FALSE POSITIVE,FALSE POSITIVE,1,718.0,298.03503,2923.168,-1.0,Claret (2011 A&A 529 75) ATLAS LS,0.0,0.0,0.2521,0.3447,Mandel and Agol (2002 ApJ 580 171),525.4,,,133.074035,0.000262,-0.000262,0.0,,,,,,109.55,19.78,-17.81,0.0348,,,1.005,0.028,-0.022,5.8768,0.0146,-0.0146,,,,104026.0,235.0,-235.0,1.878877205,5.82e-07,-5.82e-07,0.501848,0.020487,-0.017467,2.9789,0.0404,-0.0404,70.29,,,2523.0,,,7542.0,75.0,-83.0,4.036,0.137,-0.112,-0.22,0.15,-0.15,1.999,0.361,-0.325,1.582,0.158,-0.118,,,,q1_q17_dr25_stellar,,19.828070955,2.6e-08,39.7773554,1.2e-06,2.7788,0.0011,12.9794,0.0044,,,-1.1,1.1,0.88,0.11,3.63,0.2,3.73,0.2,0.858,0.067,5.081,0.068,5.153,0.068,MOD_SEC_DV---MOD_SEC_ALT---DEEP_V_SHAPED---CENT_KIC_POS---EPHEM_MATCH,2018-08-16 00:00:00,1.0,q1_q17_dr25_tce,004/004678/004678873/dv/kplr004678873-001-20160209194854_dvs.pdf,q1_q17_dr25_sup_koi,q1_q17_dr25_koi,2454966.074,0.000262,-0.000262,004/004678/004678873/dv/kplr004678873-20160209194854_dvr.pdf,0,1,0,1,9554.79,4300.29,-3144.43,0.14166,0.00192,-0.00319,LS+MCMC,0.0,0
4840818,K06458.01,,293.27969,0.0,19h33m07.13s,39.91576,0.0,+39d54m56.7s,14.745,,14.324,,14.188,,14.132,,13.315,0.024,13.052,0.024,13.043,0.03,14.355,,cumulative,Done,11111011101110111000000000000000,FALSE POSITIVE,FALSE POSITIVE,1,213.0,467.6461,3631.662,0.0,Claret (2011 A&A 529 75) ATLAS LS,0.0,0.0,0.3029,0.3026,Mandel and Agol (2002 ApJ 580 171),696.5,,,133.120142,0.000109,-0.000109,0.0,,,,,,42.15,12.61,-5.41,0.0573,,,1.038,0.113,-0.031,3.82433,0.00524,-0.00524,,,,53046.4,78.5,-78.5,5.024768971,6.73e-07,-6.73e-07,0.390263,0.08633,-0.029342,9.359,0.155,-0.155,83.63,,,1159.0,,,6322.0,171.0,-209.0,4.444,0.067,-0.202,-0.44,0.3,-0.3,0.989,0.296,-0.127,0.99,0.145,-0.106,,,,q1_q17_dr25_stellar,0.0,19.551978674,7.8e-08,39.91578172,8.8e-07,-0.0011,0.0032,0.0782,0.0032,0.0005,0.0074,-0.0018,0.0096,0.005,0.067,0.0,0.067,0.005,0.067,0.05,0.067,-0.016,0.07,0.053,0.067,DEPTH_ODDEVEN_DV---DEPTH_ODDEVEN_ALT---MOD_ODDEVEN_DV---MOD_ODDEVEN_ALT,2018-08-16 00:00:00,1.0,q1_q17_dr25_tce,004/004840/004840818/dv/kplr004840818-001-20160209194854_dvs.pdf,q1_q17_dr25_sup_koi,q1_q17_dr25_koi,2454966.12,0.000109,-0.000109,004/004840/004840818/dv/kplr004840818-20160209194854_dvr.pdf,0,1,0,0,425.9,374.09,-143.07,0.6142,0.01018,-0.01162,LS+MCMC,0.0,0
9110610,K04839.01,,298.40958,0.0,19h53m38.30s,45.461639,0.0,+45d27m41.9s,14.023,,13.53,,13.343,,13.27,,12.365,0.02,12.083,0.019,12.025,0.021,13.547,,cumulative,Done,11111111111111111000000000000000,CANDIDATE,CANDIDATE,1,60.0,2.6308048,7.763374,0.0904,Claret (2011 A&A 529 75) ATLAS LS,0.0,0.0,0.3036,0.3098,Mandel and Agol (2002 ApJ 580 171),9.5,,,150.82731,0.0092,-0.0092,0.0,,,,,,2.01,0.44,-1.09,0.1622,,,0.208,0.236,-0.208,3.843,0.233,-0.233,,,,79.5,9.7,-9.7,21.8420304,0.0002661,-0.0002661,0.008228,0.000521,-0.000633,42.84,9.3,-9.3,89.72,,,1016.0,,,6194.0,191.0,-210.0,3.813,0.528,-0.132,-0.38,0.3,-0.3,2.241,0.487,-1.217,1.189,0.184,-0.276,,,,q1_q17_dr25_stellar,0.013,19.894005,5.2e-05,45.46098,0.00045,1.2,2.0,-2.4,1.6,-9e-05,0.00015,0.00018,0.00013,0.0,1.1,-0.33,0.57,0.33,0.57,0.0,0.95,-0.29,0.56,0.29,0.56,NO_COMMENT,2018-08-16 00:00:00,1.0,q1_q17_dr25_tce,009/009110/009110610/dv/kplr009110610-001-20160209194854_dvs.pdf,q1_q17_dr25_sup_koi,q1_q17_dr25_koi,2454983.827,0.0092,-0.0092,009/009110/009110610/dv/kplr009110610-20160209194854_dvr.pdf,0,0,0,0,251.46,169.3,-205.72,3.11804,0.67365,-1.21253,LS+MCMC,0.753,1
9959093,K07264.01,,295.04248,0.0,19h40m10.20s,46.863991,0.0,+46d51m50.4s,13.687,,13.279,,13.154,,13.115,,12.256,0.021,11.953,0.017,11.901,0.016,13.314,,cumulative,Done,11111111111111111000000000000000,CANDIDATE,CANDIDATE,1,72.0,3.0137181,7.549375,0.5459,Claret (2011 A&A 529 75) ATLAS LS,0.0,0.0,0.2865,0.3671,Mandel and Agol (2002 ApJ 580 171),8.9,,,141.3045,0.0121,-0.0121,0.0,,,,,,1.83,0.26,-0.6,0.1538,,,0.525,0.438,-0.329,3.553,0.482,-0.482,,,,63.8,10.5,-10.5,19.1644498,0.0002905,-0.0002905,0.007503,0.000859,-0.000473,35.5,17.4,-17.4,89.15,,,988.0,,,5877.0,78.0,-78.0,3.86,0.3,-0.1,0.2,0.15,-0.15,2.234,0.314,-0.733,1.319,0.129,-0.21,,,,q1_q17_dr25_stellar,0.0,19.669437,3.7e-05,46.86305,0.00033,-2.3,1.4,-3.4,1.2,0.000207,8.4e-05,0.000197,7.3e-05,-2.28,0.65,-0.85,0.44,2.44,0.7,-2.24,0.65,-0.97,0.46,2.44,0.71,MOD_NONUNIQ_ALT,2018-08-16 00:00:00,1.0,q1_q17_dr25_tce,009/009959/009959093/dv/kplr009959093-001-20160209194854_dvs.pdf,q1_q17_dr25_sup_koi,q1_q17_dr25_koi,2454974.305,0.0121,-0.0121,009/009959/009959093/dv/kplr009959093-20160209194854_dvr.pdf,0,0,0,0,225.26,83.64,-128.86,2.29474,7.88262,-2.12917,LS+MCMC,0.274,1
9704384,K01913.01,Kepler-1012 b,289.29626,0.0,19h17m11.10s,46.457951,0.0,+46d27m28.6s,13.863,,13.238,,13.083,,13.032,,12.064,0.021,11.755,0.022,11.664,0.016,13.317,,cumulative,Done,11111111111111111000000000000000,CONFIRMED,CANDIDATE,1,241.0,5.672402,35.991123,0.7832,Claret (2011 A&A 529 75) ATLAS LS,0.0,0.0,0.2327,0.4526,Mandel and Agol (2002 ApJ 580 171),38.2,,,132.2983,0.00193,-0.00193,0.0,,,,,,1.49,0.15,-0.12,0.0585,,,0.879,0.057,-0.601,3.0788,0.0586,-0.0586,,,,203.9,6.3,-6.3,5.50860699,1.361e-05,-1.361e-05,0.015422,0.00111,-0.002439,7.0,3.4,-3.4,82.78,,,934.0,,,5448.0,109.0,-109.0,4.489,0.063,-0.084,0.0,0.15,-0.15,0.883,0.092,-0.067,0.877,0.055,-0.05,,,,q1_q17_dr25_stellar,0.085,19.2864202,6.8e-06,46.458067,6.9e-05,0.08,0.25,0.42,0.25,-1.6e-05,5.2e-05,-5.9e-05,5.1e-05,0.14,0.13,0.17,0.2,0.22,0.2,0.07,0.13,0.33,0.21,0.34,0.21,NO_COMMENT,2018-08-16 00:00:00,1.0,q1_q17_dr25_tce,009/009704/009704384/dv/kplr009704384-001-20160209194854_dvs.pdf,q1_q17_dr25_sup_koi,q1_q17_dr25_koi,2454965.298,0.00193,-0.00193,009/009704/009704384/dv/kplr009704384-20160209194854_dvr.pdf,0,0,0,0,179.62,57.44,-38.13,0.21388,1.33666,-0.12638,LS+MCMC,1.0,1
9512981,K01466.01,,284.84988,0.0,18h59m23.97s,46.13895,0.0,+46d08m20.2s,16.833,,15.877,,15.588,,15.397,,14.422,0.029,13.949,0.035,13.945,0.067,15.962,,cumulative,Done,11111111111111111000000000000000,CANDIDATE,CANDIDATE,1,4.0,118.01934,203.09047,0.2155,Claret (2011 A&A 529 75) ATLAS LS,0.0,0.0,0.1054,0.6323,Mandel and Agol (2002 ApJ 580 171),237.1,,,357.996571,0.000737,-0.000737,0.0,,,,,,10.83,0.37,-0.7,0.7659,,,0.0,0.107,0.0,8.853,0.0286,-0.0286,,,,21012.0,102.0,-102.0,281.5628889,0.0003835,-0.0003835,0.127752,0.00053,-0.000261,274.01,2.1,-2.1,90.0,,,214.0,,,4810.0,76.0,-76.0,4.536,0.064,-0.016,0.12,0.15,-0.15,0.776,0.027,-0.05,0.755,0.046,-0.027,,,,q1_q17_dr25_stellar,0.161,18.9899939,1.8e-06,46.138939,1.9e-05,0.045,0.066,-0.041,0.068,0.0005,0.0063,-0.0016,0.009,-0.048,0.071,0.004,0.067,0.048,0.071,-0.066,0.071,-0.058,0.069,0.088,0.072,NO_COMMENT,2018-08-16 00:00:00,1.0,q1_q17_dr25_tce,009/009512/009512981/dv/kplr009512981-001-20160209194854_dvs.pdf,q1_q17_dr25_sup_koi,q1_q17_dr25_koi,2455190.997,0.000737,-0.000737,009/009512/009512981/dv/kplr009512981-20160209194854_dvr.pdf,0,0,0,0,0.49,0.07,-0.09,4.90893,0.03801,-0.12792,LS+MCMC,0.998,1
9402670,K05667.01,,291.28577,0.0,19h25m08.58s,45.953651,0.0,+45d57m13.1s,16.125,,15.6,,15.472,,15.403,,14.453,0.027,14.132,0.03,14.163,0.055,15.668,,cumulative,Done,11111111111111111000000000000000,FALSE POSITIVE,FALSE POSITIVE,1,2503.0,3.793642,17.314856,0.9895,Claret (2011 A&A 529 75) ATLAS LS,0.0,0.0,0.3029,0.3239,Mandel and Agol (2002 ApJ 580 171),26.2,,,132.02205,0.00458,-0.00458,0.0,,,,,,12.88,4.07,-1.35,0.0133,,,1.102,0.091,-0.118,4.89,0.452,-0.452,,,,153.2,8.7,-8.7,0.536551592,2.698e-06,-2.698e-06,0.114871,0.089897,-0.100245,1.117,0.291,-0.291,9.47,,,2377.0,,,6140.0,193.0,-236.0,4.455,0.052,-0.208,-0.04,0.25,-0.3,1.027,0.324,-0.108,1.094,0.151,-0.135,,,,q1_q17_dr25_stellar,0.0,19.418989,2.6e-05,45.95303,0.00025,-2.32,0.98,-2.22,0.88,0.000156,6.8e-05,0.000157,6.1e-05,1.75,0.59,-0.88,0.78,1.96,0.63,1.69,0.58,-0.9,0.77,1.92,0.63,LPP_DV---CENT_UNRESOLVED_OFFSET---EPHEM_MATCH,2018-08-16 00:00:00,1.0,q1_q17_dr25_tce,009/009402/009402670/dv/kplr009402670-001-20160209194854_dvs.pdf,q1_q17_dr25_sup_koi,q1_q17_dr25_koi,2454965.022,0.00458,-0.00458,009/009402/009402670/dv/kplr009402670-20160209194854_dvr.pdf,1,0,1,1,7584.36,7269.97,-2392.52,0.09156,0.02382,-0.02214,LS+MCMC,0.0,0
9109857,K02833.01,,298.21527,0.0,19h52m51.66s,45.406891,0.0,+45d24m24.8s,13.042,,12.552,,12.409,,12.356,,11.428,0.021,11.181,0.017,11.123,0.017,12.599,,cumulative,Done,11111111111111111000000000000000,CANDIDATE,CANDIDATE,1,743.0,3.5446968,14.562021,0.7164,Claret (2011 A&A 529 75) ATLAS LS,0.0,0.0,0.2949,0.3354,Mandel and Agol (2002 ApJ 580 171),12.5,,,132.8762,0.00328,-0.00328,0.0,,,,,,1.48,0.23,-0.41,0.0303,,,0.403,0.048,-0.403,1.166,0.13,-0.13,,,,46.1,4.8,-4.8,1.791877025,8.299e-06,-8.299e-06,0.006353,0.000353,-0.000412,10.84,2.8,-2.8,87.87,,,2223.0,,,6002.0,119.0,-131.0,3.841,0.217,-0.093,-0.28,0.15,-0.15,2.139,0.319,-0.592,1.156,0.115,-0.172,,,,q1_q17_dr25_stellar,0.01,19.880995,2.2e-05,45.40716,0.00021,-0.85,0.85,0.98,0.75,2.4e-05,3.5e-05,-4.5e-05,3e-05,1.34,0.36,0.24,0.57,1.36,0.4,0.99,0.33,0.14,0.52,1.0,0.36,CENT_KIC_POS,2018-08-16 00:00:00,1.0,q1_q17_dr25_tce,009/009109/009109857/dv/kplr009109857-001-20160209194854_dvs.pdf,q1_q17_dr25_sup_koi,q1_q17_dr25_koi,2454965.876,0.00328,-0.00328,009/009109/009109857/dv/kplr009109857-20160209194854_dvr.pdf,0,0,0,0,5787.99,2479.54,-3016.26,7.51192,3.86656,-3.88172,LS+MCMC,0.961,1
8494542,K02204.01,Kepler-1807 b,291.54941,0.0,19h26m11.86s,44.52729,0.0,+44d31m38.2s,14.322,,13.926,,13.8,,13.758,,12.861,0.019,12.638,0.017,12.577,0.021,13.957,,cumulative,Done,11111111111111111000000000000000,CONFIRMED,CANDIDATE,1,122.0,4.023105,18.126743,0.6281,Claret (2011 A&A 529 75) ATLAS LS,0.0,0.0,0.3105,0.2893,Mandel and Agol (2002 ApJ 580 171),20.7,,,136.65957,0.00301,-0.00301,0.0,,,,,,2.09,0.59,-0.59,0.0988,,,0.261,0.188,-0.261,2.2874,0.0856,-0.0856,,,,189.6,10.6,-10.6,10.86062378,3.956e-05,-3.956e-05,0.012793,0.000451,-0.000475,35.51,6.8,-6.8,89.58,,,1108.0,,,6455.0,175.0,-214.0,4.125,0.252,-0.168,-0.36,0.25,-0.3,1.496,0.421,-0.421,1.087,0.174,-0.139,,,,q1_q17_dr25_stellar,0.002,19.43661,1.7e-05,44.52742,0.00016,-0.69,0.66,0.46,0.57,-9e-05,0.00013,-0.0002,0.00011,-0.24,0.24,0.43,0.2,0.5,0.2,-0.35,0.25,0.38,0.2,0.52,0.22,NO_COMMENT,2018-08-16 00:00:00,1.0,q1_q17_dr25_tce,008/008494/008494542/dv/kplr008494542-001-20160209194854_dvs.pdf,q1_q17_dr25_sup_koi,q1_q17_dr25_koi,2454969.66,0.00301,-0.00301,008/008494/008494542/dv/kplr008494542-20160209194854_dvr.pdf,0,0,0,0,356.24,294.78,-195.5,7.17845,1.36533,-2.44833,LS+MCMC,0.989,1
11187436,K01804.01,Kepler-957 b,290.15634,0.0,19h20m37.52s,48.818989,0.0,+48d49m08.4s,16.401,,15.619,,15.293,,15.126,,14.061,0.036,13.642,0.046,13.453,0.04,15.625,,cumulative,Done,11111111111111111000000000000000,CONFIRMED,CANDIDATE,1,232.0,22.538158,128.10664,0.0,Claret (2011 A&A 529 75) ATLAS LS,0.0,0.0,0.1908,0.5172,Mandel and Agol (2002 ApJ 580 171),7.2,,,133.93511,0.00548,-0.00548,0.0,,,,,,5.1,0.45,-0.51,0.0559,,,0.177,0.367,-0.177,1.016,0.281,-0.281,,,,5569.0,1136.0,-1136.0,5.90741476,3.939e-05,-3.939e-05,0.06763,0.017744,-0.027091,46.8,22.3,-22.3,89.78,,,769.0,,,4963.0,149.0,-149.0,4.585,0.066,-0.039,-0.42,0.3,-0.3,0.69,0.062,-0.068,0.667,0.089,-0.045,,,,q1_q17_dr25_stellar,0.0,19.3437569,2.3e-06,48.819019,2.3e-05,0.03,0.083,0.103,0.083,-0.00035,0.00085,-0.0011,0.0012,-0.047,0.07,0.228,0.072,0.232,0.072,0.026,0.078,0.098,0.079,0.102,0.08,NO_COMMENT,2018-08-16 00:00:00,1.0,q1_q17_dr25_tce,011/011187/011187436/dv/kplr011187436-001-20160209194854_dvs.pdf,q1_q17_dr25_sup_koi,q1_q17_dr25_koi,2454966.935,0.00548,-0.00548,011/011187/011187436/dv/kplr011187436-20160209194854_dvr.pdf,0,0,0,0,82.73,27.88,-23.22,55.52076,238.31462,-54.66861,LS+MCMC,1.0,1
12121570,K02290.01,Kepler-1816 b,296.85101,0.0,19h47m24.24s,50.698929,0.0,+50d41m56.1s,15.115,,14.39,,14.16,,14.055,,13.042,0.023,12.555,0.021,12.527,0.025,14.447,,cumulative,Done,11111111111111111000000000000000,CONFIRMED,CANDIDATE,1,14.0,6.7282567,18.661327,0.1747,Claret (2011 A&A 529 75) ATLAS LS,0.0,0.0,0.1646,0.5508,Mandel and Agol (2002 ApJ 580 171),22.6,,,165.67309,0.00493,-0.00493,0.0,,,,,,1.82,0.13,-0.07,0.3648,,,0.032,0.405,-0.032,4.842,0.126,-0.126,,,,704.8,35.8,-35.8,91.500873,0.0005231,-0.0005231,0.023662,0.001215,-0.000548,147.71,8.7,-8.7,89.99,,,310.0,,,5051.0,111.0,-90.0,4.628,0.017,-0.052,-0.24,0.15,-0.15,0.706,0.047,-0.03,0.786,0.033,-0.062,,,,q1_q17_dr25_stellar,0.139,19.790093,1.7e-05,50.69881,0.00019,0.89,0.6,-0.45,0.67,-0.00027,0.00042,0.00048,0.00047,0.59,0.38,-0.01,0.25,0.59,0.38,0.56,0.37,-0.44,0.25,0.71,0.33,CENT_KIC_POS,2018-08-16 00:00:00,1.0,q1_q17_dr25_tce,012/012121/012121570/dv/kplr012121570-001-20160209194854_dvs.pdf,q1_q17_dr25_sup_koi,q1_q17_dr25_koi,2454998.673,0.00493,-0.00493,012/012121/012121570/dv/kplr012121570-20160209194854_dvr.pdf,0,0,0,0,2.18,0.53,-0.32,7.28204,0.42969,-2.64983,LS+MCMC,0.97,1
9897364,K04189.01,Kepler-1562 b,294.45569,0.0,19h37m49.37s,46.743561,0.0,+46d44m36.8s,16.092,,15.543,,15.373,,,,14.169,0.029,13.903,0.037,13.849,0.058,15.589,,cumulative,Done,00001100010001000000000000000000,CONFIRMED,CANDIDATE,1,6.0,9.94133,19.254738,0.6058,Claret (2011 A&A 529 75) ATLAS LS,0.0,0.0,0.3029,0.3239,Mandel and Agol (2002 ApJ 580 171),27.4,,,186.7353,0.0103,-0.0103,0.0,,,,,,5.38,1.76,-0.94,0.3308,,,0.908,0.009,-0.654,12.136,0.607,-0.607,,,,1213.9,50.7,-50.7,64.2729088,0.0009417,-0.0009417,0.03795,0.004767,-0.005763,20.33,10.0,-10.0,87.44,,,554.0,,,6341.0,177.0,-243.0,4.278,0.132,-0.198,-0.04,0.25,-0.3,1.299,0.424,-0.228,1.165,0.181,-0.164,,,,q1_q17_dr25_stellar,0.638,19.630374,1.4e-05,46.7436,0.00016,-0.19,0.53,0.14,0.59,0.00025,0.00064,-0.0003,0.00072,0.293,0.094,0.42,0.16,0.51,0.14,0.23,0.11,0.42,0.13,0.48,0.15,NO_COMMENT,2018-08-16 00:00:00,1.0,q1_q17_dr25_tce,009/009897/009897364/dv/kplr009897364-001-20160209194854_dvs.pdf,q1_q17_dr25_sup_koi,q1_q17_dr25_koi,2455019.735,0.0103,-0.0103,009/009897/009897364/dv/kplr009897364-20160209194854_dvr.pdf,0,0,0,0,22.31,21.51,-9.34,0.03848,0.35822,-0.02542,LS+MCMC,0.997,1
6675060,K03611.01,,286.2449,0.0,19h04m58.78s,42.146431,0.0,+42d08m47.2s,16.989,,16.475,,16.305,,16.198,,15.38,0.049,14.918,0.071,14.899,0.117,16.51,,cumulative,Done,00000000011111111000000000000000,FALSE POSITIVE,FALSE POSITIVE,1,60.0,339.3766,1660.1578,0.9083,Claret (2011 A&A 529 75) ATLAS LS,0.0,0.0,0.3058,0.3071,Mandel and Agol (2002 ApJ 580 171),842.1,,,133.62903,0.000333,-0.000333,0.0,,,,,,44.35,13.02,-6.0,0.0927,,,0.707,0.018,-0.018,3.94077,0.00853,-0.00853,,,,145294.0,305.0,-305.0,10.443341795,3.126e-06,-3.126e-06,0.404139,0.009032,-0.007799,24.577,0.149,-0.149,88.35,,,892.0,,,6137.0,192.0,-235.0,4.421,0.087,-0.203,-0.32,0.3,-0.3,1.005,0.295,-0.136,0.972,0.14,-0.115,,,,q1_q17_dr25_stellar,0.0,19.08298528,1.4e-07,42.1466687,2.1e-06,-0.3492,0.0055,0.8592,0.0074,-0.08,0.45,0.24,0.61,0.26,0.36,-1.45,0.92,1.47,0.91,-0.011,0.071,-0.079,0.074,0.08,0.074,DEEP_V_SHAPED,2018-08-16 00:00:00,1.0,q1_q17_dr25_tce,006/006675/006675060/dv/kplr006675060-001-20160209194854_dvs.pdf,q1_q17_dr25_sup_koi,q1_q17_dr25_koi,2454966.629,0.000333,-0.000333,006/006675/006675060/dv/kplr006675060-20160209194854_dvr.pdf,0,1,0,0,149.21,133.2,-53.78,2.5749,0.01562,-0.02507,LS+MCMC,0.0,0
10002049,K07270.01,,287.46475,0.0,19h09m51.54s,46.96841,0.0,+46d58m06.3s,15.81,,15.31,,15.169,,15.104,,14.239,0.021,13.887,0.031,13.804,0.045,15.362,,cumulative,Done,11111111111111111000000000000000,CANDIDATE,CANDIDATE,1,72.0,3.4236083,7.6407785,0.7318,Claret (2011 A&A 529 75) ATLAS LS,0.0,0.0,0.2889,0.3511,Mandel and Agol (2002 ApJ 580 171),7.4,,,144.8407,0.0118,-0.0118,0.0,,,,,,1.42,0.42,-0.14,0.1423,,,0.247,0.208,-0.247,1.674,0.404,-0.404,,,,219.3,39.6,-39.6,19.2532128,0.0002487,-0.0002487,0.013663,0.001101,-0.001678,86.4,36.0,-36.0,89.84,,,692.0,,,6060.0,162.0,-198.0,4.495,0.05,-0.2,-0.14,0.25,-0.35,0.953,0.277,-0.092,1.036,0.13,-0.143,,,,q1_q17_dr25_stellar,0.007,19.164299,4.2e-05,46.96923,0.00044,-0.7,1.5,2.9,1.6,0.00016,0.00031,-0.00049,0.00032,-2.22,0.85,0.12,0.9,2.23,0.85,-2.16,0.88,0.14,0.9,2.17,0.88,CENT_FEW_DIFFS,2018-08-16 00:00:00,1.0,q1_q17_dr25_tce,010/010002/010002049/dv/kplr010002049-001-20160209194854_dvs.pdf,q1_q17_dr25_sup_koi,q1_q17_dr25_koi,2454977.841,0.0118,-0.0118,010/010002/010002049/dv/kplr010002049-20160209194854_dvr.pdf,0,0,0,0,54.13,46.08,-15.44,32.90162,13.72387,-32.69165,LS+MCMC,0.998,1
4649305,K00143.01,,290.10333,0.0,19h20m24.80s,39.781631,0.0,+39d46m53.9s,13.895,,13.611,,13.564,,13.553,,12.792,0.022,12.607,0.023,12.578,0.025,13.682,,cumulative,Done,11111111111111111000000000000000,FALSE POSITIVE,FALSE POSITIVE,1,58.0,30.534325,182.14682,0.7219,Claret (2011 A&A 529 75) ATLAS LS,0.0,0.0,0.3235,0.2576,Mandel and Agol (2002 ApJ 580 171),170.1,,,140.337593,0.000551,-0.000551,0.0,,,,,,7.62,2.93,-0.98,0.1721,,,0.925,0.003,-0.004,3.6895,0.0364,-0.0364,,,,2250.0,17.5,-17.5,22.65117451,1.474e-05,-1.474e-05,0.052355,0.000313,-0.000424,23.52,1.4,-1.4,87.74,,,855.0,,,6968.0,194.0,-267.0,4.31,0.058,-0.232,-0.1,0.25,-0.35,1.333,0.513,-0.171,1.333,0.222,-0.182,,,,q1_q17_dr25_stellar,0.088,19.3402204,1.3e-06,39.781594,1.5e-05,-0.036,0.054,-0.128,0.056,8e-05,0.00018,0.00013,0.00022,-0.033,0.079,-0.131,0.077,0.135,0.077,0.019,0.075,-0.161,0.082,0.162,0.082,NO_COMMENT,2018-08-16 00:00:00,1.0,q1_q17_dr25_tce,004/004649/004649305/dv/kplr004649305-001-20160209194854_dvs.pdf,q1_q17_dr25_sup_koi,q1_q17_dr25_koi,2454973.338,0.000551,-0.000551,004/004649/004649305/dv/kplr004649305-20160209194854_dvr.pdf,0,1,0,0,126.57,144.35,-44.3,0.4795,0.02835,-0.03047,LS+MCMC,0.983,0
2860114,K02170.01,,293.06598,0.0,19h32m15.84s,38.042011,0.0,+38d02m31.2s,15.534,,14.774,,14.534,,14.403,,13.41,0.026,12.879,0.026,12.849,0.033,14.834,,cumulative,Done,11111111111111111000000000000000,FALSE POSITIVE,FALSE POSITIVE,1,1428.0,4.505921,33.417465,0.7378,Claret (2011 A&A 529 75) ATLAS LS,0.0,0.0,0.2043,0.4966,Mandel and Agol (2002 ApJ 580 171),46.2,,,132.976171,0.000814,-0.000814,0.0,,,,,,2.29,0.35,-0.29,0.0173,,,0.93,0.003,-0.657,1.1886,0.0284,-0.0284,,,,462.1,11.9,-11.9,0.941603153,9.25e-07,-9.25e-07,0.025036,0.000235,-0.004889,2.78,1.4,-1.4,70.43,,,1608.0,,,5237.0,158.0,-158.0,4.481,0.096,-0.12,-0.12,0.3,-0.3,0.837,0.129,-0.105,0.774,0.112,-0.06,,,,q1_q17_dr25_stellar,0.0,19.5378133,6.9e-06,38.040827,7.5e-05,3.49,0.29,-4.26,0.27,-0.00095,0.00011,0.00132,0.0001,1.89,0.12,-2.658,0.092,3.26,0.11,2.112,0.079,-2.744,0.086,3.462,0.083,CENT_UNRESOLVED_OFFSET,2018-08-16 00:00:00,1.0,q1_q17_dr25_tce,002/002860/002860114/dv/kplr002860114-001-20160209194854_dvs.pdf,q1_q17_dr25_sup_koi,q1_q17_dr25_koi,2454965.976,0.000814,-0.000814,002/002860/002860114/dv/kplr002860114-20160209194854_dvr.pdf,0,0,1,0,1575.78,788.16,-509.55,0.45712,5.34439,-0.04171,LS+MCMC,0.0,0
5213902,K01941.01,,298.21765,0.0,19h52m52.24s,40.341019,0.0,+40d20m27.7s,14.442,,13.981,,13.852,,13.782,,12.906,0.023,12.64,0.022,12.579,0.023,14.029,,cumulative,Done,11111111111111111000000000000000,FALSE POSITIVE,FALSE POSITIVE,1,1119.0,4.182821,34.119396,0.9696,Claret (2011 A&A 529 75) ATLAS LS,0.0,0.0,0.3058,0.3071,Mandel and Agol (2002 ApJ 580 171),41.2,,,132.18329,0.00136,-0.00136,0.0,,,,,,1.36,0.43,-0.14,0.0222,,,0.404,0.121,-0.404,1.3777,0.0628,-0.0628,,,,189.5,5.7,-5.7,1.194812329,1.866e-06,-1.866e-06,0.012883,0.000178,-0.000929,6.19,2.1,-2.1,86.26,,,1806.0,,,6198.0,175.0,-197.0,4.475,0.054,-0.216,-0.28,0.25,-0.3,0.97,0.305,-0.102,1.024,0.144,-0.129,,,,q1_q17_dr25_stellar,0.0,19.8812048,1e-05,40.34029,0.0001,1.18,0.41,-2.61,0.37,-6e-05,6.2e-05,0.000329,5.6e-05,1.23,0.13,-2.58,0.16,2.86,0.17,1.42,0.13,-2.74,0.16,3.09,0.17,CENT_UNRESOLVED_OFFSET,2018-08-16 00:00:00,1.0,q1_q17_dr25_tce,005/005213/005213902/dv/kplr005213902-001-20160209194854_dvs.pdf,q1_q17_dr25_sup_koi,q1_q17_dr25_koi,2454965.183,0.00136,-0.00136,005/005213/005213902/dv/kplr005213902-20160209194854_dvr.pdf,0,0,1,0,2521.46,2348.19,-747.12,3.14274,1.06418,-0.942,LS+MCMC,0.0,0
8618147,K08160.01,,289.29507,0.0,19h17m10.82s,44.71656,0.0,+44d42m59.6s,14.898,,14.426,,14.322,,14.28,,13.381,0.021,13.113,0.021,13.072,0.028,14.495,,cumulative,Done,11111111111111111000000000000000,FALSE POSITIVE,FALSE POSITIVE,1,4.0,6.7596903,8.040042,0.3069,Claret (2011 A&A 529 75) ATLAS LS,0.0,0.0,0.3024,0.3288,Mandel and Agol (2002 ApJ 580 171),11.4,,,218.662,0.0188,-0.0188,0.0,,,,,,1.94,0.61,-0.2,1.0148,,,0.175,0.261,-0.174,15.925,0.578,-0.578,,,,324.4,32.8,-32.8,345.128277,0.009529,-0.009529,0.016543,0.001032,-0.000868,165.8,30.5,-30.5,89.94,,,282.0,,,6214.0,174.0,-217.0,4.442,0.052,-0.208,0.07,0.25,-0.3,1.076,0.335,-0.112,1.169,0.141,-0.173,,,,q1_q17_dr25_stellar,0.154,19.286357,3.4e-05,44.71635,0.00027,0.7,1.3,-0.77,0.96,0.00052,0.00044,-0.0002,0.00034,-4.39,0.27,5.35,0.32,6.92,0.3,1.01,0.27,2.48,0.32,2.67,0.31,INCONSISTENT_TRANS---CENT_FEW_DIFFS,2018-08-16 00:00:00,1.0,q1_q17_dr25_tce,008/008618/008618147/dv/kplr008618147-001-20160209194854_dvs.pdf,q1_q17_dr25_sup_koi,q1_q17_dr25_koi,2455051.662,0.0188,-0.0188,008/008618/008618147/dv/kplr008618147-20160209194854_dvr.pdf,1,0,0,0,1.5,1.38,-0.46,0.72385,0.13331,-0.24213,LS+MCMC,0.077,0
5177859,K04246.01,Kepler-1576 b,289.07397,0.0,19h16m17.75s,40.366009,0.0,+40d21m57.6s,13.887,,13.322,,13.165,,13.114,,12.197,0.021,11.889,0.022,11.8,0.022,13.382,,cumulative,Done,11111111111111111000000000000000,CONFIRMED,CANDIDATE,2,196.0,4.3036695,10.99175,0.8436,Claret (2011 A&A 529 75) ATLAS LS,0.0,0.0,0.2602,0.4096,Mandel and Agol (2002 ApJ 580 171),11.7,,,135.99731,0.00708,-0.00708,0.0,,,,,,1.19,0.34,-0.26,0.0726,,,0.451,0.055,-0.407,2.724,0.202,-0.202,,,,90.7,8.7,-8.7,6.98472143,6.164e-05,-6.164e-05,0.008855,0.000432,-0.000587,17.69,6.4,-6.4,88.54,,,1059.0,,,5839.0,156.0,-174.0,4.279,0.175,-0.175,0.12,0.2,-0.3,1.227,0.36,-0.27,1.044,0.137,-0.125,,,,q1_q17_dr25_stellar,0.434,19.271609,1.5e-05,40.36609,0.00015,0.44,0.63,0.3,0.55,-4.2e-05,5.6e-05,-1.9e-05,4.9e-05,-0.08,0.2,0.16,0.21,0.18,0.21,-0.03,0.5,0.25,0.26,0.26,0.22,LPP_DV,2018-08-16 00:00:00,1.0,q1_q17_dr25_tce,005/005177/005177859/dv/kplr005177859-001-20160209194854_dvs.pdf,q1_q17_dr25_sup_koi,q1_q17_dr25_koi,2454968.997,0.00708,-0.00708,005/005177/005177859/dv/kplr005177859-20160209194854_dvr.pdf,0,0,0,0,297.15,255.24,-136.99,2.14824,1.54389,-0.50052,LS+MCMC,0.364,1
10340212,K08003.01,,292.11115,0.0,19h28m26.68s,47.452293,0.0,+47d27m08.3s,14.518,,13.766,,13.506,,,,14.94,0.059,14.232,0.063,13.793,0.067,13.81,,cumulative,Done,01111111111111111000000000000000,FALSE POSITIVE,FALSE POSITIVE,1,1409.0,3.464341,8.501308,0.163,Claret (2011 A&A 529 75) ATLAS LS,0.0,0.0,0.366,0.3573,Mandel and Agol (2002 ApJ 580 171),9.3,,,131.526,0.0153,-0.0153,0.0,,,,,,0.18,0.0,0.0,0.0085,,,0.457,0.028,-0.457,4.637,0.67,-0.67,,,,226.2,40.6,-40.6,0.93374894,1.45e-05,-1.45e-05,0.014217,0.002524,-0.000288,1.564,0.779,-0.779,73.02,,,433.0,,,2661.0,0.0,0.0,5.283,0.0,0.0,0.0,0.0,0.0,0.116,0.0,0.0,0.094,0.0,0.0,,,,q1_q17_dr25_stellar,0.0,19.473981,4.7e-05,47.45329,0.00047,-3.4,1.7,3.6,1.7,0.00034,0.00016,-0.00036,0.00016,-0.01,0.93,0.04,0.82,0.04,0.83,-0.25,0.91,-0.2,1.0,0.3,1.3,LPP_DV---CENT_RESOLVED_OFFSET---HALO_GHOST---EPHEM_MATCH,2018-08-16 00:00:00,1.0,q1_q17_dr25_tce,010/010340/010340212/dv/kplr010340212-001-20160209194854_dvs.pdf,q1_q17_dr25_sup_koi,q1_q17_dr25_koi,2454964.526,0.0153,-0.0153,010/010340/010340212/dv/kplr010340212-20160209194854_dvr.pdf,1,0,1,1,8.36,0.0,0.0,0.08306,0.53757,-0.05318,LS+MCMC,0.0,0
6599919,K00858.01,,289.89777,0.0,19h19m35.46s,42.009151,0.0,+42d00m32.9s,15.607,,14.999,,14.825,,14.697,,13.702,0.021,13.307,0.025,13.245,0.03,15.06,,cumulative,Done,11111111111111111000000000000000,CANDIDATE,CANDIDATE,1,101.0,36.547604,209.14677,0.9953,Claret (2011 A&A 529 75) ATLAS LS,0.0,0.0,0.2787,0.3728,Mandel and Agol (2002 ApJ 580 171),184.1,,,173.987319,0.000346,-0.000346,0.0,,,,,,19.02,4.92,-2.28,0.1061,,,1.081,0.347,-0.119,2.594,0.0194,-0.0194,,,,5732.9,38.1,-38.1,13.61014819,5.969e-06,-5.969e-06,0.192842,0.311636,-0.088824,20.24,2.2,-2.2,86.94,,,733.0,,,5697.0,154.0,-154.0,4.46,0.098,-0.182,-0.26,0.3,-0.3,0.903,0.234,-0.108,0.857,0.117,-0.072,,,,q1_q17_dr25_stellar,0.015,19.3265228,1.6e-06,42.009183,1.7e-05,0.191,0.063,0.118,0.06,-0.00066,0.00057,0.00021,0.00069,0.056,0.075,-0.045,0.07,0.072,0.073,0.139,0.077,0.08,0.069,0.16,0.075,DEEP_V_SHAPED,2018-08-16 00:00:00,1.0,q1_q17_dr25_tce,006/006599/006599919/dv/kplr006599919-001-20160209194854_dvs.pdf,q1_q17_dr25_sup_koi,q1_q17_dr25_koi,2455006.987,0.000346,-0.000346,006/006599/006599919/dv/kplr006599919-20160209194854_dvr.pdf,0,0,0,0,68.29,52.16,-20.86,0.84633,0.09034,-0.11004,LS+MCMC,0.0,1
4544572,K03950.01,,285.87708,0.0,19h03m30.50s,39.690689,0.0,+39d41m26.5s,16.205,,15.701,,15.543,,15.489,,14.612,0.034,14.231,0.039,14.252,0.063,15.741,,cumulative,Done,01111111111111111000000000000000,FALSE POSITIVE,FALSE POSITIVE,1,596.0,6.385112,28.251326,0.7307,Claret (2011 A&A 529 75) ATLAS LS,0.0,0.0,0.2916,0.3447,Mandel and Agol (2002 ApJ 580 171),150.7,,,132.082757,0.000915,-0.000915,0.0,,,,,,33.45,10.04,-3.36,0.0335,,,1.27,0.518,-0.148,5.1128,0.0436,-0.0436,,,,1871.5,14.8,-14.8,2.189092892,2.31e-06,-2.31e-06,0.317097,0.509112,-0.140228,1.723,0.603,-0.603,42.52,,,1446.0,,,6106.0,181.0,-217.0,4.487,0.05,-0.213,-0.16,0.25,-0.35,0.966,0.29,-0.097,1.043,0.14,-0.14,,,,q1_q17_dr25_stellar,0.0,19.058638,1.2e-05,39.69186,0.00014,6.92,0.51,4.19,0.52,-0.0031,0.00022,-0.00209,0.00023,3.13,0.52,1.311,0.097,3.39,0.48,3.01,0.51,0.89,0.13,3.14,0.49,LPP_DV---CENT_RESOLVED_OFFSET---HALO_GHOST---EPHEM_MATCH,2018-08-16 00:00:00,1.0,q1_q17_dr25_tce,004/004544/004544572/dv/kplr004544572-001-20160209194854_dvs.pdf,q1_q17_dr25_sup_koi,q1_q17_dr25_koi,2454965.083,0.000915,-0.000915,004/004544/004544572/dv/kplr004544572-20160209194854_dvr.pdf,1,0,1,1,1034.43,931.06,-310.12,0.02018,0.02118,-0.00314,LS+MCMC,0.0,0
7673841,K02585.02,Kepler-392 c,288.66077,0.0,19h14m38.58s,43.36808,0.0,+43d22m05.1s,13.791,,13.421,,13.311,,13.31,,12.414,0.023,12.151,0.018,12.121,0.015,13.455,,cumulative,Done,11111111111111111000000000000000,CONFIRMED,CANDIDATE,3,123.0,3.133254,8.874426,0.4411,Claret (2011 A&A 529 75) ATLAS LS,0.0,0.0,0.2676,0.3928,Mandel and Agol (2002 ApJ 580 171),11.2,,,135.15208,0.00674,-0.00674,0.0,,,,,,1.07,0.15,-0.19,0.0905,,,0.811,0.175,-0.591,2.341,0.214,-0.214,,,,71.2,7.5,-7.5,10.42317343,8.775e-05,-8.775e-05,0.008625,0.004353,-0.000956,20.41,9.5,-9.5,87.72,,,901.0,,,5767.0,115.0,-104.0,4.287,0.162,-0.108,-0.14,0.15,-0.15,1.135,0.165,-0.202,0.91,0.078,-0.052,,,,q1_q17_dr25_stellar,0.004,19.244029,3.1e-05,43.36754,0.00035,-0.8,1.2,-1.9,1.3,6.7e-05,8.6e-05,0.000157,8.8e-05,0.1,1.2,0.14,0.98,0.2,1.0,0.1,1.2,0.43,0.98,0.5,1.0,NO_COMMENT,2018-08-16 00:00:00,2.0,q1_q17_dr25_tce,007/007673/007673841/dv/kplr007673841-002-20160209194854_dvs.pdf,q1_q17_dr25_sup_koi,q1_q17_dr25_koi,2454968.152,0.00674,-0.00674,007/007673/007673841/dv/kplr007673841-20160209194854_dvr.pdf,0,0,0,0,155.7,65.35,-57.87,1.48008,6.92019,-1.42574,LS+MCMC,1.0,1
7367164,K07835.01,,293.13828,0.0,19h32m33.19s,42.965141,0.0,+42d57m54.5s,15.172,,14.627,,14.48,,14.395,,13.542,0.024,13.223,0.026,13.197,0.043,14.688,,cumulative,Done,11111111111111111000000000000000,CANDIDATE,CANDIDATE,1,353.0,3.1413853,7.37357,0.591,Claret (2011 A&A 529 75) ATLAS LS,0.0,0.0,0.2676,0.3928,Mandel and Agol (2002 ApJ 580 171),9.1,,,132.52476,0.00678,-0.00678,0.0,,,,,,0.87,0.23,-0.08,0.047,,,0.535,0.437,-0.323,1.557,0.233,-0.233,,,,92.4,12.2,-12.2,3.76565247,3.03e-05,-3.03e-05,0.009084,0.000405,-0.00093,15.82,4.1,-4.1,88.06,,,1108.0,,,5815.0,140.0,-157.0,4.54,0.044,-0.176,-0.12,0.3,-0.3,0.877,0.231,-0.077,0.973,0.104,-0.116,,,,q1_q17_dr25_stellar,0.032,19.542496,3.7e-05,42.96551,0.00041,-2.2,1.5,1.3,1.5,0.0002,0.00014,-0.00011,0.00014,1.17,0.73,1.23,0.36,1.7,0.6,1.09,0.73,1.3,0.36,1.7,0.57,NO_COMMENT,2018-08-16 00:00:00,1.0,q1_q17_dr25_tce,007/007367/007367164/dv/kplr007367164-001-20160209194854_dvs.pdf,q1_q17_dr25_sup_koi,q1_q17_dr25_koi,2454965.525,0.00678,-0.00678,007/007367/007367164/dv/kplr007367164-20160209194854_dvr.pdf,0,0,0,0,356.3,269.19,-90.57,5.28334,2.74188,-5.13848,LS+MCMC,0.825,1
11455484,K03673.01,,292.02893,0.0,19h28m06.94s,49.387688,0.0,+49d23m15.7s,16.507,,16.099,,16.0,,,,16.334,0.123,15.865,0.151,15.753,,16.152,,cumulative,Done,00000000011111111000000000000000,FALSE POSITIVE,FALSE POSITIVE,1,104.0,189.4192,1054.6343,0.313,Claret (2011 A&A 529 75) ATLAS LS,0.0,0.0,0.2622,0.4035,Mandel and Agol (2002 ApJ 580 171),316.1,,,135.16085,0.00105,-0.00105,0.0,,,,,,31.9,0.0,0.0,0.0658,,,0.477,0.009,-0.015,6.0751,0.0254,-0.0254,,,,96593.0,328.0,-328.0,6.142812722,5.787e-06,-5.787e-06,0.292113,0.00072,-0.001034,9.314,0.214,-0.214,87.06,,,994.0,,,5780.0,,,4.438,,,0.0,0.0,0.0,1.0,,,1.0,,,,,,Solar,0.0,19.468687397,4.6e-08,49.38808848,3.9e-07,3.2232,0.0016,1.4381,0.0014,0.04,0.05,0.021,0.077,-7.73,0.067,-4.485,0.069,8.937,0.068,-1.783,0.069,-0.998,0.072,2.043,0.07,MOD_SEC_DV---MOD_SEC_ALT---HAS_SEC_TCE---SEASONAL_DEPTH_DV---SEASONAL_DEPTH_ALT---CENT_KIC_POS,2018-08-16 00:00:00,1.0,q1_q17_dr25_tce,011/011455/011455484/dv/kplr011455484-001-20160209194854_dvs.pdf,q1_q17_dr25_sup_koi,q1_q17_dr25_koi,2454968.161,0.00105,-0.00105,011/011455/011455484/dv/kplr011455484-20160209194854_dvr.pdf,0,1,0,0,230.71,0.0,0.0,0.40504,0.0093,-0.00815,LS+MCMC,0.0,0
12644769,K01611.01,,289.07571,0.0,19h16m18.17s,51.757439,0.0,+51d45m26.8s,12.978,,11.734,,11.241,,10.942,,9.815,0.022,9.137,0.031,8.996,0.022,11.762,,cumulative,Done,11111111111111111000000000000000,FALSE POSITIVE,FALSE POSITIVE,1,33.0,4002.367,14980.483,0.0,Claret (2011 A&A 529 75) ATLAS LS,0.0,0.0,0.0833,0.6584,Mandel and Agol (2002 ApJ 580 171),5518.2,,,173.7358974,2.66e-05,-2.66e-05,0.0,,,,,,23.2,1.01,-0.94,0.2001,,,0.502,0.001,-0.001,6.20583,0.00187,-0.00187,,,,134484.0,32.8,-32.8,41.077590334,1.383e-06,-1.383e-06,0.342658,8.9e-05,-0.00011,62.9763,0.0765,-0.0765,89.54,,,346.0,,,4451.0,89.0,-89.0,4.654,0.022,-0.022,-0.3,0.15,-0.15,0.62,0.027,-0.025,0.633,0.033,-0.03,,,,q1_q17_dr25_stellar,,19.271718405,1.8e-08,51.75734529,2.3e-07,0.14724,0.0006,-0.34094,0.00083,0.0109,0.0083,,,-0.004,0.067,-0.008,0.067,0.009,0.067,0.158,0.067,-0.441,0.07,0.469,0.07,MOD_SEC_DV---MOD_SEC_ALT---MOD_ODDEVEN_DV---MOD_ODDEVEN_ALT---HAS_SEC_TCE---CENT_KIC_POS,2018-08-16 00:00:00,1.0,q1_q17_dr25_tce,012/012644/012644769/dv/kplr012644769-001-20160209194854_dvs.pdf,q1_q17_dr25_sup_koi,q1_q17_dr25_koi,2455006.736,2.66e-05,-2.66e-05,012/012644/012644769/dv/kplr012644769-20160209194854_dvr.pdf,0,1,0,0,3.37,0.61,-0.51,2.80013,0.0034,-0.00442,LS+MCMC,0.0,0
10858803,K04130.01,,290.73364,0.0,19h22m56.07s,48.207378,0.0,+48d12m26.6s,16.562,,15.538,,15.203,,15.026,,13.975,0.026,13.41,0.032,13.266,0.035,15.611,,cumulative,Done,11111111111111111000000000000000,FALSE POSITIVE,FALSE POSITIVE,1,1408.0,3.7574637,14.453146,0.9428,Claret (2011 A&A 529 75) ATLAS LS,0.0,0.0,0.0927,0.6563,Mandel and Agol (2002 ApJ 580 171),33.0,,,132.33436,0.00364,-0.00364,0.0,,,,,,1.13,0.05,-0.12,0.0175,,,0.013,0.383,-0.013,3.006,0.121,-0.121,,,,204.8,7.7,-7.7,0.952374508,3.88e-06,-3.88e-06,0.012572,0.000545,-0.000257,2.522,0.259,-0.259,89.7,,,1435.0,,,4754.0,143.0,-143.0,4.508,0.084,-0.036,0.46,0.05,-0.3,0.821,0.041,-0.083,0.791,0.046,-0.046,,,,q1_q17_dr25_stellar,0.206,19.382281,2.6e-05,48.20739,0.00025,1.38,0.92,0.04,0.89,-0.000121,8.4e-05,-2e-06,8.2e-05,-2.44,0.35,-0.41,0.46,2.48,0.36,-2.36,0.37,-0.31,0.43,2.38,0.37,MOD_SEC_DV---MOD_SEC_ALT---HAS_SEC_TCE---CENT_RESOLVED_OFFSET---EPHEM_MATCH,2018-08-16 00:00:00,1.0,q1_q17_dr25_tce,010/010858/010858803/dv/kplr010858803-001-20160209194854_dvs.pdf,q1_q17_dr25_sup_koi,q1_q17_dr25_koi,2454965.334,0.00364,-0.00364,010/010858/010858803/dv/kplr010858803-20160209194854_dvr.pdf,0,1,1,1,1006.13,242.59,-286.64,0.33439,0.03438,-0.09312,LS+MCMC,0.0,0
5738634,K03951.01,,299.70813,0.0,19h58m49.95s,40.921909,0.0,+40d55m18.9s,13.671,,13.208,,13.07,,13.031,,12.182,0.02,11.886,0.022,11.819,0.02,13.25,,cumulative,Done,11111111111111111000000000000000,FALSE POSITIVE,FALSE POSITIVE,1,560.0,4.3082886,22.606804,0.6225,Claret (2011 A&A 529 75) ATLAS LS,0.0,0.0,0.2941,0.3391,Mandel and Agol (2002 ApJ 580 171),27.1,,,133.22999,0.00574,-0.00574,0.0,,,,,,3.05,0.54,-1.34,0.0404,,,0.746,0.171,-0.507,4.07,0.177,-0.177,,,,70.6,3.1,-3.1,2.40435335,1.483e-05,-1.483e-05,0.008326,0.001076,-0.000631,3.18,1.3,-1.3,76.42,,,2454.0,,,6103.0,182.0,-163.0,3.568,0.36,-0.12,-0.22,0.35,-0.3,3.358,0.592,-1.479,1.522,0.201,-0.402,,,,q1_q17_dr25_stellar,0.0,19.980549,1.4e-05,40.92235,0.00014,0.3,0.57,1.59,0.5,3e-06,3.6e-05,-0.00013,3.2e-05,-1.18,0.47,0.87,0.44,1.46,0.51,-1.23,0.47,0.68,0.46,1.4,0.51,HALO_GHOST---EPHEM_MATCH,2018-08-16 00:00:00,1.0,q1_q17_dr25_tce,005/005738/005738634/dv/kplr005738634-001-20160209194854_dvs.pdf,q1_q17_dr25_sup_koi,q1_q17_dr25_koi,2454966.23,0.00574,-0.00574,005/005738/005738634/dv/kplr005738634-20160209194854_dvr.pdf,0,0,1,1,8577.88,4771.48,-6167.73,0.10489,0.17304,-0.06673,LS+MCMC,0.0,0
4459068,K06114.01,,290.02435,0.0,19h20m05.84s,39.563389,0.0,+39d33m48.2s,11.382,,11.483,,11.627,,11.72,,11.108,0.021,11.088,0.016,11.06,0.019,11.458,,cumulative,Done,11111111111111111000000000000000,FALSE POSITIVE,FALSE POSITIVE,1,53.0,189.044,976.05585,0.4292,Claret (2011 A&A 529 75) ATLAS LS,0.0,0.0,0.2797,0.2672,Mandel and Agol (2002 ApJ 580 171),555.6,,,149.094437,0.000126,-0.000126,0.0,,,,,,36.91,5.21,-15.62,0.2108,,,0.996,0.062,-0.012,2.76331,0.00816,-0.00816,,,,4856.1,11.4,-11.4,24.955998503,3.798e-06,-3.798e-06,0.112001,0.051869,-0.003028,34.08,1.2,-1.2,88.32,,,1438.0,,,8617.0,325.0,-758.0,3.78,0.408,-0.072,-0.22,0.15,-0.2,3.018,0.426,-1.277,2.002,0.319,-0.439,,,,q1_q17_dr25_stellar,,19.33495519,2.9e-07,39.5633706,4.3e-06,-0.088,0.012,-0.07,0.015,,,8e-05,0.00019,0.02,0.21,0.13,0.39,0.13,0.36,-0.03,0.2,0.12,0.39,0.13,0.42,MOD_SEC_DV---MOD_SEC_ALT---DEEP_V_SHAPED---CENT_SATURATED,2018-08-16 00:00:00,1.0,q1_q17_dr25_tce,004/004459/004459068/dv/kplr004459068-001-20160209194854_dvs.pdf,q1_q17_dr25_sup_koi,q1_q17_dr25_koi,2454982.094,0.000126,-0.000126,004/004459/004459068/dv/kplr004459068-20160209194854_dvr.pdf,0,1,0,0,1011.42,515.91,-778.54,1.20221,0.04296,-0.18925,LS+MCMC,0.0,0
10205598,K08198.01,,290.93597,0.0,19h23m44.63s,47.29073,0.0,+47d17m26.6s,15.534,,14.863,,14.643,,14.487,,13.487,0.022,13.066,0.018,12.926,0.023,14.911,,cumulative,Done,11111111111111111000000000000000,FALSE POSITIVE,FALSE POSITIVE,1,4.0,6.9918137,8.046221,0.2691,Claret (2011 A&A 529 75) ATLAS LS,0.0,0.0,0.2337,0.4535,Mandel and Agol (2002 ApJ 580 171),18.5,,,261.4968,0.0349,-0.0349,0.0,,,,,,2.51,0.27,-0.24,0.8885,,,0.963,0.067,-0.658,27.66,2.3,-2.3,,,,730.0,52.4,-52.4,373.89398,0.01661,-0.01661,0.032878,0.039922,-0.009555,38.5,19.1,-19.1,88.57,,,206.0,,,5263.0,157.0,-141.0,4.574,0.078,-0.052,-0.66,0.35,-0.3,0.699,0.074,-0.066,0.668,0.082,-0.032,,,,q1_q17_dr25_stellar,0.768,19.395705,6.2e-05,47.29065,0.00046,-1.0,2.3,-0.3,1.7,0.0006,0.0015,0.0003,0.0011,2.36,0.14,-0.99,0.16,2.55,0.14,2.37,0.14,-0.91,0.16,2.54,0.14,ALL_TRANS_CHASES---INCONSISTENT_TRANS---CENT_FEW_DIFFS,2018-08-16 00:00:00,3.0,q1_q17_dr25_tce,010/010205/010205598/dv/kplr010205598-003-20160209194854_dvs.pdf,q1_q17_dr25_sup_koi,q1_q17_dr25_koi,2455094.497,0.0349,-0.0349,010/010205/010205598/dv/kplr010205598-20160209194854_dvr.pdf,1,0,0,0,0.42,0.16,-0.11,0.00771,0.2831,-0.00537,LS+MCMC,0.008,0
8939211,K05586.01,,285.91354,0.0,19h03m39.25s,45.206799,0.0,+45d12m24.5s,14.624,,14.142,,13.976,,13.905,,13.018,0.025,12.591,0.022,12.532,0.02,14.17,,cumulative,Done,11111111111111111000000000000000,FALSE POSITIVE,FALSE POSITIVE,1,53.0,5.7874575,21.385672,0.8841,Claret (2011 A&A 529 75) ATLAS LS,0.0,0.0,0.3065,0.299,Mandel and Agol (2002 ApJ 580 171),139.4,,,135.6789,0.0277,-0.0277,0.0,,,,,,2.03,0.43,-0.26,0.162,,,0.957,0.002,-0.002,138.54,1.8,-1.8,,,,347.5,3.6,-3.6,27.0779813,0.0007735,-0.0007735,0.021829,0.000131,-0.000155,1.157386,0.0,0.0,34.22,,,597.0,,,5906.0,159.0,-159.0,4.467,0.112,-0.154,-0.76,0.3,-0.3,0.85,0.184,-0.107,0.773,0.091,-0.049,,,,q1_q17_dr25_stellar,0.342,19.060908,7.9e-06,45.206871,9.3e-05,0.23,0.3,0.26,0.34,-7e-05,0.00044,-4e-05,0.00062,-0.95,0.55,0.48,0.52,1.06,0.62,-1.0,0.53,0.55,0.41,1.14,0.55,LPP_DV,2018-08-16 00:00:00,1.0,q1_q17_dr25_tce,008/008939/008939211/dv/kplr008939211-001-20160209194854_dvs.pdf,q1_q17_dr25_sup_koi,q1_q17_dr25_koi,2454968.679,0.0277,-0.0277,008/008939/008939211/dv/kplr008939211-20160209194854_dvr.pdf,1,0,0,0,29.98,19.35,-9.44,4e-05,0.0,0.0,LS+MCMC,0.0,0
5564082,K06600.01,,299.11465,0.0,19h56m27.52s,40.748619,0.0,+40d44m55.0s,11.081,,10.66,,10.559,,10.527,,9.685,0.021,9.397,0.022,9.368,0.018,10.715,,cumulative,Done,11111111111111111000000000000000,CANDIDATE,CANDIDATE,1,497.0,41.957153,9.667887,,Claret (2011 A&A 529 75) ATLAS LS,0.0,0.0,0.2949,0.3347,Mandel and Agol (2002 ApJ 580 171),41.8,,,132.53726,0.00449,-0.00449,0.0,,,,,,0.69,0.25,-0.09,0.0365,,,0.6199,0.2962,-0.3618,6.56,0.156,-0.156,,,,46.9,1.3,-1.3,2.70581614,1.582e-05,-1.582e-05,0.00656,0.000873,-0.000271,2.616,0.898,-0.898,76.2,,,1356.0,,,5992.0,148.0,-152.0,4.42,0.098,-0.098,-0.44,0.3,-0.26,0.961,0.348,-0.123,0.884,0.125,-0.078,,,,stellar_q1_q17,0.0,19.940942,1.9e-05,40.74919,0.0002,-1.38,0.79,2.06,0.72,4.1e-05,2.1e-05,-4.7e-05,2e-05,-1.13,0.39,0.45,0.41,1.21,0.48,-0.59,0.41,0.5,0.4,0.78,0.41,EYEBALL---SATURATED,2018-08-16 00:00:00,1.0,q1_q17_dr24_tce,005/005564/005564082/dv/kplr005564082-001-20141002224145_dvs.pdf,q1_q17_dr25_sup_koi,q1_q17_dr24_koi,2454965.537,0.00449,-0.00449,005/005564/005564082/dv/kplr005564082-20141002224145_dvr.pdf,0,0,0,0,799.75,836.22,-251.02,0.04624,0.03174,-0.02897,MCMC,,1
5092266,K03045.01,Kepler-1896 b,289.67856,0.0,19h18m42.85s,40.249641,0.0,+40d14m58.7s,16.213,,15.69,,15.559,,15.486,,14.548,0.03,14.211,0.052,14.165,0.054,15.755,,cumulative,Done,00011111111111111000000000000000,CONFIRMED,CANDIDATE,1,26.0,4.1976824,14.334329,0.4919,Claret (2011 A&A 529 75) ATLAS LS,0.0,0.0,0.2889,0.3511,Mandel and Agol (2002 ApJ 580 171),16.4,,,141.11446,0.00915,-0.00915,0.0,,,,,,2.56,0.8,-0.27,0.2529,,,0.436,0.058,-0.406,4.199,0.197,-0.197,,,,636.1,44.9,-44.9,44.8702042,0.00045,-0.00045,0.023536,0.000825,-0.001279,75.6,23.2,-23.2,89.67,,,536.0,,,6122.0,192.0,-235.0,4.471,0.052,-0.208,-0.1,0.3,-0.3,0.996,0.312,-0.104,1.07,0.137,-0.15,,,,q1_q17_dr25_stellar,0.016,19.31189,2.1e-05,40.2499,0.00023,-0.56,0.86,0.95,0.81,0.00051,0.00053,-0.00065,0.00051,-0.27,0.28,0.07,0.48,0.28,0.29,-0.24,0.28,0.1,0.48,0.26,0.32,NO_COMMENT,2018-08-16 00:00:00,1.0,q1_q17_dr25_tce,005/005092/005092266/dv/kplr005092266-001-20160209194854_dvs.pdf,q1_q17_dr25_sup_koi,q1_q17_dr25_koi,2454974.114,0.00915,-0.00915,005/005092/005092266/dv/kplr005092266-20160209194854_dvr.pdf,0,0,0,0,19.5,18.55,-6.13,4.06187,2.49698,-0.52598,LS+MCMC,0.998,1
5940165,K02031.01,Kepler-1062 b,283.89941,0.0,18h55m35.86s,41.221611,0.0,+41d13m17.8s,15.853,,14.764,,14.342,,14.154,,13.025,0.023,12.444,0.022,12.333,0.023,14.796,,cumulative,Done,11110111011101110000000000000000,CONFIRMED,CANDIDATE,1,111.0,4.4031134,22.242569,0.258,Claret (2011 A&A 529 75) ATLAS LS,0.0,0.0,0.0775,0.666,Mandel and Agol (2002 ApJ 580 171),24.2,,,140.33868,0.00228,-0.00228,0.0,,,,,,1.67,0.12,-0.16,0.0748,,,0.488,0.011,-0.476,1.9254,0.0716,-0.0716,,,,637.3,31.1,-31.1,9.30413878,2.541e-05,-2.541e-05,0.023226,0.000168,-0.001772,33.2,10.2,-10.2,89.16,,,583.0,,,4458.0,133.0,-133.0,4.611,0.052,-0.024,-0.16,0.3,-0.3,0.658,0.046,-0.061,0.645,0.07,-0.051,,,,q1_q17_dr25_stellar,0.067,18.926617,1.2e-05,41.22137,0.00015,-0.41,0.51,-0.88,0.56,9e-05,0.00032,0.00041,0.00036,0.46,0.16,0.04,0.19,0.46,0.16,0.29,0.19,-0.06,0.19,0.29,0.19,NO_COMMENT,2018-08-16 00:00:00,1.0,q1_q17_dr25_tce,005/005940/005940165/dv/kplr005940165-001-20160209194854_dvs.pdf,q1_q17_dr25_sup_koi,q1_q17_dr25_koi,2454973.339,0.00228,-0.00228,005/005940/005940165/dv/kplr005940165-20160209194854_dvr.pdf,0,0,0,0,27.35,7.87,-7.4,8.00468,4.91468,-0.73197,LS+MCMC,1.0,1
3663141,K07663.01,,295.66324,0.0,19h42m39.18s,38.718243,0.0,+38d43m05.7s,13.507,,13.174,,13.117,,,,12.6,0.037,12.435,0.044,12.325,0.033,13.232,,cumulative,Done,10000011101110111000000000000000,FALSE POSITIVE,FALSE POSITIVE,1,317.0,4.75814,8.5462675,0.7822,Claret (2011 A&A 529 75) ATLAS LS,0.0,0.0,0.2622,0.4035,Mandel and Agol (2002 ApJ 580 171),13.6,,,132.9696,0.0188,-0.0188,0.0,,,,,,0.87,0.0,0.0,0.0344,,,0.72,0.218,-0.499,5.321,0.475,-0.475,,,,66.5,6.2,-6.2,2.31894284,4.549e-05,-4.549e-05,0.00801,0.001869,-0.000591,2.49,1.2,-1.2,73.2,,,1375.0,,,5780.0,,,4.438,,,0.0,0.0,0.0,1.0,,,1.0,,,,,,Solar,,19.710616,3e-05,38.71551,0.00039,-11.3,1.3,-9.8,1.4,,,0.00037,4.9e-05,,,,,,,,,,,,,LPP_DV---CENT_RESOLVED_OFFSET,2018-08-16 00:00:00,1.0,q1_q17_dr25_tce,003/003663/003663141/dv/kplr003663141-001-20160209194854_dvs.pdf,q1_q17_dr25_sup_koi,q1_q17_dr25_koi,2454965.97,0.0188,-0.0188,003/003663/003663141/dv/kplr003663141-20160209194854_dvr.pdf,1,0,1,0,844.12,0.0,0.0,0.05437,0.13451,-0.01287,LS+MCMC,0.016,0
10554999,K00534.02,Kepler-179 b,298.66373,0.0,19h54m39.30s,47.762039,0.0,+47d45m43.3s,15.241,,14.556,,14.344,,14.249,,13.278,0.026,12.873,0.03,12.75,0.026,14.613,,cumulative,Done,11111101110111011000000000000000,CONFIRMED,CANDIDATE,2,375.0,5.132911,37.10211,0.9062,Claret (2011 A&A 529 75) ATLAS LS,0.0,0.0,0.2043,0.4966,Mandel and Agol (2002 ApJ 580 171),44.5,,,171.0964,0.00128,-0.00128,0.0,,,,,,1.56,0.24,-0.13,0.0362,,,0.189,0.25,-0.189,1.9359,0.0432,-0.0432,,,,428.9,11.2,-11.2,2.735900074,4.502e-06,-4.502e-06,0.018704,0.000558,-0.000407,10.82,1.3,-1.3,89.0,,,1075.0,,,5299.0,159.0,-143.0,4.597,0.032,-0.097,-0.14,0.3,-0.3,0.766,0.113,-0.066,0.856,0.07,-0.104,,,,q1_q17_dr25_stellar,0.101,19.9109126,9.1e-06,47.762074,9.5e-05,-0.12,0.33,0.12,0.34,5e-05,0.00014,-0.00015,0.00014,0.07,0.16,-0.09,0.16,0.12,0.16,-0.2,0.16,-0.34,0.14,0.39,0.14,NO_COMMENT,2018-08-16 00:00:00,2.0,q1_q17_dr25_tce,010/010554/010554999/dv/kplr010554999-002-20160209194854_dvs.pdf,q1_q17_dr25_sup_koi,q1_q17_dr25_koi,2455004.096,0.00128,-0.00128,010/010554/010554999/dv/kplr010554999-20160209194854_dvr.pdf,0,0,0,0,315.95,152.33,-79.45,3.20543,0.38883,-0.8697,LS+MCMC,1.0,1
4947556,K03936.02,Kepler-1930 b,297.57712,0.0,19h50m18.51s,40.02771,0.0,+40d01m39.8s,14.063,,13.257,,13.025,,12.909,,11.882,0.021,11.457,0.025,11.289,0.018,13.336,,cumulative,Done,11111111111111111000000000000000,CONFIRMED,CANDIDATE,2,100.0,3.0285103,11.733149,0.7395,Claret (2011 A&A 529 75) ATLAS LS,0.0,0.0,0.1451,0.582,Mandel and Agol (2002 ApJ 580 171),11.4,,,139.14777,0.00254,-0.00254,0.0,,,,,,2.08,0.2,-0.18,0.1025,,,0.93,0.032,-0.664,0.785,0.106,-0.106,,,,356.6,45.1,-45.1,13.0267964,4.361e-05,-4.361e-05,0.022538,0.011664,-0.004657,54.0,26.9,-26.9,89.01,,,643.0,,,5083.0,152.0,-152.0,4.512,0.063,-0.07,0.22,0.2,-0.3,0.844,0.083,-0.074,0.844,0.058,-0.065,,,,q1_q17_dr25_stellar,0.133,19.838503,1.5e-05,40.02769,0.00018,1.18,0.62,-0.06,0.66,-0.00031,0.00021,-4e-05,0.00022,0.47,0.5,0.08,0.44,0.48,0.49,0.63,0.49,0.02,0.46,0.63,0.49,NO_COMMENT,2018-08-16 00:00:00,2.0,q1_q17_dr25_tce,004/004947/004947556/dv/kplr004947556-002-20160209194854_dvs.pdf,q1_q17_dr25_sup_koi,q1_q17_dr25_koi,2454972.148,0.00254,-0.00254,004/004947/004947556/dv/kplr004947556-20160209194854_dvr.pdf,0,0,0,0,40.51,14.47,-10.65,17.54038,532.58002,-10.80005,LS+MCMC,0.91,1
4544623,K06423.01,,285.89905,0.0,19h03m35.77s,39.690639,0.0,+39d41m26.3s,17.543,,16.158,,15.337,,14.895,,13.62,0.029,12.944,0.028,12.733,0.026,15.999,,cumulative,Done,00011111111111111000000000000000,FALSE POSITIVE,FALSE POSITIVE,1,523.0,5.8086767,28.17266,0.9192,Claret (2011 A&A 529 75) ATLAS LS,0.0,0.0,0.3976,0.3142,Mandel and Agol (2002 ApJ 580 171),13.5,,,132.0841,0.0144,-0.0144,0.0,,,,,,13.92,1.3,-1.41,0.0248,,,1.246,6.766,-0.1,5.768,0.645,-0.645,,,,3001.0,282.0,-282.0,2.189097,3.323e-05,-3.323e-05,0.313969,6.746787,-0.096236,1.75,0.874,-0.874,44.59,,,647.0,,,3624.0,58.0,-72.0,4.848,0.045,-0.036,-0.2,0.1,-0.1,0.406,0.038,-0.041,0.425,0.036,-0.044,,,,q1_q17_dr25_stellar,0.0,19.0599217,4.9e-06,39.690728,5.8e-05,-0.6,0.2,0.32,0.21,0.00243,0.00032,-0.00286,0.00036,-1.49,0.33,2.46,0.24,2.88,0.27,-0.53,0.5,0.96,0.29,1.1,0.34,MOD_SEC_ALT---DEEP_V_SHAPED---HAS_SEC_TCE---CENT_FEW_DIFFS---HALO_GHOST---EPHEM_MATCH,2018-08-16 00:00:00,1.0,q1_q17_dr25_tce,004/004544/004544623/dv/kplr004544623-001-20160209194854_dvs.pdf,q1_q17_dr25_sup_koi,q1_q17_dr25_koi,2454965.084,0.0144,-0.0144,004/004544/004544623/dv/kplr004544623-20160209194854_dvr.pdf,0,1,1,1,41.37,11.35,-10.51,0.02117,3.81511,-0.00105,LS+MCMC,0.0,0
5211470,K06541.01,,297.70847,0.0,19h50m50.03s,40.30759,0.0,+40d18m27.3s,14.194,,13.079,,12.623,,12.276,,11.009,0.024,10.361,0.022,10.192,0.017,13.094,,cumulative,Done,01111111111111111000000000000000,FALSE POSITIVE,FALSE POSITIVE,2,547.0,41.75545,429.70676,0.1177,Claret (2011 A&A 529 75) ATLAS LS,0.0,0.0,0.1557,0.5667,Mandel and Agol (2002 ApJ 580 171),471.2,,,132.755943,0.000239,-0.000239,0.0,,,,,,888.7,205.8,-382.1,0.0419,,,1.364,0.018,-0.19,4.4649,0.0116,-0.0116,,,,8150.9,20.4,-20.4,2.404293523,6.96e-07,-6.96e-07,0.477823,0.012061,-0.182266,2.727,0.636,-0.636,59.99,,,4178.0,,,4697.0,117.0,-117.0,2.204,0.331,-0.178,-0.42,0.3,-0.25,17.032,3.944,-7.324,1.691,0.164,-0.656,,,,q1_q17_dr25_stellar,0.0,19.84723438,1.4e-07,40.3075662,1.5e-06,0.0981,0.0056,-0.0857,0.0054,0.001,0.072,0.0,0.095,-0.06,0.067,-0.028,0.067,0.066,0.067,-0.024,0.067,0.008,0.068,0.025,0.067,PLANET_IN_STAR---DEPTH_ODDEVEN_DV---DEPTH_ODDEVEN_ALT---MOD_ODDEVEN_DV---MOD_ODDEVEN_ALT---DEEP_V_SHAPED,2018-08-16 00:00:00,1.0,q1_q17_dr25_tce,005/005211/005211470/dv/kplr005211470-001-20160209194854_dvs.pdf,q1_q17_dr25_sup_koi,q1_q17_dr25_koi,2454965.756,0.000239,-0.000239,005/005211/005211470/dv/kplr005211470-20160209194854_dvr.pdf,0,1,0,0,71976.93,48484.91,-50837.11,0.06639,0.01547,-0.00599,LS+MCMC,0.0,0
11017901,K01800.01,Kepler-447 b,285.26859,0.0,19h01m04.46s,48.560009,0.0,+48d33m36.0s,12.895,,12.35,,12.179,,12.119,,11.211,0.022,10.879,0.018,10.806,0.018,12.394,,cumulative,Done,11111110111011101000000000000000,CONFIRMED,CANDIDATE,1,139.0,44.335537,296.13614,0.3225,Claret (2011 A&A 529 75) ATLAS LS,0.0,0.0,0.2291,0.4603,Mandel and Agol (2002 ApJ 580 171),159.2,,,137.260385,0.0002,-0.0002,0.0,,,,,,16.51,2.16,-1.76,0.0742,,,1.06,0.39,-0.116,1.1081,0.0148,-0.0148,,,,3387.4,28.3,-28.3,7.794302043,1.963e-06,-1.963e-06,0.153996,0.372737,-0.078843,24.47,3.7,-3.7,87.52,,,882.0,,,5494.0,82.0,-73.0,4.405,0.11,-0.09,0.07,0.15,-0.15,0.982,0.128,-0.105,0.893,0.059,-0.041,,,,q1_q17_dr25_stellar,0.002,19.01789902,7.6e-07,48.5599326,7.2e-06,-0.249,0.027,-0.279,0.026,6e-05,0.0002,-0.00015,0.00028,-0.007,0.068,0.005,0.072,0.008,0.07,-0.19,0.069,-0.4,0.076,0.443,0.074,CENT_KIC_POS,2018-08-16 00:00:00,1.0,q1_q17_dr25_tce,011/011017/011017901/dv/kplr011017901-001-20160209194854_dvs.pdf,q1_q17_dr25_sup_koi,q1_q17_dr25_koi,2454970.26,0.0002,-0.0002,011/011017/011017901/dv/kplr011017901-20160209194854_dvr.pdf,0,0,0,0,142.82,50.79,-34.85,4.56215,0.695,-0.88574,LS+MCMC,1.0,1
7434875,K00884.03,Kepler-247 b,288.64252,0.0,19h14m34.20s,43.039291,0.0,+43d02m21.4s,15.794,,14.99,,14.755,,14.63,,13.597,0.022,13.178,0.024,13.051,0.026,15.067,,cumulative,Done,11111111111111111000000000000000,CONFIRMED,CANDIDATE,3,386.0,5.2665052,30.771297,0.5433,Claret (2011 A&A 529 75) ATLAS LS,0.0,0.0,0.1451,0.582,Mandel and Agol (2002 ApJ 580 171),41.6,,,135.31623,0.00109,-0.00109,0.0,,,,,,1.74,0.2,-0.12,0.0418,,,0.252,0.22,-0.252,1.9616,0.0333,-0.0333,,,,516.3,13.7,-13.7,3.336123113,4.359e-06,-4.359e-06,0.020396,0.000703,-0.000548,12.86,1.7,-1.7,88.88,,,970.0,,,5097.0,152.0,-152.0,4.597,0.025,-0.085,0.21,0.2,-0.35,0.779,0.093,-0.053,0.891,0.039,-0.097,,,,q1_q17_dr25_stellar,0.115,19.2428507,7e-06,43.039426,9.3e-05,0.63,0.28,0.49,0.33,-0.00012,0.00011,-0.00011,0.00014,-0.08,0.13,-0.06,0.15,0.1,0.14,0.07,0.12,0.15,0.16,0.16,0.15,NO_COMMENT,2018-08-16 00:00:00,3.0,q1_q17_dr25_tce,007/007434/007434875/dv/kplr007434875-003-20160209194854_dvs.pdf,q1_q17_dr25_sup_koi,q1_q17_dr25_koi,2454968.316,0.00109,-0.00109,007/007434/007434875/dv/kplr007434875-20160209194854_dvr.pdf,0,0,0,0,209.79,85.87,-48.36,3.61764,0.47571,-1.26714,LS+MCMC,1.0,1
12061238,K01502.01,,291.23114,0.0,19h24m55.47s,50.56702,0.0,+50d34m01.3s,15.895,,15.152,,14.904,,14.846,,13.78,0.027,13.294,0.033,13.27,0.036,15.202,,cumulative,Done,11111111111111111000000000000000,FALSE POSITIVE,FALSE POSITIVE,1,714.0,4.906174,31.572254,0.104,Claret (2011 A&A 529 75) ATLAS LS,0.0,0.0,0.2043,0.4966,Mandel and Agol (2002 ApJ 580 171),37.0,,,133.12761,0.00161,-0.00161,0.0,,,,,,1.57,0.22,-0.14,0.0281,,,0.302,0.341,-0.302,1.531,0.236,-0.236,,,,433.8,18.1,-18.1,1.876406096,3.559e-06,-3.559e-06,0.018916,0.002426,-0.00138,9.13,2.1,-2.1,88.11,,,1192.0,,,5198.0,169.0,-154.0,4.6,0.03,-0.09,-0.1,0.3,-0.3,0.759,0.107,-0.066,0.843,0.066,-0.091,,,,q1_q17_dr25_stellar,0.0,19.415502,1e-05,50.567293,9e-05,3.16,0.35,0.98,0.32,-0.00088,0.00015,-0.00057,0.00014,1.83,0.19,0.62,0.12,1.93,0.16,1.98,0.13,0.7,0.12,2.1,0.11,CENT_UNRESOLVED_OFFSET,2018-08-16 00:00:00,1.0,q1_q17_dr25_tce,012/012061/012061238/dv/kplr012061238-001-20160209194854_dvs.pdf,q1_q17_dr25_sup_koi,q1_q17_dr25_koi,2454966.128,0.00161,-0.00161,012/012061/012061238/dv/kplr012061238-20160209194854_dvr.pdf,0,0,1,0,476.68,228.59,-124.34,4.09292,0.93281,-2.67391,LS+MCMC,0.0,0
5802246,K01044.01,,295.09866,0.0,19h40m23.68s,41.007038,0.0,+41d00m25.3s,15.651,,15.02,,14.804,,14.676,,13.77,0.024,13.372,0.024,13.303,0.036,15.058,,cumulative,Done,11111011101110111000000000000000,FALSE POSITIVE,FALSE POSITIVE,1,2034.0,6.0325017,17.779419,1.0,Claret (2011 A&A 529 75) ATLAS LS,0.0,0.0,0.2521,0.421,Mandel and Agol (2002 ApJ 580 171),116.1,,,133.744359,0.000504,-0.000504,0.0,,,,,,23.61,5.28,-2.85,0.0119,,,1.226,0.483,-0.167,2.1441,0.0297,-0.0297,,,,747.5,8.1,-8.1,0.525154153,3.08e-07,-3.08e-07,0.255581,0.477673,-0.157385,1.337,0.638,-0.638,23.56,,,2073.0,,,5582.0,169.0,-152.0,4.497,0.081,-0.15,-0.3,0.3,-0.3,0.846,0.189,-0.102,0.819,0.106,-0.071,,,,q1_q17_dr25_stellar,0.0,19.672705,2.7e-05,41.00067,0.00028,-21.9,1.1,-22.9,1.0,0.001949,9.7e-05,0.002037,9e-05,-4.126,0.097,-4.25,0.11,5.93,0.12,-4.069,0.078,-4.366,0.074,5.969,0.083,MOD_SEC_ALT---CENT_RESOLVED_OFFSET---HALO_GHOST,2018-08-16 00:00:00,1.0,q1_q17_dr25_tce,005/005802/005802246/dv/kplr005802246-001-20160209194854_dvs.pdf,q1_q17_dr25_sup_koi,q1_q17_dr25_koi,2454966.744,0.000504,-0.000504,005/005802/005802246/dv/kplr005802246-20160209194854_dvr.pdf,0,1,1,0,4391.51,3014.22,-1350.21,0.164,0.23482,-0.04764,LS+MCMC,0.0,0
10074700,K05760.01,,291.62619,0.0,19h26m30.29s,47.08123,0.0,+47d04m52.4s,15.246,,14.553,,14.355,,14.19,,13.137,0.02,12.593,0.017,12.537,0.025,14.622,,cumulative,Done,11111111111111111000000000000000,FALSE POSITIVE,FALSE POSITIVE,1,4.0,152.32126,198.41777,,Claret (2011 A&A 529 75) ATLAS LS,0.0,0.0,0.2377,0.4488,Mandel and Agol (2002 ApJ 580 171),671.1,,,238.984,0.00437,-0.00437,0.0,,,,,,12.75,3.29,-1.29,0.9018,,,0.4173,0.043,-0.1914,32.263,0.428,-0.428,,,,27188.0,238.0,-238.0,365.620697,0.002917,-0.002917,0.152085,0.005326,-0.002382,93.0,22.9,-22.9,89.95,,,215.0,,,5273.0,176.0,-138.0,4.531,0.069,-0.21,-0.36,0.38,-0.26,0.768,0.198,-0.078,0.73,0.14,-0.051,,,,stellar_q1_q16,0.0,19.44174409,5.8e-07,47.0811619,4.7e-06,-0.07,0.021,-0.245,0.017,0.0023,0.0068,0.0017,0.01,-0.016,0.07,-0.032,0.082,0.036,0.08,-0.087,0.067,-0.195,0.087,0.213,0.084,SIG_SEC_IN_DV_MODEL_SHIFT---SIG_SEC_IN_ALT_MODEL_SHIFT---TOO_FEW_QUARTERS,2018-08-16 00:00:00,1.0,q1_q17_dr24_tce,010/010074/010074700/dv/kplr010074700-001-20141002224145_dvs.pdf,q1_q17_dr25_sup_koi,q1_q17_dr24_koi,2455071.984,0.00437,-0.00437,010/010074/010074700/dv/kplr010074700-20141002224145_dvr.pdf,0,1,0,0,0.5,0.41,-0.14,0.11372,0.02807,-0.00497,MCMC,,0
9307966,K04910.01,,300.75897,0.0,20h03m02.15s,45.71788,0.0,+45d43m04.4s,14.257,,13.798,,13.687,,13.635,,12.764,0.023,12.493,0.021,12.411,0.023,13.858,,cumulative,Done,11111111111111111000000000000000,FALSE POSITIVE,FALSE POSITIVE,1,199.0,2.7520943,7.43796,0.1515,Claret (2011 A&A 529 75) ATLAS LS,0.0,0.0,0.302,0.319,Mandel and Agol (2002 ApJ 580 171),8.3,,,132.48977,0.00995,-0.00995,0.0,,,,,,0.75,0.24,-0.08,0.0451,,,0.389,0.074,-0.389,3.085,0.335,-0.335,,,,53.8,7.5,-7.5,3.37487541,4.066e-05,-4.066e-05,0.006825,0.000473,-0.000577,7.79,2.4,-2.4,87.14,,,1287.0,,,6181.0,171.0,-214.0,4.464,0.052,-0.208,-0.14,0.25,-0.35,1.006,0.324,-0.108,1.074,0.139,-0.153,,,,q1_q17_dr25_stellar,0.0,20.050759,3.6e-05,45.71683,0.00037,6.0,1.4,-3.8,1.3,-0.00044,0.00012,0.00032,0.00011,6.2,1.1,-0.61,0.26,6.2,1.1,6.3,1.1,-0.62,0.27,6.3,1.1,CENT_UNRESOLVED_OFFSET,2018-08-16 00:00:00,1.0,q1_q17_dr25_tce,009/009307/009307966/dv/kplr009307966-001-20160209194854_dvs.pdf,q1_q17_dr25_sup_koi,q1_q17_dr25_koi,2454965.49,0.00995,-0.00995,009/009307/009307966/dv/kplr009307966-20160209194854_dvr.pdf,0,0,1,0,649.96,617.11,-200.15,0.78485,0.48959,-0.35923,LS+MCMC,0.072,0
5638699,K08256.01,,296.78223,0.0,19h47m07.74s,40.835541,0.0,+40d50m07.9s,14.709,,14.168,,14.006,,13.929,,12.998,0.024,12.672,0.025,12.643,0.034,14.217,,cumulative,Done,11111111111111111000000000000000,FALSE POSITIVE,FALSE POSITIVE,1,5.0,5.272145,7.629894,0.0001,Claret (2011 A&A 529 75) ATLAS LS,0.0,0.0,0.2638,0.4046,Mandel and Agol (2002 ApJ 580 171),8.4,,,203.9865,0.0669,-0.0669,0.0,,,,,,1.8,0.28,-0.34,0.9658,,,0.433,0.028,-0.433,18.94,2.5,-2.5,,,,179.6,28.3,-28.3,343.56446,0.02501,-0.02501,0.012412,0.001457,-0.00069,126.8,62.5,-62.5,89.8,,,298.0,,,5770.0,78.0,-78.0,4.2,0.176,-0.108,0.1,0.15,-0.15,1.326,0.206,-0.252,1.017,0.09,-0.065,,,,q1_q17_dr25_stellar,0.116,19.785493,3.4e-05,40.83608,0.00044,0.4,1.4,1.9,1.6,-0.00038,0.00025,1e-05,0.00029,,,,,,,,,,,,,LPP_DV---CENT_FEW_DIFFS,2018-08-16 00:00:00,1.0,q1_q17_dr25_tce,005/005638/005638699/dv/kplr005638699-001-20160209194854_dvs.pdf,q1_q17_dr25_sup_koi,q1_q17_dr25_koi,2455036.987,0.0669,-0.0669,005/005638/005638699/dv/kplr005638699-20160209194854_dvr.pdf,1,0,0,0,1.87,0.76,-0.71,0.32672,0.64419,-0.32054,LS+MCMC,0.11,0
5513012,K02668.01,Kepler-1310 b,283.92004,0.0,18h55m40.81s,40.740131,0.0,+40d44m24.5s,14.68,,14.098,,13.936,,13.834,,12.912,0.022,12.516,0.019,12.436,0.021,14.159,,cumulative,Done,11110111011101110000000000000000,CONFIRMED,CANDIDATE,1,1523.0,4.846571,31.984018,0.9982,Claret (2011 A&A 529 75) ATLAS LS,0.0,0.0,0.224,0.4695,Mandel and Agol (2002 ApJ 580 171),36.7,,,132.856178,0.000984,-0.000984,0.0,,,,,,1.4,0.16,-0.08,0.0148,,,0.209,0.239,-0.209,1.2188,0.0366,-0.0366,,,,240.7,7.7,-7.7,0.679336747,8.23e-07,-8.23e-07,0.014073,0.000472,-0.000382,4.269,0.568,-0.568,87.19,,,1883.0,,,5440.0,73.0,-81.0,4.491,0.045,-0.098,0.21,0.15,-0.15,0.913,0.103,-0.055,0.942,0.043,-0.051,,,,q1_q17_dr25_stellar,0.322,18.9279981,6.8e-06,40.740089,7.8e-05,-0.16,0.28,-0.15,0.28,-2.4e-05,5.4e-05,-3.9e-05,5.4e-05,0.1,0.1,-0.15,0.17,0.18,0.17,0.06,0.1,-0.33,0.17,0.34,0.18,NO_COMMENT,2018-08-16 00:00:00,1.0,q1_q17_dr25_tce,005/005513/005513012/dv/kplr005513012-001-20160209194854_dvs.pdf,q1_q17_dr25_sup_koi,q1_q17_dr25_koi,2454965.856,0.000984,-0.000984,005/005513/005513012/dv/kplr005513012-20160209194854_dvr.pdf,0,0,0,0,2982.78,913.26,-501.97,3.18974,0.4241,-1.05401,LS+MCMC,1.0,1
2997459,K04389.01,,293.13098,0.0,19h32m31.44s,38.159679,0.0,+38d09m34.8s,15.701,,14.947,,14.771,,14.942,,13.798,0.037,13.545,0.043,13.415,0.048,15.05,,cumulative,Done,11111111111111111000000000000000,CANDIDATE,CANDIDATE,1,81.0,5.167172,10.43654,0.1094,Claret (2011 A&A 529 75) ATLAS LS,0.0,0.0,0.2396,0.4415,Mandel and Agol (2002 ApJ 580 171),12.1,,,132.20816,0.00723,-0.00723,0.0,,,,,,1.27,0.34,-0.19,0.1186,,,0.066,0.376,-0.066,3.597,0.197,-0.197,,,,225.9,20.9,-20.9,16.3368863,0.0001677,-0.0001677,0.013517,0.000962,-0.000588,35.09,6.0,-6.0,89.89,,,642.0,,,5410.0,334.0,-371.0,4.49,0.094,-0.175,-0.1,0.3,-0.3,0.859,0.235,-0.126,0.834,0.136,-0.094,,,,q1_q17_dr25_stellar,0.0,19.542068,3.1e-05,38.16049,0.00034,0.1,1.3,2.9,1.2,-3e-05,0.00028,-0.0007,0.00027,-0.49,0.52,1.53,0.57,1.6,0.48,-0.65,0.52,1.92,0.55,2.03,0.46,CENT_KIC_POS,2018-08-16 00:00:00,1.0,q1_q17_dr25_tce,002/002997/002997459/dv/kplr002997459-001-20160209194854_dvs.pdf,q1_q17_dr25_sup_koi,q1_q17_dr25_koi,2454965.208,0.00723,-0.00723,002/002997/002997459/dv/kplr002997459-20160209194854_dvr.pdf,0,0,0,0,40.22,42.68,-18.18,3.06312,0.52019,-1.31109,LS+MCMC,0.571,1
6606653,K01224.01,,291.98694,0.0,19h27m56.87s,42.037651,0.0,+42d02m15.5s,14.015,,13.651,,13.589,,13.556,,12.772,0.021,12.559,0.02,12.518,0.025,13.717,,cumulative,Done,11111111111111111000000000000000,FALSE POSITIVE,FALSE POSITIVE,1,505.0,161.48936,2053.0015,0.9151,Claret (2011 A&A 529 75) ATLAS LS,0.0,0.0,0.3103,0.2947,Mandel and Agol (2002 ApJ 580 171),647.1,,,136.32786,0.000791,-0.000791,0.0,,,,,,52.51,16.96,-6.07,0.0406,,,1.3,0.056,-0.047,23.192,0.18,-0.18,,,,6721.2,30.8,-30.8,2.698021895,2.615e-06,-2.615e-06,0.397083,0.052437,-0.044426,1.418,0.145,-0.145,23.5,,,1582.0,,,6568.0,161.0,-201.0,4.36,0.065,-0.208,-0.06,0.25,-0.3,1.211,0.391,-0.14,1.229,0.174,-0.174,,,,q1_q17_dr25_stellar,0.0,19.465793312,9.3e-08,42.0376513,1e-06,-0.1319,0.0037,0.0046,0.0037,-0.00025,0.00033,-0.00033,0.00045,0.02,0.068,0.041,0.068,0.046,0.067,-0.036,0.068,0.037,0.069,0.051,0.069,SWEET_EB---MOD_SEC_ALT---HAS_SEC_TCE,2018-08-16 00:00:00,1.0,q1_q17_dr25_tce,006/006606/006606653/dv/kplr006606653-001-20160209194854_dvs.pdf,q1_q17_dr25_sup_koi,q1_q17_dr25_koi,2454969.328,0.000791,-0.000791,006/006606/006606653/dv/kplr006606653-20160209194854_dvr.pdf,0,1,0,0,1481.76,1375.06,-458.29,0.00741,0.00076,-0.00076,LS+MCMC,0.285,0
7670485,K06900.01,,287.12943,0.0,19h08m31.06s,43.344131,0.0,+43d20m38.9s,14.88,,14.357,,14.205,,14.145,,13.194,0.021,12.842,0.022,12.802,0.021,14.408,,cumulative,Done,11111111111111111000000000000000,FALSE POSITIVE,FALSE POSITIVE,1,318.0,617.47906,6199.2515,0.0,Claret (2011 A&A 529 75) ATLAS LS,0.0,0.0,0.2787,0.3728,Mandel and Agol (2002 ApJ 580 171),976.0,,,139.412302,0.000103,-0.000103,0.0,,,,,,43.98,12.94,-4.33,0.0794,,,1.054,0.016,-0.016,4.05376,0.00499,-0.00499,,,,77323.6,75.4,-75.4,8.467706136,1.058e-06,-1.058e-06,0.477765,0.012935,-0.012725,16.574,0.383,-0.383,86.35,,,844.0,,,5873.0,146.0,-161.0,4.554,0.036,-0.204,-0.3,0.3,-0.3,0.843,0.248,-0.083,0.93,0.108,-0.108,,,,q1_q17_dr25_stellar,0.0,19.14195183,3.3e-08,43.34411486,3.4e-07,-0.3994,0.0013,-0.0545,0.0012,0.0415,0.0096,0.021,0.013,-0.575,0.067,-0.287,0.067,0.642,0.067,-0.435,0.067,-0.175,0.067,0.469,0.067,LPP_DV,2018-08-16 00:00:00,1.0,q1_q17_dr25_tce,007/007670/007670485/dv/kplr007670485-001-20160209194854_dvs.pdf,q1_q17_dr25_sup_koi,q1_q17_dr25_koi,2454972.412,0.000103,-0.000103,007/007670/007670485/dv/kplr007670485-20160209194854_dvr.pdf,1,0,0,0,120.02,101.76,-32.73,1.20111,0.02776,-0.01361,LS+MCMC,0.0,0
8409588,K00690.01,,281.50342,0.0,18h46m00.82s,44.409458,0.0,+44d24m34.0s,13.925,,13.546,,13.447,,13.452,,12.595,0.023,12.273,0.018,12.225,0.015,13.591,,cumulative,Done,11111111111111111000000000000000,FALSE POSITIVE,FALSE POSITIVE,1,978.0,19.967909,280.71524,0.0,Claret (2011 A&A 529 75) ATLAS LS,0.0,0.0,0.3029,0.3026,Mandel and Agol (2002 ApJ 580 171),169.8,,,169.709729,0.000237,-0.000237,0.0,,,,,,7.24,2.18,-0.55,0.0238,,,1.008,0.083,-0.056,1.4886,0.0224,-0.0224,,,,1570.5,12.4,-12.4,1.360834768,3.99e-07,-3.99e-07,0.076031,0.069111,-0.02982,2.82,0.821,-0.821,69.05,,,1660.0,,,6215.0,172.0,-172.0,4.543,0.038,-0.212,-0.5,0.3,-0.3,0.872,0.262,-0.066,0.968,0.105,-0.117,,,,q1_q17_dr25_stellar,0.0,18.7668825,1.1e-06,44.409478,1e-05,-0.443,0.043,0.063,0.037,0.000272,6.7e-05,-0.000128,6.7e-05,-0.239,0.085,0.119,0.072,0.267,0.083,-0.198,0.086,0.132,0.074,0.238,0.082,DEPTH_ODDEVEN_DV---DEPTH_ODDEVEN_ALT---MOD_ODDEVEN_DV---MOD_ODDEVEN_ALT,2018-08-16 00:00:00,1.0,q1_q17_dr25_tce,008/008409/008409588/dv/kplr008409588-001-20160209194854_dvs.pdf,q1_q17_dr25_sup_koi,q1_q17_dr25_koi,2455002.71,0.000237,-0.000237,008/008409/008409588/dv/kplr008409588-20160209194854_dvr.pdf,0,1,0,0,1792.47,1588.71,-423.69,0.22912,0.13346,-0.03553,LS+MCMC,0.0,0
7386391,K07837.01,,297.92322,0.0,19h51m41.57s,42.938789,0.0,+42d56m19.6s,15.892,,15.319,,15.139,,15.06,,14.086,0.028,13.741,0.032,13.921,,15.365,,cumulative,Done,11111111111111111000000000000000,FALSE POSITIVE,FALSE POSITIVE,1,27.0,4.776902,9.525673,0.8101,Claret (2011 A&A 529 75) ATLAS LS,0.0,0.0,0.2889,0.3511,Mandel and Agol (2002 ApJ 580 171),11.4,,,148.3182,0.02,-0.02,0.0,,,,,,2.06,0.67,-0.23,0.2621,,,0.944,0.023,-0.699,8.984,0.744,-0.744,,,,288.9,30.3,-30.3,48.507991,0.001139,-0.001139,0.019503,0.003345,-0.004348,15.87,7.9,-7.9,86.59,,,511.0,,,6031.0,189.0,-232.0,4.476,0.056,-0.224,-0.12,0.25,-0.3,0.966,0.315,-0.105,1.013,0.139,-0.126,,,,q1_q17_dr25_stellar,0.0,19.859895,3.5e-05,42.92413,0.00035,-65.3,1.4,-52.8,1.2,0.01946,0.00041,0.01554,0.00037,,,,,,,,,,,,,CENT_RESOLVED_OFFSET,2018-08-16 00:00:00,1.0,q1_q17_dr25_tce,007/007386/007386391/dv/kplr007386391-001-20160209194854_dvs.pdf,q1_q17_dr25_sup_koi,q1_q17_dr25_koi,2454981.318,0.02,-0.02,007/007386/007386391/dv/kplr007386391-20160209194854_dvr.pdf,0,0,1,0,16.08,15.92,-5.16,0.03215,0.79959,-0.02207,LS+MCMC,0.09,0
6066403,K01045.01,,298.13589,0.0,19h52m32.61s,41.332062,0.0,+41d19m55.4s,14.055,,13.51,,13.341,,13.265,,12.376,0.023,12.09,0.027,12.026,0.021,13.555,,cumulative,Done,11111111111111111000000000000000,FALSE POSITIVE,FALSE POSITIVE,1,1027.0,11.451679,51.95045,0.8032,Claret (2011 A&A 529 75) ATLAS LS,0.0,0.0,0.2711,0.3858,Mandel and Agol (2002 ApJ 580 171),140.6,,,134.212059,0.000781,-0.000781,0.0,,,,,,27.85,7.53,-3.25,0.0224,,,1.258,0.334,-0.178,4.0541,0.0379,-0.0379,,,,598.2,5.1,-5.1,1.303861044,1.192e-06,-1.192e-06,0.282709,0.330267,-0.171425,1.408,0.581,-0.581,26.7,,,1610.0,,,5758.0,155.0,-155.0,4.475,0.078,-0.182,-0.24,0.3,-0.3,0.902,0.244,-0.105,0.887,0.11,-0.09,,,,q1_q17_dr25_stellar,,19.8745446,3.1e-06,41.333147,3.8e-05,-47.9,0.12,3.91,0.14,0.008465,2.1e-05,,,,,,,,,,,,,,,CENT_RESOLVED_OFFSET---EPHEM_MATCH,2018-08-16 00:00:00,1.0,q1_q17_dr25_tce,006/006066/006066403/dv/kplr006066403-001-20160209194854_dvs.pdf,q1_q17_dr25_sup_koi,q1_q17_dr25_koi,2454967.212,0.000781,-0.000781,006/006066/006066403/dv/kplr006066403-20160209194854_dvr.pdf,0,0,1,1,1595.19,1268.41,-478.56,0.03107,0.02566,-0.00856,LS+MCMC,0.0,0
12365184,K01474.01,Kepler-419 b,295.41788,0.0,19h41m40.29s,51.184761,0.0,+51d11m05.1s,13.276,,12.969,,12.889,,12.879,,12.088,0.02,11.899,0.019,11.859,0.018,13.005,,cumulative,Done,11111111111111111000000000000000,CONFIRMED,CANDIDATE,1,20.0,60.760292,177.54475,0.6666,Claret (2011 A&A 529 75) ATLAS LS,0.0,0.0,0.3189,0.2981,Mandel and Agol (2002 ApJ 580 171),300.7,,,196.093243,0.000276,-0.000276,0.0,,,,,,11.65,2.12,-2.12,0.371,,,0.019,0.149,-0.019,3.7177,0.0108,-0.0108,,,,4491.2,17.4,-17.4,69.72646639,2.38e-05,-2.38e-05,0.061648,0.000246,-0.000122,152.089,0.177,-0.177,89.99,,,613.0,,,6430.0,77.0,-83.0,4.107,0.149,-0.122,0.2,0.15,-0.15,1.731,0.315,-0.315,1.398,0.121,-0.121,,,,q1_q17_dr25_stellar,0.54,19.69453822,9.9e-07,51.184905,1e-05,0.414,0.033,0.522,0.037,7e-05,0.00036,-7e-05,0.00055,0.006,0.074,0.009,0.072,0.01,0.077,0.089,0.076,0.062,0.071,0.109,0.075,NO_COMMENT,2018-08-16 00:00:00,1.0,q1_q17_dr25_tce,012/012365/012365184/dv/kplr012365184-001-20160209194854_dvs.pdf,q1_q17_dr25_sup_koi,q1_q17_dr25_koi,2455029.093,0.000276,-0.000276,012/012365/012365184/dv/kplr012365184-20160209194854_dvr.pdf,0,0,0,0,33.3,15.5,-12.14,13.68843,0.01595,-0.95533,LS+MCMC,0.985,1
6364215,K02404.01,,291.87799,0.0,19h27m30.72s,41.769581,0.0,+41d46m10.5s,16.22,,15.607,,15.415,,15.366,,14.3,0.029,13.992,0.049,14.076,0.059,15.656,,cumulative,Done,01111111111111111000000000000000,CANDIDATE,CANDIDATE,2,434.0,3.334205,11.602652,0.7894,Claret (2011 A&A 529 75) ATLAS LS,0.0,0.0,0.2676,0.3928,Mandel and Agol (2002 ApJ 580 171),15.3,,,132.26789,0.00498,-0.00498,0.0,,,,,,1.65,0.49,-0.2,0.0318,,,0.979,0.024,-0.703,2.8182,0.0914,-0.0914,,,,169.1,12.5,-12.5,2.10081629,1.482e-05,-1.482e-05,0.016455,0.001346,-0.005036,1.846,0.918,-0.918,57.97,,,1378.0,,,5815.0,175.0,-210.0,4.5,0.052,-0.195,-0.08,0.3,-0.3,0.918,0.275,-0.11,0.974,0.113,-0.113,,,,q1_q17_dr25_stellar,0.516,19.458545,2.8e-05,41.76944,0.00028,0.5,1.1,-0.5,1.0,-9e-05,0.00018,7e-05,0.00016,0.09,0.44,0.27,0.32,0.28,0.34,0.13,0.45,0.07,0.31,0.15,0.42,NO_COMMENT,2018-08-16 00:00:00,2.0,q1_q17_dr25_tce,006/006364/006364215/dv/kplr006364215-002-20160209194854_dvs.pdf,q1_q17_dr25_sup_koi,q1_q17_dr25_koi,2454965.268,0.00498,-0.00498,006/006364/006364215/dv/kplr006364215-20160209194854_dvr.pdf,0,0,0,0,852.78,768.81,-282.51,0.02697,1.60994,-0.04508,LS+MCMC,0.972,1
8559863,K07058.01,,291.7309,0.0,19h26m55.42s,44.622631,0.0,+44d37m21.5s,13.275,,12.661,,12.486,,12.385,,11.403,0.021,11.002,0.019,10.911,0.016,12.723,,cumulative,Done,11111111111111111000000000000000,FALSE POSITIVE,FALSE POSITIVE,1,59.0,864.2595,4153.327,0.712,Claret (2011 A&A 529 75) ATLAS LS,0.0,0.0,0.2337,0.4535,Mandel and Agol (2002 ApJ 580 171),2393.2,,,143.284831,7.84e-05,-7.84e-05,0.0,,,,,,19.12,2.8,-1.29,0.1427,,,0.86,0.007,-0.001,7.39097,0.0057,-0.0057,,,,45979.0,29.7,-29.7,22.470494368,2.116e-06,-2.116e-06,0.251225,0.003389,-0.000786,21.14,0.283,-0.283,87.67,,,518.0,,,5315.0,159.0,-143.0,4.636,0.03,-0.09,-0.44,0.3,-0.3,0.697,0.102,-0.047,0.772,0.074,-0.074,,,,q1_q17_dr25_stellar,,19.448724154,4e-08,44.62258118,4.7e-07,-0.1209,0.0016,-0.1757,0.0017,-0.0004,0.0019,,,0.024,0.067,0.009,0.067,0.025,0.067,-0.155,0.068,-0.226,0.067,0.274,0.068,MOD_SEC_DV---MOD_SEC_ALT---MOD_ODDEVEN_ALT---DEEP_V_SHAPED---HAS_SEC_TCE,2018-08-16 00:00:00,1.0,q1_q17_dr25_tce,008/008559/008559863/dv/kplr008559863-001-20160209194854_dvs.pdf,q1_q17_dr25_sup_koi,q1_q17_dr25_koi,2454976.285,7.84e-05,-7.84e-05,008/008559/008559863/dv/kplr008559863-20160209194854_dvr.pdf,0,1,0,0,17.04,8.15,-3.75,0.35395,0.00474,-0.00267,LS+MCMC,0.0,0
3561464,K03398.02,Kepler-1487 c,295.49811,0.0,19h41m59.55s,38.644501,0.0,+38d38m40.2s,13.786,,13.445,,13.361,,13.349,,12.556,0.021,12.311,0.018,12.289,0.017,13.489,,cumulative,Done,11111011101110111000000000000000,CONFIRMED,CANDIDATE,3,33.0,5.2988043,15.342841,0.5701,Claret (2011 A&A 529 75) ATLAS LS,0.0,0.0,0.2657,0.4109,Mandel and Agol (2002 ApJ 580 171),25.0,,,144.92169,0.00935,-0.00935,0.0,,,,,,7.97,1.39,-2.77,0.2588,,,0.043,0.402,-0.043,8.219,0.208,-0.208,,,,417.4,17.5,-17.5,35.8007112,0.0003713,-0.0003713,0.018458,0.000793,-0.000464,33.86,3.1,-3.1,89.93,,,991.0,,,5745.0,86.0,-77.0,3.499,0.259,-0.129,0.4,0.05,-0.15,3.955,0.688,-1.376,1.801,0.193,-0.359,,,,q1_q17_dr25_stellar,0.946,19.6998719,7.1e-06,38.644351,8.5e-05,-0.09,0.3,-0.53,0.31,3e-05,0.00014,-1e-05,0.00014,-0.1,0.18,0.25,0.18,0.27,0.22,-0.2,0.16,-0.13,0.13,0.24,0.15,CENT_KIC_POS,2018-08-16 00:00:00,1.0,q1_q17_dr25_tce,003/003561/003561464/dv/kplr003561464-001-20160209194854_dvs.pdf,q1_q17_dr25_sup_koi,q1_q17_dr25_koi,2454977.922,0.00935,-0.00935,003/003561/003561464/dv/kplr003561464-20160209194854_dvr.pdf,0,0,0,0,227.68,105.32,-135.95,0.5732,0.05272,-0.18092,LS+MCMC,0.996,1
7369523,K06870.01,,293.8414,0.0,19h35m21.94s,42.948139,0.0,+42d56m53.3s,15.334,,14.859,,14.721,,14.639,,13.786,0.023,13.464,0.028,13.421,0.036,14.905,,cumulative,Done,11111111111111111000000000000000,FALSE POSITIVE,FALSE POSITIVE,1,510.0,1590.309,19001.207,-1.0,Claret (2011 A&A 529 75) ATLAS LS,0.0,0.0,0.3058,0.3071,Mandel and Agol (2002 ApJ 580 171),5776.1,,,133.3208183,2.75e-05,-2.75e-05,0.0,,,,,,61.52,17.95,-6.01,0.0376,,,0.634,0.002,-0.004,6.98414,0.00093,-0.00093,,,,305233.0,24.4,-24.4,2.659418888,8.9e-08,-8.9e-08,0.604473,0.001004,-0.002747,4.4191,0.0146,-0.0146,81.75,,,1352.0,,,6156.0,183.0,-202.0,4.5,0.052,-0.208,-0.32,0.3,-0.35,0.932,0.272,-0.091,1.0,0.127,-0.127,,,,q1_q17_dr25_stellar,,19.589424526,1.3e-08,42.94813948,1.3e-07,-0.05826,0.00051,-0.00187,0.00048,0.022,0.049,,,-0.027,0.067,-0.006,0.067,0.027,0.067,-0.108,0.068,-0.032,0.068,0.112,0.068,MOD_ODDEVEN_DV---MOD_ODDEVEN_ALT---DEEP_V_SHAPED,2018-08-16 00:00:00,1.0,q1_q17_dr25_tce,007/007369/007369523/dv/kplr007369523-001-20160209194854_dvs.pdf,q1_q17_dr25_sup_koi,q1_q17_dr25_koi,2454966.321,2.75e-05,-2.75e-05,007/007369/007369523/dv/kplr007369523-20160209194854_dvr.pdf,0,1,0,0,789.69,692.04,-227.01,0.23083,0.00076,-0.00093,LS+MCMC,0.0,0
4579313,K03884.01,,296.05884,0.0,19h44m14.12s,39.613579,0.0,+39d36m48.9s,15.378,,14.779,,14.567,,14.482,,13.631,0.037,13.098,0.041,13.089,0.044,14.811,,cumulative,Done,11111011101110111000000000000000,FALSE POSITIVE,FALSE POSITIVE,1,512.0,14.53554,72.62495,0.5208,Claret (2011 A&A 529 75) ATLAS LS,0.0,0.0,0.2521,0.421,Mandel and Agol (2002 ApJ 580 171),42.2,,,132.97515,0.00152,-0.00152,0.0,,,,,,19.01,3.98,-1.41,0.0303,,,1.207,5.812,-0.038,2.5845,0.0795,-0.0795,,,,489.0,14.1,-14.1,2.112405306,3.989e-06,-3.989e-06,0.230297,5.797111,-0.037727,1.919,0.954,-0.954,51.03,,,1225.0,,,5562.0,169.0,-152.0,4.601,0.034,-0.136,-0.38,0.3,-0.3,0.756,0.158,-0.056,0.845,0.078,-0.097,,,,q1_q17_dr25_stellar,0.0,19.7378637,5.9e-06,39.619096,6.7e-05,25.28,0.25,19.86,0.24,-0.01919,0.00018,-0.01353,0.00018,4.945,0.096,5.48,0.11,7.38,0.11,4.455,0.069,5.995,0.069,7.469,0.069,MOD_SEC_DV---MOD_SEC_ALT---HAS_SEC_TCE---CENT_RESOLVED_OFFSET---EPHEM_MATCH,2018-08-16 00:00:00,1.0,q1_q17_dr25_tce,004/004579/004579313/dv/kplr004579313-001-20160209194854_dvs.pdf,q1_q17_dr25_sup_koi,q1_q17_dr25_koi,2454965.975,0.00152,-0.00152,004/004579/004579313/dv/kplr004579313-20160209194854_dvr.pdf,0,1,1,1,533.2,345.29,-124.03,0.02998,1.81748,-0.00022,LS+MCMC,0.0,0
11350634,K08050.01,,291.96802,0.0,19h27m52.32s,49.115311,0.0,+49d06m55.1s,13.543,,12.721,,12.475,,12.322,,11.264,0.02,10.821,0.018,10.716,0.014,12.795,,cumulative,Done,11111111111111111000000000000000,CANDIDATE,CANDIDATE,1,4.0,4.7224183,7.1075773,0.8216,Claret (2011 A&A 529 75) ATLAS LS,0.0,0.0,0.1585,0.5703,Mandel and Agol (2002 ApJ 580 171),11.2,,,299.537,0.0213,-0.0213,0.0,,,,,,6.81,1.03,-1.77,0.9633,,,0.12,0.338,-0.12,10.43,0.78,-0.78,,,,262.8,26.8,-26.8,278.38935,0.01117,-0.01117,0.014366,0.00102,-0.0009,205.4,17.6,-17.6,89.97,,,464.0,,,4951.0,51.0,-88.0,3.349,0.154,-0.112,0.16,0.1,-0.2,4.342,0.657,-1.127,1.537,0.187,-0.406,,,,q1_q17_dr25_stellar,0.743,19.464537,1.6e-05,49.1154,0.00017,0.12,0.57,0.34,0.63,-1e-05,0.00016,-8e-05,0.00017,0.41,0.14,1.0,0.53,1.08,0.49,0.46,0.12,1.15,0.58,1.24,0.54,NO_COMMENT,2018-08-16 00:00:00,1.0,q1_q17_dr25_tce,011/011350/011350634/dv/kplr011350634-001-20160209194854_dvs.pdf,q1_q17_dr25_sup_koi,q1_q17_dr25_koi,2455132.537,0.0213,-0.0213,011/011350/011350634/dv/kplr011350634-20160209194854_dvr.pdf,0,0,0,0,10.93,4.16,-5.35,2.11467,0.1812,-1.22595,LS+MCMC,0.253,1
11547505,K01655.01,Kepler-922 b,284.73145,0.0,18h58m55.55s,49.533192,0.0,+49d31m59.5s,14.219,,13.706,,13.559,,13.528,,12.613,0.024,12.26,0.016,12.188,0.024,13.757,,cumulative,Done,11111110111011101000000000000000,CONFIRMED,CANDIDATE,1,1135.0,4.324426,41.280567,0.8727,Claret (2011 A&A 529 75) ATLAS LS,0.0,0.0,0.2291,0.4603,Mandel and Agol (2002 ApJ 580 171),54.4,,,135.600698,0.000797,-0.000797,0.0,,,,,,1.58,0.24,-0.24,0.0182,,,0.054,0.399,-0.054,1.3015,0.0284,-0.0284,,,,217.4,4.9,-4.9,0.938466959,9.39e-07,-9.39e-07,0.013337,0.000445,-0.000221,5.6049,0.0625,-0.0625,89.45,,,1876.0,,,5499.0,82.0,-74.0,4.323,0.15,-0.1,0.12,0.15,-0.15,1.087,0.165,-0.165,0.906,0.066,-0.038,,,,q1_q17_dr25_stellar,0.08,18.982095,8.5e-06,49.533131,9.8e-05,-0.06,0.3,-0.21,0.35,7.2e-05,5.3e-05,5.4e-05,6.2e-05,-0.03,0.14,-0.03,0.18,0.04,0.16,0.32,0.15,-0.04,0.21,0.32,0.16,CENT_KIC_POS,2018-08-16 00:00:00,1.0,q1_q17_dr25_tce,011/011547/011547505/dv/kplr011547505-001-20160209194854_dvs.pdf,q1_q17_dr25_sup_koi,q1_q17_dr25_koi,2454968.601,0.000797,-0.000797,011/011547/011547505/dv/kplr011547505-20160209194854_dvr.pdf,0,0,0,0,2919.17,1189.69,-929.75,3.78199,0.04217,-1.46628,LS+MCMC,1.0,1
3236705,K03343.01,,291.85522,0.0,19h27m25.25s,38.393131,0.0,+38d23m35.3s,15.462,,14.901,,14.759,,14.633,,13.733,0.032,13.41,0.038,13.334,0.024,14.97,,cumulative,Done,11111111111111111000000000000000,CANDIDATE,CANDIDATE,1,17.0,4.309506,11.199243,0.6621,Claret (2011 A&A 529 75) ATLAS LS,0.0,0.0,0.224,0.4695,Mandel and Agol (2002 ApJ 580 171),10.9,,,194.23925,0.00641,-0.00641,0.0,,,,,,2.89,0.43,-0.47,0.3654,,,0.029,0.411,-0.029,2.813,0.187,-0.187,,,,620.0,66.3,-66.3,83.2664103,0.0006749,-0.0006749,0.022432,0.001649,-0.001221,231.1,32.7,-32.7,89.99,,,439.0,,,5538.0,83.0,-74.0,4.266,0.168,-0.112,0.16,0.15,-0.15,1.18,0.175,-0.194,0.937,0.067,-0.045,,,,q1_q17_dr25_stellar,0.999,19.457006,2.5e-05,38.39315,0.00029,-0.3,1.1,0.1,1.1,2e-05,0.0007,-1e-05,0.00071,0.36,0.66,1.31,0.52,1.36,0.51,0.32,0.56,1.22,0.56,1.26,0.52,NO_COMMENT,2018-08-16 00:00:00,1.0,q1_q17_dr25_tce,003/003236/003236705/dv/kplr003236705-001-20160209194854_dvs.pdf,q1_q17_dr25_sup_koi,q1_q17_dr25_koi,2455027.239,0.00641,-0.00641,003/003236/003236705/dv/kplr003236705-20160209194854_dvr.pdf,0,0,0,0,8.78,3.51,-2.97,33.67336,4.76152,-16.23094,LS+MCMC,0.864,1
8611257,K02931.01,Kepler-1389 b,285.71741,0.0,19h02m52.18s,44.758419,0.0,+44d45m30.3s,15.404,,14.629,,14.397,,14.296,,13.247,0.029,12.83,0.029,12.696,0.021,14.699,,cumulative,Done,11111111111111111000000000000000,CONFIRMED,CANDIDATE,1,15.0,5.8654637,14.278832,0.6727,Claret (2011 A&A 529 75) ATLAS LS,0.0,0.0,0.1646,0.5508,Mandel and Agol (2002 ApJ 580 171),20.5,,,148.53067,0.00838,-0.00838,0.0,,,,,,2.17,0.15,-0.08,0.3869,,,0.947,0.005,-0.674,7.208,0.226,-0.226,,,,538.0,30.6,-30.6,99.2532336,0.000916,-0.000916,0.027854,0.000353,-0.007359,42.1,20.9,-20.9,88.71,,,300.0,,,5010.0,100.0,-100.0,4.623,0.014,-0.052,-0.16,0.15,-0.15,0.715,0.047,-0.029,0.798,0.028,-0.066,,,,q1_q17_dr25_stellar,0.0,19.047767,2.1e-05,44.75872,0.00022,-2.33,0.81,1.09,0.79,0.00127,0.00043,-0.00063,0.00042,0.5,0.62,-0.08,0.45,0.5,0.59,0.54,0.59,-0.2,0.38,0.57,0.53,NO_COMMENT,2018-08-16 00:00:00,1.0,q1_q17_dr25_tce,008/008611/008611257/dv/kplr008611257-001-20160209194854_dvs.pdf,q1_q17_dr25_sup_koi,q1_q17_dr25_koi,2454981.531,0.00838,-0.00838,008/008611/008611257/dv/kplr008611257-20160209194854_dvr.pdf,0,0,0,0,1.93,0.44,-0.29,0.1428,3.33505,-0.04829,LS+MCMC,0.999,1
9161118,K03898.01,,294.32037,0.0,19h37m16.89s,45.501282,0.0,+45d30m04.6s,16.954,,15.974,,15.568,,15.345,,14.241,0.029,13.674,0.031,13.549,0.041,15.984,,cumulative,Done,00011111111111111000000000000000,FALSE POSITIVE,FALSE POSITIVE,1,880.0,66.62637,620.25037,0.0001,Claret (2011 A&A 529 75) ATLAS LS,0.0,0.0,0.1263,0.6019,Mandel and Agol (2002 ApJ 580 171),311.7,,,132.53576,0.000754,-0.000754,0.0,,,,,,27.42,2.21,-2.46,0.0202,,,1.229,0.111,-0.072,6.606,0.0349,-0.0349,,,,12456.6,50.7,-50.7,1.306723495,1.043e-06,-1.043e-06,0.382215,0.099474,-0.068678,1.603,0.255,-0.255,39.92,,,1170.0,,,4651.0,163.0,-163.0,4.612,0.052,-0.032,-0.32,0.3,-0.3,0.657,0.053,-0.059,0.644,0.08,-0.046,,,,q1_q17_dr25_stellar,,,,,,,,,,,,,,,,,,,,,,,,,,MOD_SEC_DV---MOD_SEC_ALT---HAS_SEC_TCE---CENT_RESOLVED_OFFSET,2018-08-16 00:00:00,1.0,q1_q17_dr25_tce,009/009161/009161118/dv/kplr009161118-001-20160209194854_dvs.pdf,q1_q17_dr25_sup_koi,q1_q17_dr25_koi,2454965.536,0.000754,-0.000754,009/009161/009161118/dv/kplr009161118-20160209194854_dvr.pdf,0,1,1,0,443.02,150.79,-124.81,0.04562,0.00727,-0.00598,LS+MCMC,0.0,0
6607447,K01242.01,,292.22839,0.0,19h28m54.81s,42.03537,0.0,+42d02m07.3s,14.074,,13.68,,13.611,,13.588,,12.734,0.022,12.525,0.018,12.473,0.025,13.75,,cumulative,Done,11111111111111111000000000000000,CANDIDATE,CANDIDATE,1,13.0,50.157146,149.48808,0.375,Claret (2011 A&A 529 75) ATLAS LS,0.0,0.0,0.2889,0.3511,Mandel and Agol (2002 ApJ 580 171),163.2,,,283.236289,0.000761,-0.000761,0.0,,,,,,8.48,1.27,-0.55,0.4283,,,0.966,0.029,-0.018,5.1772,0.0643,-0.0643,,,,3215.6,29.6,-29.6,99.6442783,0.0001073,-0.0001073,0.076417,0.016219,-0.012118,69.73,5.1,-5.1,89.21,,,415.0,,,6102.0,82.0,-91.0,4.447,0.04,-0.12,-0.08,0.15,-0.15,1.016,0.153,-0.066,1.049,0.07,-0.07,,,,q1_q17_dr25_stellar,0.009,19.4818865,3e-06,42.035378,2.2e-05,-0.22,0.12,0.029,0.081,-0.00074,0.0005,-0.00024,0.00049,0.008,0.071,-0.035,0.088,0.036,0.087,0.051,0.075,-0.124,0.086,0.134,0.085,NO_COMMENT,2018-08-16 00:00:00,1.0,q1_q17_dr25_tce,006/006607/006607447/dv/kplr006607447-001-20160209194854_dvs.pdf,q1_q17_dr25_sup_koi,q1_q17_dr25_koi,2455116.236,0.000761,-0.000761,006/006607/006607447/dv/kplr006607447-20160209194854_dvr.pdf,0,0,0,0,6.98,2.77,-1.23,0.64597,0.04748,-0.13057,LS+MCMC,1.0,1
8126558,K02259.01,Kepler-1815 b,300.1705,0.0,20h00m40.92s,43.98497,0.0,+43d59m05.9s,16.025,,15.322,,15.08,,14.957,,13.955,0.029,13.627,0.035,13.58,0.052,15.364,,cumulative,Done,11111111111111111000000000000000,CONFIRMED,CANDIDATE,1,111.0,4.3906345,15.443105,0.333,Claret (2011 A&A 529 75) ATLAS LS,0.0,0.0,0.2396,0.4415,Mandel and Agol (2002 ApJ 580 171),19.4,,,136.33677,0.00312,-0.00312,0.0,,,,,,2.46,0.67,-0.41,0.0984,,,0.091,0.371,-0.091,1.8832,0.0983,-0.0983,,,,665.8,40.7,-40.7,12.19140405,4.507e-05,-4.507e-05,0.023339,0.001287,-0.000725,50.41,6.6,-6.6,89.9,,,763.0,,,5516.0,166.0,-166.0,4.399,0.144,-0.176,-0.06,0.3,-0.3,0.967,0.261,-0.161,0.856,0.12,-0.074,,,,q1_q17_dr25_stellar,0.269,20.011356,1.8e-05,43.9849,0.00023,-0.43,0.71,-0.25,0.83,0.00057,0.00048,-2e-05,0.00057,-0.17,0.43,0.53,0.38,0.56,0.46,-0.09,0.36,0.38,0.39,0.39,0.43,NO_COMMENT,2018-08-16 00:00:00,1.0,q1_q17_dr25_tce,008/008126/008126558/dv/kplr008126558-001-20160209194854_dvs.pdf,q1_q17_dr25_sup_koi,q1_q17_dr25_koi,2454969.337,0.00312,-0.00312,008/008126/008126558/dv/kplr008126558-20160209194854_dvr.pdf,0,0,0,0,80.01,65.27,-30.82,16.30776,2.1318,-6.62894,LS+MCMC,1.0,1
10597164,K07347.01,,290.67877,0.0,19h22m42.90s,47.845261,0.0,+47d50m42.9s,14.633,,13.892,,13.705,,13.56,,12.485,0.023,11.98,0.019,11.911,0.016,13.984,,cumulative,Done,11111111111111111000000000000000,FALSE POSITIVE,FALSE POSITIVE,1,300.0,7.677512,7.728842,,Claret (2011 A&A 529 75) ATLAS LS,0.0,0.0,0.2286,0.4617,Mandel and Agol (2002 ApJ 580 171),16.8,,,133.2096,0.0279,-0.0279,0.0,,,,,,2.97,1.41,-1.56,0.0587,,,0.9866,0.002,-0.6946,13.05,1.3,-1.3,,,,71.9,5.2,-5.2,4.5638537,0.0001326,-0.0001326,0.01137,0.001201,-0.003896,1.158,0.572,-0.572,31.51,,,1533.0,,,5446.0,196.0,-183.0,3.793,0.51,-0.51,0.07,0.25,-0.29,2.39,1.136,-1.257,1.293,0.31,-0.37,,,,stellar_q1_q17,0.101,19.378572,4.3e-05,47.84557,0.00024,-0.5,1.5,1.1,0.88,-7e-05,0.0001,-5.2e-05,5.9e-05,0.07,0.17,-0.06,0.23,0.09,0.2,-0.22,0.17,0.2,0.23,0.29,0.2,CLEAR_APO---PARENT_IS_V850-Cyg-pri,2018-08-16 00:00:00,1.0,q1_q17_dr24_tce,010/010597/010597164/dv/kplr010597164-001-20141002224145_dvs.pdf,q1_q17_dr25_sup_koi,q1_q17_dr24_koi,2454966.21,0.0279,-0.0279,010/010597/010597164/dv/kplr010597164-20141002224145_dvr.pdf,0,0,1,1,1305.08,1967.04,-1049.27,0.00141,0.03342,-0.00021,MCMC,,0
7685981,K00893.01,Kepler-717 b,292.96555,0.0,19h31m51.73s,43.34639,0.0,+43d20m47.0s,16.177,,15.621,,15.441,,15.332,,14.43,0.034,13.966,0.043,13.996,0.06,15.662,,cumulative,Done,01101111111111111000000000000000,CONFIRMED,CANDIDATE,1,279.0,5.7962294,37.416832,0.3585,Claret (2011 A&A 529 75) ATLAS LS,0.0,0.0,0.2916,0.3447,Mandel and Agol (2002 ApJ 580 171),45.1,,,172.18582,0.00262,-0.00262,0.0,,,,,,2.66,0.79,-0.33,0.052,,,0.899,0.013,-0.655,5.012,0.106,-0.106,,,,549.4,13.4,-13.4,4.40841331,1.408e-05,-1.408e-05,0.025379,0.000213,-0.003461,3.45,1.6,-1.6,74.9,,,1139.0,,,6007.0,189.0,-189.0,4.457,0.081,-0.202,-0.24,0.3,-0.3,0.961,0.285,-0.122,0.968,0.132,-0.12,,,,q1_q17_dr25_stellar,0.279,19.531046,1.1e-05,43.346428,9.8e-05,0.4,0.41,0.14,0.35,-0.00023,0.00022,-6e-05,0.00019,-0.147,0.092,0.11,0.13,0.18,0.11,-0.1,0.1,-0.02,0.14,0.1,0.11,NO_COMMENT,2018-08-16 00:00:00,1.0,q1_q17_dr25_tce,007/007685/007685981/dv/kplr007685981-001-20160209194854_dvs.pdf,q1_q17_dr25_sup_koi,q1_q17_dr25_koi,2455005.186,0.00262,-0.00262,007/007685/007685981/dv/kplr007685981-20160209194854_dvr.pdf,0,0,0,0,398.0,359.33,-131.06,0.03994,0.28527,-0.00512,LS+MCMC,1.0,1
2574543,K04947.01,,291.18762,0.0,19h24m45.03s,37.8535,0.0,+37d51m12.6s,14.186,,13.208,,12.848,,12.606,,11.473,0.023,10.884,0.022,10.742,0.02,13.25,,cumulative,Done,11100100011001000000000000000000,FALSE POSITIVE,FALSE POSITIVE,1,84.0,4.0700994,16.534456,0.9948,Claret (2011 A&A 529 75) ATLAS LS,0.0,0.0,0.1392,0.594,Mandel and Agol (2002 ApJ 580 171),23.0,,,134.37408,0.00448,-0.00448,0.0,,,,,,403.01,102.1,-102.1,0.0881,,,1.237,7.227,-0.711,4.632,0.239,-0.239,,,,859.0,43.7,-43.7,6.70258007,4.26e-05,-4.26e-05,0.270334,7.212944,-0.703071,3.45,1.7,-1.7,68.98,,,2635.0,,,4799.0,95.0,-142.0,2.475,0.033,-0.024,-0.18,0.2,-0.25,13.652,3.46,-3.46,2.031,1.238,-0.825,,,,q1_q17_dr25_stellar,0.0,19.4123248,3.7e-06,37.855142,5.6e-05,-7.78,0.16,5.91,0.2,0.00701,0.0002,-0.0056,0.00026,-4.77,0.1,4.454,0.088,6.52,0.11,-4.774,0.079,4.474,0.094,6.542,0.086,MOD_SEC_DV---MOD_SEC_ALT---DEEP_V_SHAPED---CENT_RESOLVED_OFFSET---HALO_GHOST---EPHEM_MATCH,2018-08-16 00:00:00,1.0,q1_q17_dr25_tce,002/002574/002574543/dv/kplr002574543-001-20160209194854_dvs.pdf,q1_q17_dr25_sup_koi,q1_q17_dr25_koi,2454967.374,0.00448,-0.00448,002/002574/002574543/dv/kplr002574543-20160209194854_dvr.pdf,0,1,1,1,11398.6,7970.68,-5764.82,0.01726,0.69662,-0.00638,LS+MCMC,0.0,0
8766222,K01260.01,,296.39639,0.0,19h45m35.13s,44.963036,0.0,+44d57m46.9s,,,13.85,,14.39,,,,13.751,0.027,13.158,0.026,12.958,0.028,13.85,,cumulative,Done,01111111111111111000000000000000,FALSE POSITIVE,FALSE POSITIVE,1,249.0,4.2323937,16.799067,0.9938,Claret (2011 A&A 529 75) ATLAS LS,0.0,0.0,0.1324,0.608,Mandel and Agol (2002 ApJ 580 171),31.8,,,177.95111,0.00379,-0.00379,0.0,,,,,,47.7,10.56,-10.57,0.0726,,,0.022,6.829,-0.007,3.799,0.474,-0.474,,,,1210.5,61.0,-61.0,5.2972293,2.481e-05,-2.481e-05,0.030552,5.888409,-0.001258,10.99,5.1,-5.1,89.88,,,2867.0,,,4631.0,92.0,-115.0,2.386,0.03,-0.03,-0.04,0.2,-0.3,14.296,3.167,-3.167,1.812,1.035,-0.69,,,,q1_q17_dr25_stellar,0.0,19.7598413,3.6e-06,44.963537,3.1e-05,3.12,0.14,1.81,0.11,-0.00313,0.00047,-0.00247,0.00062,-11.0,2.6,-5.3,1.4,12.2,2.9,-3.7,2.5,-14.8,2.7,15.3,3.1,DEEP_V_SHAPED---CENT_RESOLVED_OFFSET---HALO_GHOST---EPHEM_MATCH,2018-08-16 00:00:00,1.0,q1_q17_dr25_tce,008/008766/008766222/dv/kplr008766222-001-20160209194854_dvs.pdf,q1_q17_dr25_sup_koi,q1_q17_dr25_koi,2455010.951,0.00379,-0.00379,008/008766/008766222/dv/kplr008766222-20160209194854_dvr.pdf,0,1,1,1,15961.1,9804.73,-7214.03,0.8954,5.38373,-0.60375,LS+MCMC,0.0,0
5706595,K02183.02,Kepler-370 b,292.17114,0.0,19h28m41.07s,40.916309,0.0,+40d54m58.7s,15.712,,15.143,,14.978,,14.888,,13.977,0.026,13.65,0.031,13.55,0.048,15.198,,cumulative,Done,11111111111111111000000000000000,CONFIRMED,CANDIDATE,3,285.0,4.268362,17.950302,0.0773,Claret (2011 A&A 529 75) ATLAS LS,0.0,0.0,0.2291,0.4603,Mandel and Agol (2002 ApJ 580 171),20.0,,,135.09685,0.00547,-0.00547,0.0,,,,,,1.35,0.18,-0.1,0.0532,,,0.055,0.393,-0.055,3.106,0.159,-0.159,,,,207.1,12.0,-12.0,4.57948235,2.886e-05,-2.886e-05,0.012971,0.000601,-0.000478,11.407,0.254,-0.254,89.72,,,1040.0,,,5569.0,75.0,-83.0,4.459,0.059,-0.11,0.14,0.15,-0.15,0.954,0.128,-0.069,0.955,0.053,-0.053,,,,q1_q17_dr25_stellar,0.0,19.478089,1.8e-05,40.91575,0.00021,0.55,0.73,-2.01,0.75,-0.00016,0.00015,0.00037,0.00016,-0.11,0.31,-0.14,0.16,0.18,0.26,-0.3,0.33,-0.36,0.15,0.47,0.27,NO_COMMENT,2018-08-16 00:00:00,2.0,q1_q17_dr25_tce,005/005706/005706595/dv/kplr005706595-002-20160209194854_dvs.pdf,q1_q17_dr25_sup_koi,q1_q17_dr25_koi,2454968.097,0.00547,-0.00547,005/005706/005706595/dv/kplr005706595-20160209194854_dvr.pdf,0,0,0,0,276.82,98.83,-52.49,1.33901,0.02984,-0.66308,LS+MCMC,1.0,1
5888187,K07749.01,,295.27301,0.0,19h41m05.52s,41.168282,0.0,+41d10m05.8s,14.288,,13.55,,13.338,,13.22,,12.303,0.025,11.857,0.023,11.785,0.024,13.623,,cumulative,Done,11111011101110111000000000000000,CANDIDATE,CANDIDATE,1,10.0,4.0118227,8.24968,0.98,Claret (2011 A&A 529 75) ATLAS LS,0.0,0.0,0.186,0.5256,Mandel and Agol (2002 ApJ 580 171),10.8,,,236.35163,0.00519,-0.00519,0.0,,,,,,1.89,0.12,-0.19,0.482,,,0.438,0.535,-0.232,1.584,0.2,-0.2,,,,420.9,49.0,-49.0,133.6348207,0.0009309,-0.0009309,0.018879,0.000914,-0.001786,593.0,188.0,-188.0,89.96,,,317.0,,,5202.0,83.0,-73.0,4.434,0.104,-0.048,0.16,0.15,-0.15,0.918,0.058,-0.094,0.834,0.064,-0.032,,,,q1_q17_dr25_stellar,0.221,19.684891,3e-05,41.16797,0.00028,1.0,1.2,-1.1,1.0,-8e-05,0.0005,0.00038,0.00041,0.21,0.7,-1.84,0.87,1.86,0.86,0.63,0.59,-1.94,0.88,2.04,0.86,NO_COMMENT,2018-08-16 00:00:00,1.0,q1_q17_dr25_tce,005/005888/005888187/dv/kplr005888187-001-20160209194854_dvs.pdf,q1_q17_dr25_sup_koi,q1_q17_dr25_koi,2455069.352,0.00519,-0.00519,005/005888/005888187/dv/kplr005888187-20160209194854_dvr.pdf,0,0,0,0,2.38,0.48,-0.57,220.71756,139.63898,-118.42381,LS+MCMC,0.656,1
4455231,K01332.03,Kepler-288 d,288.91644,0.0,19h15m39.95s,39.594711,0.0,+39d35m41.0s,15.691,,15.12,,14.919,,14.815,,14.0,0.027,13.662,0.031,13.587,0.042,15.151,,cumulative,Done,00011111111111111000000000000000,CONFIRMED,CANDIDATE,3,21.0,6.6247206,17.116478,0.2421,Claret (2011 A&A 529 75) ATLAS LS,0.0,0.0,0.26,0.4133,Mandel and Agol (2002 ApJ 580 171),20.9,,,135.51975,0.00989,-0.00989,0.0,,,,,,3.68,0.57,-0.85,0.2926,,,0.298,0.184,-0.298,6.172,0.26,-0.26,,,,589.7,30.8,-30.8,56.637918,0.0007039,-0.0007039,0.022163,0.000785,-0.001002,68.6,13.8,-13.8,89.75,,,570.0,,,5661.0,85.0,-77.0,4.09,0.203,-0.087,0.16,0.15,-0.15,1.522,0.236,-0.353,1.04,0.093,-0.084,,,,q1_q17_dr25_stellar,0.049,19.261104,1.7e-05,39.59478,0.0002,0.37,0.7,0.23,0.72,-0.00036,0.00041,0.00046,0.00042,-0.05,0.17,-0.56,0.37,0.56,0.37,-0.13,0.2,-0.35,0.47,0.38,0.44,NO_COMMENT,2018-08-16 00:00:00,2.0,q1_q17_dr25_tce,004/004455/004455231/dv/kplr004455231-002-20160209194854_dvs.pdf,q1_q17_dr25_sup_koi,q1_q17_dr25_koi,2454968.52,0.00989,-0.00989,004/004455/004455231/dv/kplr004455231-20160209194854_dvr.pdf,0,0,0,0,24.87,10.35,-10.98,1.90042,0.38315,-0.69467,LS+MCMC,0.991,1
4476123,K00814.01,Kepler-689 b,294.71063,0.0,19h38m50.55s,39.52174,0.0,+39d31m18.3s,16.2,,15.535,,15.318,,15.201,,14.236,0.033,13.849,0.049,13.714,0.051,15.583,,cumulative,Done,11111011101110111000000000000000,CONFIRMED,CANDIDATE,1,48.0,6.2514634,25.599396,0.4848,Claret (2011 A&A 529 75) ATLAS LS,0.0,0.0,0.2521,0.421,Mandel and Agol (2002 ApJ 580 171),32.1,,,175.45862,0.00354,-0.00354,0.0,,,,,,2.32,0.38,-0.16,0.1449,,,0.4,0.066,-0.4,5.228,0.122,-0.122,,,,986.8,35.1,-35.1,22.36646466,9.761e-05,-9.761e-05,0.028938,0.000601,-0.001166,31.0,10.4,-10.4,89.26,,,536.0,,,5395.0,160.0,-160.0,4.615,0.032,-0.104,-0.34,0.3,-0.3,0.734,0.122,-0.052,0.821,0.076,-0.093,,,,q1_q17_dr25_stellar,0.799,19.647371,1.4e-05,39.52165,0.00016,-0.15,0.59,-0.33,0.57,0.00016,0.00058,-0.00016,0.00056,0.08,0.14,-0.09,0.22,0.12,0.19,0.09,0.15,-0.21,0.21,0.23,0.21,NO_COMMENT,2018-08-16 00:00:00,1.0,q1_q17_dr25_tce,004/004476/004476123/dv/kplr004476123-001-20160209194854_dvs.pdf,q1_q17_dr25_sup_koi,q1_q17_dr25_koi,2455008.459,0.00354,-0.00354,004/004476/004476123/dv/kplr004476123-20160209194854_dvr.pdf,0,0,0,0,19.45,10.29,-4.56,1.12517,0.37616,-0.24007,LS+MCMC,0.999,1
4480676,K01321.01,,295.73193,0.0,19h42m55.66s,39.587521,0.0,+39d35m15.1s,16.119,,15.44,,15.191,,15.027,,14.085,0.029,13.593,0.035,13.616,0.048,15.469,,cumulative,Done,11111011101110111000000000000000,FALSE POSITIVE,FALSE POSITIVE,1,1501.0,25.937656,469.62744,0.0023,Claret (2011 A&A 529 75) ATLAS LS,0.0,0.0,0.2665,0.398,Mandel and Agol (2002 ApJ 580 171),392.2,,,134.223486,0.00013,-0.00013,0.0,,,,,,33.34,6.95,-4.66,0.0141,,,1.268,0.591,-0.066,2.0221,0.00774,-0.00774,,,,6227.5,19.4,-19.4,0.711966971,1.12e-07,-1.12e-07,0.367816,0.574197,-0.061238,1.899,0.673,-0.673,48.11,,,1855.0,,,5486.0,179.0,-162.0,4.47,0.13,-0.159,-0.44,0.35,-0.3,0.83,0.173,-0.116,0.741,0.117,-0.05,,,,q1_q17_dr25_stellar,0.0,19.71546578,7.1e-07,39.5874743,7.7e-06,0.128,0.03,-0.164,0.028,-0.00097,0.00034,-0.00081,0.00042,0.073,0.067,-0.025,0.069,0.077,0.068,0.093,0.068,-0.099,0.072,0.136,0.071,DEPTH_ODDEVEN_ALT---MOD_ODDEVEN_DV---MOD_ODDEVEN_ALT,2018-08-16 00:00:00,1.0,q1_q17_dr25_tce,004/004480/004480676/dv/kplr004480676-001-20160209194854_dvs.pdf,q1_q17_dr25_sup_koi,q1_q17_dr25_koi,2454967.223,0.00013,-0.00013,004/004480/004480676/dv/kplr004480676-20160209194854_dvr.pdf,0,1,0,0,2808.98,1855.16,-965.16,0.2555,0.27182,-0.02264,LS+MCMC,0.0,0
8094221,K06962.01,,290.58551,0.0,19h22m20.52s,43.97216,0.0,+43d58m19.8s,15.955,,15.389,,15.203,,15.138,,14.235,0.028,13.849,0.034,13.779,0.04,15.429,,cumulative,Done,11111111111111111000000000000000,FALSE POSITIVE,FALSE POSITIVE,1,129.0,3.44926,13.839084,0.9791,Claret (2011 A&A 529 75) ATLAS LS,0.0,0.0,0.2889,0.3511,Mandel and Agol (2002 ApJ 580 171),25.4,,,141.6569,0.0356,-0.0356,0.0,,,,,,19.93,6.28,-2.09,0.096,,,1.187,0.655,-0.165,37.68,1.9,-1.9,,,,188.2,9.0,-9.0,10.8632531,0.0004852,-0.0004852,0.199678,0.651563,-0.157467,1.259,0.606,-0.606,19.53,,,802.0,,,5896.0,159.0,-194.0,4.516,0.052,-0.208,-0.1,0.3,-0.3,0.914,0.288,-0.096,1.0,0.12,-0.132,,,,q1_q17_dr25_stellar,0.001,19.372334,2e-05,43.97174,0.00023,-1.31,0.77,-1.5,0.84,0.00016,0.0001,0.00017,0.00011,-0.46,0.42,0.24,0.7,0.52,0.44,-0.57,0.46,0.16,0.73,0.59,0.46,LPP_DV,2018-08-16 00:00:00,1.0,q1_q17_dr25_tce,008/008094/008094221/dv/kplr008094221-001-20160209194854_dvs.pdf,q1_q17_dr25_sup_koi,q1_q17_dr25_koi,2454974.657,0.0356,-0.0356,008/008094/008094221/dv/kplr008094221-20160209194854_dvr.pdf,0,1,0,0,98.04,90.56,-29.35,0.00032,0.00077,-0.0001,LS+MCMC,0.0,0
10158729,K02097.01,Kepler-1092 b,297.72314,0.0,19h50m53.55s,47.112659,0.0,+47d06m45.6s,15.067,,14.594,,14.47,,14.378,,13.499,0.027,13.15,0.027,13.076,0.03,14.649,,cumulative,Done,11111101110111011000000000000000,CONFIRMED,CANDIDATE,1,19.0,6.6886973,16.360394,0.6593,Claret (2011 A&A 529 75) ATLAS LS,0.0,0.0,0.3032,0.3147,Mandel and Agol (2002 ApJ 580 171),19.1,,,137.66825,0.00465,-0.00465,0.0,,,,,,2.06,0.68,-0.22,0.2996,,,0.392,0.069,-0.392,5.522,0.192,-0.192,,,,396.4,24.0,-24.0,58.601926,0.0005788,-0.0005788,0.018557,0.000604,-0.000878,76.2,33.8,-33.8,89.71,,,508.0,,,6250.0,169.0,-225.0,4.44,0.07,-0.224,-0.22,0.25,-0.3,1.019,0.335,-0.112,1.038,0.158,-0.129,,,,q1_q17_dr25_stellar,0.02,19.848264,2.2e-05,47.11276,0.00024,2.02,0.8,0.36,0.86,-0.00074,0.00031,-7e-05,0.00033,0.32,0.29,0.08,0.35,0.33,0.31,0.37,0.27,0.08,0.35,0.38,0.29,NO_COMMENT,2018-08-16 00:00:00,1.0,q1_q17_dr25_tce,010/010158/010158729/dv/kplr010158729-001-20160209194854_dvs.pdf,q1_q17_dr25_sup_koi,q1_q17_dr25_koi,2454970.668,0.00465,-0.00465,010/010158/010158729/dv/kplr010158729-20160209194854_dvr.pdf,0,0,0,0,15.8,15.23,-4.99,2.4381,1.07982,-0.41734,LS+MCMC,0.919,1
11702948,K01465.01,,286.14938,0.0,19h04m35.85s,49.867512,0.0,+49d52m03.0s,14.709,,14.193,,14.046,,13.997,,13.156,0.024,12.828,0.032,12.785,0.026,14.245,,cumulative,Done,11111110111011101000000000000000,CANDIDATE,CANDIDATE,1,108.0,41.37362,269.3825,0.5946,Claret (2011 A&A 529 75) ATLAS LS,0.0,0.0,0.2711,0.3858,Mandel and Agol (2002 ApJ 580 171),215.0,,,135.584899,0.000219,-0.000219,0.0,,,,,,10.15,2.52,-0.9,0.0878,,,0.946,0.061,-0.029,1.767,0.0251,-0.0251,,,,6933.2,48.4,-48.4,9.771462706,2.733e-06,-2.733e-06,0.108981,0.034838,-0.01698,24.44,8.2,-8.2,87.78,,,799.0,,,5812.0,145.0,-159.0,4.551,0.042,-0.168,-0.2,0.3,-0.3,0.853,0.212,-0.076,0.947,0.101,-0.111,,,,q1_q17_dr25_stellar,0.004,19.0766234,1.2e-06,49.867511,1.4e-05,-0.067,0.043,0.005,0.049,0.00051,0.00055,0.00047,0.00079,0.002,0.068,0.002,0.071,0.003,0.069,0.019,0.069,0.019,0.074,0.027,0.072,DEEP_V_SHAPED,2018-08-16 00:00:00,1.0,q1_q17_dr25_tce,011/011702/011702948/dv/kplr011702948-001-20160209194854_dvs.pdf,q1_q17_dr25_sup_koi,q1_q17_dr25_koi,2454968.585,0.000219,-0.000219,011/011702/011702948/dv/kplr011702948-20160209194854_dvr.pdf,0,0,0,0,96.39,69.43,-24.81,2.89356,0.96725,-0.48319,LS+MCMC,0.0,1
8326342,K02680.01,,299.7915,0.0,19h59m09.96s,44.281231,0.0,+44d16m52.4s,15.18,,14.556,,14.35,,14.251,,13.286,0.027,12.935,0.032,12.851,0.021,14.599,,cumulative,Done,11111111111111111000000000000000,CANDIDATE,CANDIDATE,1,91.0,15.610115,99.980515,0.5391,Claret (2011 A&A 529 75) ATLAS LS,0.0,0.0,0.2665,0.398,Mandel and Agol (2002 ApJ 580 171),7.7,,,142.02803,0.00858,-0.00858,0.0,,,,,,23.4,4.24,-1.84,0.1077,,,1.226,70.75,-1.742,2.524,0.454,-0.454,,,,3058.0,506.0,-506.0,14.4079035,0.0001561,-0.0001561,0.294294,70.70151,-1.717744,18.11,9.0,-9.0,86.12,,,624.0,,,5440.0,160.0,-160.0,4.617,0.035,-0.112,-0.4,0.3,-0.3,0.728,0.132,-0.057,0.814,0.076,-0.093,,,,q1_q17_dr25_stellar,0.005,19.9861029,2.7e-06,44.281272,2.7e-05,0.11,0.11,0.15,0.099,0.00026,0.0004,-0.00054,0.00045,0.049,0.083,-0.078,0.095,0.092,0.099,0.048,0.081,-0.051,0.094,0.07,0.095,DEEP_V_SHAPED,2018-08-16 00:00:00,1.0,q1_q17_dr25_tce,008/008326/008326342/dv/kplr008326342-001-20160209194854_dvs.pdf,q1_q17_dr25_sup_koi,q1_q17_dr25_koi,2454975.028,0.00858,-0.00858,008/008326/008326342/dv/kplr008326342-20160209194854_dvr.pdf,0,0,0,0,35.81,20.31,-8.81,0.54091,404.46521,-0.972,LS+MCMC,0.0,1
7902003,K03236.01,,295.43915,0.0,19h41m45.40s,43.676311,0.0,+43d40m34.7s,12.608,,12.26,,12.183,,12.183,,11.319,0.021,11.081,0.021,11.047,0.012,12.31,,cumulative,Done,11111111111111111000000000000000,CANDIDATE,CANDIDATE,1,190.0,3.4467025,8.973443,0.4152,Claret (2011 A&A 529 75) ATLAS LS,0.0,0.0,0.3052,0.3236,Mandel and Agol (2002 ApJ 580 171),10.5,,,135.594,0.0068,-0.0068,0.0,,,,,,1.18,0.23,-0.28,0.082,,,0.068,0.37,-0.068,2.566,0.226,-0.226,,,,31.9,3.7,-3.7,7.13044117,7.436e-05,-7.436e-05,0.005193,0.000383,-0.000295,21.3,3.0,-3.0,89.82,,,1400.0,,,6312.0,114.0,-127.0,3.964,0.195,-0.105,0.1,0.15,-0.15,2.074,0.404,-0.494,1.443,0.134,-0.217,,,,q1_q17_dr25_stellar,0.444,19.695948,3.1e-05,43.67605,0.00031,0.2,1.2,-0.9,1.1,2e-06,3.7e-05,2.3e-05,3.4e-05,-0.8,0.93,1.77,0.87,1.9,1.1,-0.78,0.84,1.72,0.97,1.9,1.1,NO_COMMENT,2018-08-16 00:00:00,1.0,q1_q17_dr25_tce,007/007902/007902003/dv/kplr007902003-001-20160209194854_dvs.pdf,q1_q17_dr25_sup_koi,q1_q17_dr25_koi,2454968.594,0.0068,-0.0068,007/007902/007902003/dv/kplr007902003-20160209194854_dvr.pdf,0,0,0,0,908.79,484.83,-422.55,3.59619,0.50725,-2.00638,LS+MCMC,0.877,1
7135852,K00875.01,Kepler-1729 b,296.69394,0.0,19h46m46.55s,42.62611,0.0,+42d37m34.0s,16.782,,15.619,,15.225,,14.974,,13.855,0.026,13.277,0.026,13.102,0.031,15.692,,cumulative,Done,11111111111111111000000000000000,CONFIRMED,CANDIDATE,1,321.0,13.098274,134.46404,0.6606,Claret (2011 A&A 529 75) ATLAS LS,0.0,0.0,0.3384,0.3803,Mandel and Agol (2002 ApJ 580 171),157.8,,,170.622433,0.000491,-0.000491,0.0,,,,,,2.62,0.58,-0.58,0.0418,,,0.705,0.061,-0.311,3.0854,0.0645,-0.0645,,,,2260.0,17.9,-17.9,4.220965778,2.584e-06,-2.584e-06,0.046401,0.003304,-0.002477,8.13,2.9,-2.9,85.03,,,595.0,,,3837.0,481.0,-259.0,4.747,0.105,-0.094,-0.06,0.15,-0.15,0.517,0.114,-0.114,0.544,0.114,-0.114,,,,q1_q17_dr25_stellar,0.0,19.7795965,2.2e-06,42.626153,2.4e-05,0.021,0.089,0.155,0.087,0.00021,0.00023,-0.00058,0.00025,-0.028,0.077,0.078,0.09,0.083,0.088,0.041,0.078,0.04,0.11,0.055,0.089,NO_COMMENT,2018-08-16 00:00:00,1.0,q1_q17_dr25_tce,007/007135/007135852/dv/kplr007135852-001-20160209194854_dvs.pdf,q1_q17_dr25_sup_koi,q1_q17_dr25_koi,2455003.622,0.000491,-0.000491,007/007135/007135852/dv/kplr007135852-20160209194854_dvr.pdf,0,0,0,0,29.68,41.22,-16.05,0.5702,0.61388,-0.18236,LS+MCMC,1.0,1
10933561,K00291.02,Kepler-133 b,297.27798,0.0,19h49m06.72s,48.320332,0.0,+48d19m13.2s,13.328,,12.789,,12.642,,12.578,,11.68,0.022,11.399,0.017,11.32,0.016,12.848,,cumulative,Done,11111101110111011000000000000000,CONFIRMED,CANDIDATE,2,127.0,3.7157962,20.041414,0.0307,Claret (2011 A&A 529 75) ATLAS LS,0.0,0.0,0.2286,0.4641,Mandel and Agol (2002 ApJ 580 171),26.1,,,134.10067,0.00244,-0.00244,0.0,,,,,,2.04,0.31,-0.46,0.0791,,,0.896,0.029,-0.626,2.1492,0.0697,-0.0697,,,,148.0,6.6,-6.6,8.12999858,2.376e-05,-2.376e-05,0.013332,3.4e-05,-0.002216,13.68,6.6,-6.6,86.24,,,1041.0,,,5611.0,114.0,-91.0,4.144,0.195,-0.105,0.16,0.15,-0.15,1.4,0.211,-0.316,0.995,0.087,-0.072,,,,q1_q17_dr25_stellar,0.487,19.818542,1.6e-05,48.32032,0.00016,0.35,0.56,-0.04,0.59,-5.8e-05,8e-05,3.6e-05,8.4e-05,0.01,0.75,-0.35,0.39,0.35,0.37,-0.11,0.68,-0.21,0.37,0.23,0.58,NO_COMMENT,2018-08-16 00:00:00,2.0,q1_q17_dr25_tce,010/010933/010933561/dv/kplr010933561-002-20160209194854_dvs.pdf,q1_q17_dr25_sup_koi,q1_q17_dr25_koi,2454967.101,0.00244,-0.00244,010/010933/010933561/dv/kplr010933561-20160209194854_dvr.pdf,0,0,0,0,277.89,120.9,-121.84,0.73328,6.72691,-0.30846,LS+MCMC,1.0,1
7100673,K04032.03,Kepler-1542 d,285.72849,0.0,19h02m54.84s,42.65453,0.0,+42d39m16.3s,13.122,,12.586,,12.432,,12.373,,11.421,0.026,11.034,0.027,10.989,0.019,12.639,,cumulative,Done,11111111111111111000000000000000,CONFIRMED,CANDIDATE,5,200.0,3.4750438,15.084797,0.6078,Claret (2011 A&A 529 75) ATLAS LS,0.0,0.0,0.2291,0.4603,Mandel and Agol (2002 ApJ 580 171),19.2,,,131.75079,0.0031,-0.0031,0.0,,,,,,0.91,0.14,-0.13,0.0632,,,0.505,0.419,-0.302,2.6502,0.0944,-0.0944,,,,69.8,3.9,-3.9,5.99273265,2.357e-05,-2.357e-05,0.007793,0.000117,-0.0005,15.08,4.1,-4.1,88.08,,,1010.0,,,5574.0,111.0,-100.0,4.354,0.132,-0.108,0.12,0.15,-0.15,1.065,0.166,-0.15,0.933,0.067,-0.053,,,,q1_q17_dr25_stellar,0.855,19.048561,1.4e-05,42.65446,0.00016,-0.2,0.57,-0.25,0.59,8e-06,4.1e-05,1.1e-05,4.2e-05,-0.24,0.34,-0.08,0.3,0.26,0.35,-0.29,0.35,-0.22,0.31,0.36,0.37,NO_COMMENT,2018-08-16 00:00:00,3.0,q1_q17_dr25_tce,007/007100/007100673/dv/kplr007100673-003-20160209194854_dvs.pdf,q1_q17_dr25_sup_koi,q1_q17_dr25_koi,2454964.751,0.0031,-0.0031,007/007100/007100673/dv/kplr007100673-20160209194854_dvr.pdf,0,0,0,0,245.32,109.34,-76.88,1.80736,0.98925,-1.52772,LS+MCMC,0.997,1
3745559,K03423.01,Kepler-1920 b,291.06204,0.0,19h24m14.89s,38.863312,0.0,+38d51m47.9s,14.728,,14.245,,14.112,,14.082,,13.282,0.022,13.009,0.019,12.908,0.026,14.296,,cumulative,Done,11111111111111111000000000000000,CONFIRMED,CANDIDATE,1,47.0,5.561186,18.625946,0.2976,Claret (2011 A&A 529 75) ATLAS LS,0.0,0.0,0.3022,0.3344,Mandel and Agol (2002 ApJ 580 171),12.3,,,136.63873,0.00585,-0.00585,0.0,,,,,,2.8,0.96,-0.32,0.2043,,,0.122,0.331,-0.122,2.134,0.177,-0.177,,,,576.3,56.4,-56.4,30.2541186,0.000208,-0.000208,0.022052,0.001291,-0.001335,109.9,26.1,-26.1,89.94,,,660.0,,,6277.0,170.0,-208.0,4.402,0.056,-0.224,0.21,0.2,-0.3,1.161,0.4,-0.133,1.239,0.168,-0.168,,,,q1_q17_dr25_stellar,0.001,19.40412,1.3e-05,38.86294,0.00018,-0.65,0.55,-1.32,0.66,0.00038,0.00031,0.00057,0.00037,0.26,0.23,-0.24,0.21,0.35,0.22,0.24,0.23,-0.23,0.21,0.33,0.22,NO_COMMENT,2018-08-16 00:00:00,1.0,q1_q17_dr25_tce,003/003745/003745559/dv/kplr003745559-001-20160209194854_dvs.pdf,q1_q17_dr25_sup_koi,q1_q17_dr25_koi,2454969.639,0.00585,-0.00585,003/003745/003745559/dv/kplr003745559-20160209194854_dvr.pdf,0,0,0,0,44.87,45.39,-14.13,27.41847,6.50074,-13.50014,LS+MCMC,1.0,1
7871954,K01515.01,Kepler-303 b,283.13547,0.0,18h52m32.51s,43.657051,0.0,+43d39m25.4s,15.623,,14.4,,13.862,,13.583,,12.41,0.022,11.761,0.019,11.596,0.019,14.39,,cumulative,Done,11111111111111111000000000000000,CONFIRMED,CANDIDATE,2,688.0,4.7435646,35.267838,0.4049,Claret (2011 A&A 529 75) ATLAS LS,0.0,0.0,0.4175,0.2365,Mandel and Agol (2002 ApJ 580 171),42.8,,,134.72107,0.00113,-0.00113,0.0,,,,,,0.87,0.06,-0.06,0.0242,,,0.105,0.347,-0.105,1.4727,0.0362,-0.0362,,,,312.3,8.6,-8.6,1.937029968,2.605e-06,-2.605e-06,0.016332,0.000482,-0.000278,10.175,0.463,-0.463,89.41,,,802.0,,,4042.0,72.0,-88.0,4.761,0.038,-0.035,-0.62,0.15,-0.15,0.49,0.03,-0.037,0.505,0.027,-0.033,,,,q1_q17_dr25_stellar,0.109,18.8756977,8.9e-06,43.656926,9.1e-05,-0.01,0.35,-0.45,0.33,-1e-05,0.00011,-0.00011,0.0001,0.15,0.19,0.09,0.14,0.17,0.2,0.04,0.16,-0.69,0.15,0.69,0.15,CENT_KIC_POS,2018-08-16 00:00:00,1.0,q1_q17_dr25_tce,007/007871/007871954/dv/kplr007871954-001-20160209194854_dvs.pdf,q1_q17_dr25_sup_koi,q1_q17_dr25_koi,2454967.721,0.00113,-0.00113,007/007871/007871954/dv/kplr007871954-20160209194854_dvr.pdf,0,0,0,0,97.94,20.43,-21.29,5.31084,0.24149,-2.11483,LS+MCMC,0.889,1
10148521,K01084.01,,294.59613,0.0,19h38m23.07s,47.197449,0.0,+47d11m50.8s,14.952,,14.358,,14.185,,14.107,,13.164,0.021,12.803,0.018,12.728,0.019,14.415,,cumulative,Done,11111111111111111000000000000000,FALSE POSITIVE,FALSE POSITIVE,1,1106.0,3.7114062,27.417156,0.8949,Claret (2011 A&A 529 75) ATLAS LS,0.0,0.0,0.2676,0.3928,Mandel and Agol (2002 ApJ 580 171),34.7,,,134.05838,0.00121,-0.00121,0.0,,,,,,1.19,0.32,-0.11,0.0217,,,0.528,0.055,-0.434,1.3362,0.0454,-0.0454,,,,185.8,6.5,-6.5,1.204274435,1.888e-06,-1.888e-06,0.012855,0.003406,-0.000428,5.99,2.2,-2.2,84.94,,,1564.0,,,5668.0,152.0,-169.0,4.552,0.035,-0.184,-0.1,0.3,-0.3,0.849,0.229,-0.082,0.938,0.094,-0.115,,,,q1_q17_dr25_stellar,0.0,,,,,144.2,0.55,-39.63,0.48,-0.02397,9.2e-05,0.006574,8e-05,,,,,,,,,,,,,CENT_RESOLVED_OFFSET,2018-08-16 00:00:00,1.0,q1_q17_dr25_tce,010/010148/010148521/dv/kplr010148521-001-20160209194854_dvs.pdf,q1_q17_dr25_sup_koi,q1_q17_dr25_koi,2454967.058,0.00121,-0.00121,010/010148/010148521/dv/kplr010148521-20160209194854_dvr.pdf,0,0,1,0,1413.91,1120.16,-391.53,2.80909,2.08996,-0.00286,LS+MCMC,0.0,0
12302391,K07519.01,,288.40378,0.0,19h13m36.91s,51.073761,0.0,+51d04m25.5s,15.575,,15.067,,14.937,,14.92,,13.991,0.033,13.696,0.041,13.593,0.05,15.128,,cumulative,Done,11111111111111111000000000000000,FALSE POSITIVE,FALSE POSITIVE,1,54.0,628.5589,2824.9478,0.0,Claret (2011 A&A 529 75) ATLAS LS,0.0,0.0,0.2868,0.3588,Mandel and Agol (2002 ApJ 580 171),673.3,,,139.687525,0.000159,-0.000159,0.0,,,,,,56.62,18.76,-6.28,0.1744,,,0.954,0.023,-0.022,4.45367,0.00841,-0.00841,,,,119590.0,197.0,-197.0,25.321698729,5.009e-06,-5.009e-06,0.50385,0.017928,-0.015123,50.519,0.203,-0.203,88.92,,,655.0,,,6109.0,193.0,-236.0,4.455,0.056,-0.21,0.0,0.25,-0.3,1.029,0.341,-0.114,1.099,0.151,-0.151,,,,q1_q17_dr25_stellar,0.0,19.22691168,1.2e-07,51.0738834,1.3e-06,-0.2347,0.0041,0.4441,0.0046,0.0,0.23,0.07,0.37,-0.007,0.068,-0.075,0.068,0.075,0.068,-0.063,0.067,-0.113,0.069,0.129,0.068,MOD_SEC_DV---MOD_SEC_ALT---MOD_ODDEVEN_DV---DEEP_V_SHAPED---HAS_SEC_TCE,2018-08-16 00:00:00,1.0,q1_q17_dr25_tce,012/012302/012302391/dv/kplr012302391-001-20160209194854_dvs.pdf,q1_q17_dr25_sup_koi,q1_q17_dr25_koi,2454972.688,0.000159,-0.000159,012/012302/012302391/dv/kplr012302391-20160209194854_dvr.pdf,0,1,0,0,43.39,43.72,-14.08,3.80387,0.01527,-0.06467,LS+MCMC,0.0,0
8746295,K02475.01,,288.88123,0.0,19h15m31.50s,44.959209,0.0,+44d57m33.2s,15.267,,14.668,,14.511,,14.422,,13.456,0.025,13.08,0.025,13.042,0.026,14.738,,cumulative,Done,11111111111111111000000000000000,FALSE POSITIVE,FALSE POSITIVE,1,200.0,4.783982,15.146826,0.278,Claret (2011 A&A 529 75) ATLAS LS,0.0,0.0,0.2622,0.4035,Mandel and Agol (2002 ApJ 580 171),17.2,,,136.01953,0.00344,-0.00344,0.0,,,,,,1.27,0.39,-0.1,0.0702,,,0.479,0.011,-0.444,2.268,0.135,-0.135,,,,197.7,13.6,-13.6,6.85567248,3.007e-05,-3.007e-05,0.013131,0.000299,-0.000854,20.63,6.5,-6.5,88.67,,,897.0,,,5734.0,156.0,-173.0,4.538,0.037,-0.213,-0.02,0.25,-0.3,0.883,0.275,-0.069,0.982,0.102,-0.114,,,,q1_q17_dr25_stellar,0.0,19.261222,2.3e-05,44.95875,0.00023,94.47,0.89,-1.67,0.82,-0.01737,0.00016,0.00033,0.00015,6.72,0.2,-1.35,0.14,6.86,0.2,6.72,0.2,-1.34,0.14,6.85,0.2,CENT_RESOLVED_OFFSET---EPHEM_MATCH,2018-08-16 00:00:00,1.0,q1_q17_dr25_tce,008/008746/008746295/dv/kplr008746295-001-20160209194854_dvs.pdf,q1_q17_dr25_sup_koi,q1_q17_dr25_koi,2454969.02,0.00344,-0.00344,008/008746/008746295/dv/kplr008746295-20160209194854_dvr.pdf,0,0,1,1,153.07,140.03,-37.99,3.53295,2.21761,-0.675,LS+MCMC,0.0,0
9412462,K07171.01,,295.12039,0.0,19h40m28.89s,45.968552,0.0,+45d58m06.8s,15.444,,14.796,,14.59,,14.507,,13.453,0.021,13.123,0.021,12.979,0.027,14.846,,cumulative,Done,11111111111111111000000000000000,FALSE POSITIVE,FALSE POSITIVE,1,0.0,2117.9968,14270.752,-1.0,Claret (2011 A&A 529 75) ATLAS LS,0.0,0.0,0.2396,0.4415,Mandel and Agol (2002 ApJ 580 171),5867.8,,,132.5289587,4.12e-05,-4.12e-05,0.0,,,,,,67.45,16.79,-9.06,0.0875,,,0.677,0.005,-0.012,10.6304,0.00441,-0.00441,,,,340671.0,74.5,-74.5,10.186578749,5.09e-07,-5.09e-07,0.67432,0.002382,-0.008419,11.266,0.0164,-0.0164,86.56,,,793.0,,,5557.0,166.0,-149.0,4.448,0.108,-0.175,-0.12,0.3,-0.3,0.916,0.228,-0.123,0.859,0.111,-0.074,,,,q1_q17_dr25_stellar,,19.674693057,1.5e-08,45.9685095,1.6e-07,-0.00911,0.00057,-0.14579,0.00056,,,,,-0.005,0.067,0.016,0.067,0.016,0.067,-0.045,0.067,0.078,0.068,0.09,0.068,MOD_SEC_ALT---MOD_ODDEVEN_ALT---HAS_SEC_TCE---CENT_NOFITS,2018-08-16 00:00:00,1.0,q1_q17_dr25_tce,009/009412/009412462/dv/kplr009412462-001-20160209194854_dvs.pdf,q1_q17_dr25_sup_koi,q1_q17_dr25_koi,2454965.529,4.12e-05,-4.12e-05,009/009412/009412462/dv/kplr009412462-20160209194854_dvr.pdf,0,1,0,0,93.53,70.58,-30.65,0.26068,0.00038,-0.00253,LS+MCMC,0.0,0
4484312,K06419.01,,296.45139,0.0,19h45m48.33s,39.59166,0.0,+39d35m30.0s,13.602,,13.153,,13.002,,12.924,,12.05,0.025,11.754,0.02,11.709,0.017,13.182,,cumulative,Done,11111011101110111000000000000000,FALSE POSITIVE,FALSE POSITIVE,1,483.0,3.5855923,8.403945,0.338,Claret (2011 A&A 529 75) ATLAS LS,0.0,0.0,0.3001,0.3078,Mandel and Agol (2002 ApJ 580 171),12.1,,,133.47862,0.00964,-0.00964,0.0,,,,,,0.75,0.22,-0.22,0.0312,,,0.23,0.235,-0.23,2.532,0.299,-0.299,,,,39.4,4.0,-4.0,2.24294107,2.115e-05,-2.115e-05,0.00581,0.000286,-0.00041,6.65,2.9,-2.9,88.02,,,1654.0,,,6082.0,182.0,-164.0,4.195,0.306,-0.204,-0.78,0.3,-0.25,1.184,0.349,-0.349,0.802,0.105,-0.048,,,,q1_q17_dr25_stellar,0.203,19.763471,3.4e-05,39.59156,0.0004,1.9,1.4,-0.4,1.5,-2.4e-05,4.5e-05,3.7e-05,4.7e-05,-0.55,0.75,-0.03,0.33,0.55,0.77,-0.36,0.75,-0.06,0.32,0.36,0.78,EPHEM_MATCH,2018-08-16 00:00:00,1.0,q1_q17_dr25_tce,004/004484/004484312/dv/kplr004484312-001-20160209194854_dvs.pdf,q1_q17_dr25_sup_koi,q1_q17_dr25_koi,2454966.479,0.00964,-0.00964,004/004484/004484312/dv/kplr004484312-20160209194854_dvr.pdf,0,0,0,1,1763.55,1562.97,-977.28,1.1082,1.46384,-0.51568,LS+MCMC,0.0,0
11601584,K01831.04,Kepler-324 e,286.47147,0.0,19h05m53.15s,49.649021,0.0,+49d38m56.5s,14.72,,14.038,,13.866,,13.758,,12.783,0.027,12.337,0.031,12.291,0.025,14.122,,cumulative,Done,11111110111011101000000000000000,CONFIRMED,CANDIDATE,4,71.0,5.220983,11.698665,0.9646,Claret (2011 A&A 529 75) ATLAS LS,0.0,0.0,0.1914,0.5167,Mandel and Agol (2002 ApJ 580 171),17.1,,,142.33829,0.00225,-0.00225,0.0,,,,,,1.97,0.15,-0.12,0.1074,,,0.924,0.015,-0.645,1.2325,0.08,-0.08,,,,356.1,25.9,-25.9,13.97945055,3.917e-05,-3.917e-05,0.021836,0.000544,-0.004698,37.7,18.4,-18.4,88.6,,,635.0,,,5191.0,103.0,-103.0,4.53,0.044,-0.055,0.08,0.15,-0.15,0.826,0.061,-0.05,0.844,0.049,-0.044,,,,q1_q17_dr25_stellar,,19.098107,2.3e-05,49.64908,0.00025,0.3,0.79,0.21,0.89,,,4e-05,0.0003,0.37,0.56,-0.03,0.48,0.38,0.56,0.32,0.58,0.2,0.47,0.37,0.53,NO_COMMENT,2018-08-16 00:00:00,3.0,q1_q17_dr25_tce,011/011601/011601584/dv/kplr011601584-003-20160209194854_dvs.pdf,q1_q17_dr25_sup_koi,q1_q17_dr25_koi,2454975.338,0.00225,-0.00225,011/011601/011601584/dv/kplr011601584-20160209194854_dvr.pdf,0,0,0,0,38.44,9.51,-7.13,5.19596,81.06118,-2.48512,LS+MCMC,0.98,1
8168581,K06054.01,,292.84973,0.0,19h31m23.94s,44.060638,0.0,+44d03m38.3s,15.656,,15.07,,14.918,,14.83,,13.894,0.027,13.499,0.029,13.509,0.047,15.139,,cumulative,Done,01010101010101010000000000000000,FALSE POSITIVE,FALSE POSITIVE,1,224.0,19.295269,114.71242,0.4436,Claret (2011 A&A 529 75) ATLAS LS,0.0,0.0,0.2676,0.3928,Mandel and Agol (2002 ApJ 580 171),111.3,,,132.909319,0.000961,-0.000961,0.0,,,,,,31.58,9.4,-2.94,0.0393,,,1.271,4.206,-0.04,3.5943,0.0408,-0.0408,,,,2533.7,27.3,-27.3,2.881338104,3.282e-06,-3.282e-06,0.328641,4.188617,-0.037889,2.71,1.4,-1.4,62.0,,,1206.0,,,5783.0,163.0,-204.0,4.539,0.035,-0.196,-0.08,0.3,-0.3,0.88,0.262,-0.082,0.977,0.116,-0.116,,,,q1_q17_dr25_stellar,,19.5234688,2.7e-06,44.061279,4.6e-05,5.93,0.1,2.3,0.16,-0.0074,0.00015,,,3.107,0.076,1.91,0.11,3.65,0.1,2.973,0.072,1.435,0.076,3.301,0.074,MOD_SEC_DV---MOD_SEC_ALT---HAS_SEC_TCE---CENT_KIC_POS,2018-08-16 00:00:00,1.0,q1_q17_dr25_tce,008/008168/008168581/dv/kplr008168581-001-20160209194854_dvs.pdf,q1_q17_dr25_sup_koi,q1_q17_dr25_koi,2454965.909,0.000961,-0.000961,008/008168/008168581/dv/kplr008168581-20160209194854_dvr.pdf,0,1,0,0,501.88,442.73,-144.4,0.04516,0.67619,-0.00349,LS+MCMC,0.0,0
4914709,K06470.01,,289.08063,0.0,19h16m19.35s,40.026791,0.0,+40d01m36.4s,16.328,,15.553,,15.344,,15.197,,14.186,0.025,13.735,0.033,13.71,0.043,15.639,,cumulative,Done,11111111111111111000000000000000,FALSE POSITIVE,FALSE POSITIVE,1,157.0,4.722146,11.460257,0.8639,Claret (2011 A&A 529 75) ATLAS LS,0.0,0.0,0.1914,0.5167,Mandel and Agol (2002 ApJ 580 171),14.7,,,136.66798,0.00308,-0.00308,0.0,,,,,,1.88,0.31,-0.18,0.0787,,,0.369,0.085,-0.369,1.091,0.13,-0.13,,,,497.0,46.6,-46.6,8.65303996,2.929e-05,-2.929e-05,0.020507,0.001101,-0.001405,57.6,14.7,-14.7,89.63,,,764.0,,,5301.0,175.0,-159.0,4.528,0.051,-0.11,0.06,0.25,-0.3,0.84,0.138,-0.08,0.869,0.08,-0.08,,,,q1_q17_dr25_stellar,0.0,19.272051,2.4e-05,40.0277,0.00029,0.4,1.0,3.3,1.1,-0.00016,0.00045,-0.00147,0.00047,0.43,0.94,0.33,0.43,0.54,0.74,0.3,1.1,0.3,0.35,0.41,0.74,MOD_SEC_DV---MOD_SEC_ALT---HAS_SEC_TCE---EPHEM_MATCH,2018-08-16 00:00:00,1.0,q1_q17_dr25_tce,004/004914/004914709/dv/kplr004914709-001-20160209194854_dvs.pdf,q1_q17_dr25_sup_koi,q1_q17_dr25_koi,2454969.668,0.00308,-0.00308,004/004914/004914709/dv/kplr004914709-20160209194854_dvr.pdf,0,1,0,1,80.51,43.77,-22.16,48.38249,24.73125,-25.79092,LS+MCMC,0.0,0
11858979,K04062.01,,288.90887,0.0,19h15m38.13s,50.16283,0.0,+50d09m46.2s,14.463,,14.038,,13.911,,13.857,,13.03,0.026,12.729,0.032,12.755,0.029,14.077,,cumulative,Done,00000000010000000000000000000000,FALSE POSITIVE,FALSE POSITIVE,1,29.0,7.359649,19.730581,0.7287,Claret (2011 A&A 529 75) ATLAS LS,0.0,0.0,0.3058,0.3071,Mandel and Agol (2002 ApJ 580 171),37.7,,,131.7541,0.0194,-0.0194,0.0,,,,,,36.0,10.97,-5.9,0.0411,,,1.259,6.753,-0.16,1.7332,0.0658,-0.0658,,,,1169.2,36.8,-36.8,3.05933906,7.25e-05,-7.25e-05,0.29539,6.739343,-0.156413,4.31,2.1,-2.1,73.0,,,1434.0,,,6238.0,197.0,-241.0,4.337,0.132,-0.198,-0.32,0.3,-0.3,1.116,0.34,-0.183,0.986,0.16,-0.107,,,,q1_q17_dr25_stellar,0.0,19.26064,1.5e-05,50.16308,0.00017,1.68,0.52,0.9,0.61,-0.00111,0.00044,-0.00082,0.00053,0.739,0.09,1.336,0.088,1.527,0.089,0.682,0.09,1.312,0.088,1.479,0.089,MOD_SEC_ALT---CENT_FEW_DIFFS,2018-08-16 00:00:00,1.0,q1_q17_dr25_tce,011/011858/011858979/dv/kplr011858979-001-20160209194854_dvs.pdf,q1_q17_dr25_sup_koi,q1_q17_dr25_koi,2454964.754,0.0194,-0.0194,011/011858/011858979/dv/kplr011858979-20160209194854_dvr.pdf,0,1,1,0,999.16,926.77,-402.64,0.16138,4.30071,-0.01209,LS+MCMC,0.0,0
12306058,K02541.01,Kepler-391 b,290.62183,0.0,19h22m29.24s,51.057301,0.0,+51d03m26.3s,13.683,,12.931,,12.717,,12.56,,11.564,0.025,11.072,0.027,10.97,0.025,13.007,,cumulative,Done,11111111111111111000000000000000,CONFIRMED,CANDIDATE,2,179.0,3.3107011,14.347328,0.3376,Claret (2011 A&A 529 75) ATLAS LS,0.0,0.0,0.1653,0.5567,Mandel and Agol (2002 ApJ 580 171),20.6,,,137.96389,0.00868,-0.00868,0.0,,,,,,3.36,0.62,-0.56,0.0777,,,0.873,0.002,-0.621,7.274,0.225,-0.225,,,,72.6,3.9,-3.9,7.41683033,7.9e-05,-7.9e-05,0.009246,0.002279,-0.001656,4.05,1.9,-1.9,77.56,,,1425.0,,,4938.0,69.0,-79.0,3.45,0.143,-0.13,0.0,0.15,-0.15,3.324,0.613,-0.551,1.136,0.17,-0.153,,,,q1_q17_dr25_stellar,0.294,19.374802,1.7e-05,51.0575,0.00019,0.48,0.59,0.71,0.69,-2.7e-05,4.1e-05,-3.5e-05,4.8e-05,0.87,0.32,0.35,0.85,0.94,0.56,0.96,0.29,0.57,0.78,1.12,0.6,NO_COMMENT,2018-08-16 00:00:00,1.0,q1_q17_dr25_tce,012/012306/012306058/dv/kplr012306058-001-20160209194854_dvs.pdf,q1_q17_dr25_sup_koi,q1_q17_dr25_koi,2454970.964,0.00868,-0.00868,012/012306/012306058/dv/kplr012306058-20160209194854_dvr.pdf,0,0,0,0,973.85,470.28,-338.44,0.02287,0.13161,-0.01867,LS+MCMC,0.868,1
4645174,K03437.01,Kepler-1500 b,288.88333,0.0,19h15m32.00s,39.74456,0.0,+39d44m40.4s,15.056,,14.577,,14.414,,14.333,,13.476,0.024,13.149,0.023,13.03,0.031,14.606,,cumulative,Done,11111111111111111000000000000000,CONFIRMED,CANDIDATE,2,92.0,4.243955,12.399577,0.7539,Claret (2011 A&A 529 75) ATLAS LS,0.0,0.0,0.2638,0.4046,Mandel and Agol (2002 ApJ 580 171),14.9,,,131.89493,0.00927,-0.00927,0.0,,,,,,2.18,0.33,-0.48,0.1236,,,0.896,0.059,-0.606,6.326,0.295,-0.295,,,,132.2,10.2,-10.2,15.0330623,0.0001883,-0.0001883,0.012497,0.001719,-0.002273,8.6,4.3,-4.3,84.02,,,928.0,,,5849.0,70.0,-79.0,4.076,0.182,-0.098,0.14,0.15,-0.15,1.601,0.237,-0.356,1.114,0.119,-0.095,,,,q1_q17_dr25_stellar,0.148,19.258868,2.5e-05,39.74482,0.00028,-0.8,1.1,0.9,1.0,0.00014,0.00014,-9e-05,0.00013,0.17,0.57,-0.26,0.65,0.31,0.62,0.54,0.92,-0.01,0.72,0.54,0.92,CENT_KIC_POS,2018-08-16 00:00:00,1.0,q1_q17_dr25_tce,004/004645/004645174/dv/kplr004645174-001-20160209194854_dvs.pdf,q1_q17_dr25_sup_koi,q1_q17_dr25_koi,2454964.895,0.00927,-0.00927,004/004645/004645174/dv/kplr004645174-20160209194854_dvr.pdf,0,0,0,0,175.74,67.18,-75.09,0.05326,0.47718,-0.03499,LS+MCMC,0.995,1
7121885,K03467.01,,293.03067,0.0,19h32m07.36s,42.63522,0.0,+42d38m06.8s,15.645,,15.149,,14.996,,14.912,,14.061,0.031,13.753,0.039,13.707,0.05,15.191,,cumulative,Done,00011111111111111000000000000000,FALSE POSITIVE,FALSE POSITIVE,1,36.0,1374.4504,5193.9497,0.2797,Claret (2011 A&A 529 75) ATLAS LS,0.0,0.0,0.302,0.319,Mandel and Agol (2002 ApJ 580 171),1112.0,,,147.182401,0.000304,-0.000304,0.0,,,,,,138.25,47.47,-19.06,0.2103,,,1.979,0.511,-0.22,11.1677,0.023,-0.023,,,,32990.3,38.7,-38.7,33.93754213,1.12e-05,-1.12e-05,1.187681,0.497124,-0.217855,21.75,5.7,-5.7,84.78,,,618.0,,,6220.0,194.0,-259.0,4.414,0.072,-0.217,-0.1,0.25,-0.3,1.066,0.366,-0.147,1.07,0.168,-0.137,,,,q1_q17_dr25_stellar,0.0,19.53537521,5.3e-08,42.63525094,5.2e-07,-0.1108,0.0021,0.1114,0.0019,-0.04,0.24,0.02,0.32,0.022,0.067,0.005,0.067,0.023,0.067,-0.002,0.067,0.099,0.068,0.099,0.068,MOD_SEC_DV---MOD_SEC_ALT---HAS_SEC_TCE---CENT_NOFITS,2018-08-16 00:00:00,1.0,q1_q17_dr25_tce,007/007121/007121885/dv/kplr007121885-001-20160209194854_dvs.pdf,q1_q17_dr25_sup_koi,q1_q17_dr25_koi,2454980.182,0.000304,-0.000304,007/007121/007121885/dv/kplr007121885-20160209194854_dvr.pdf,0,1,0,0,34.42,35.81,-12.84,0.16909,0.04427,-0.03208,LS+MCMC,0.0,0
4763020,K08097.01,,295.94016,0.0,19h43m45.64s,39.849072,0.0,+39d50m56.7s,13.062,,12.539,,12.371,,12.265,,11.387,0.021,11.082,0.017,11.011,0.017,12.578,,cumulative,Done,11111011101110111000000000000000,FALSE POSITIVE,FALSE POSITIVE,1,3.0,6.3833685,7.1536813,0.539,Claret (2011 A&A 529 75) ATLAS LS,0.0,0.0,0.2946,0.3268,Mandel and Agol (2002 ApJ 580 171),8.7,,,418.6723,0.0573,-0.0573,0.0,,,,,,1.63,0.34,-0.51,1.0068,,,0.016,0.419,-0.016,12.55,1.4,-1.4,,,,100.1,13.5,-13.5,384.09781,0.02447,-0.02447,0.009146,0.000489,-0.000959,236.0,116.0,-116.0,90.0,,,330.0,,,5884.0,177.0,-133.0,3.979,0.323,-0.129,-0.48,0.35,-0.2,1.628,0.341,-0.511,0.921,0.142,-0.095,,,,q1_q17_dr25_stellar,0.335,19.729303,4.2e-05,39.84922,0.00051,-1.7,1.8,0.5,1.8,0.00022,0.00021,-4e-05,0.00022,1.54,0.68,-0.81,0.92,1.7,1.0,1.77,0.69,-0.46,0.84,1.83,0.7,INCONSISTENT_TRANS---CENT_FEW_DIFFS,2018-08-16 00:00:00,1.0,q1_q17_dr25_tce,004/004763/004763020/dv/kplr004763020-001-20160209194854_dvs.pdf,q1_q17_dr25_sup_koi,q1_q17_dr25_koi,2455251.672,0.0573,-0.0573,004/004763/004763020/dv/kplr004763020-20160209194854_dvr.pdf,1,0,0,0,2.8,1.82,-1.59,1.68329,5.78244,-0.74793,LS+MCMC,0.017,0
9851943,K04001.01,,299.04044,0.0,19h56m09.71s,46.670368,0.0,+46d40m13.3s,16.053,,15.212,,14.912,,14.753,,13.729,0.043,13.181,0.045,13.082,0.039,15.254,,cumulative,Done,11111101110111011000000000000000,FALSE POSITIVE,FALSE POSITIVE,1,998.0,3.2893121,19.400124,0.9248,Claret (2011 A&A 529 75) ATLAS LS,0.0,0.0,0.1731,0.5396,Mandel and Agol (2002 ApJ 580 171),33.9,,,131.52874,0.00369,-0.00369,0.0,,,,,,0.99,0.09,-0.09,0.0183,,,0.0,0.44,0.0,5.136,0.129,-0.129,,,,202.9,7.5,-7.5,1.081935491,5.371e-06,-5.371e-06,0.012649,0.000537,-0.000284,1.7394,0.0922,-0.0922,89.99,,,1364.0,,,4938.0,148.0,-133.0,4.569,0.065,-0.04,-0.26,0.3,-0.3,0.718,0.062,-0.069,0.697,0.088,-0.054,,,,q1_q17_dr25_stellar,0.0,19.936009,1.4e-05,46.66929,0.00015,-0.76,0.52,-3.88,0.54,0.000298,8.5e-05,0.000659,8.9e-05,-0.9,1.2,-8.7,1.1,8.7,1.1,-0.7,1.2,-8.6,1.1,8.6,1.1,MOD_SEC_DV---CENT_RESOLVED_OFFSET---HALO_GHOST---EPHEM_MATCH,2018-08-16 00:00:00,1.0,q1_q17_dr25_tce,009/009851/009851943/dv/kplr009851943-001-20160209194854_dvs.pdf,q1_q17_dr25_sup_koi,q1_q17_dr25_koi,2454964.529,0.00369,-0.00369,009/009851/009851943/dv/kplr009851943-20160209194854_dvr.pdf,0,1,1,1,819.14,268.79,-219.12,0.08505,0.00451,-0.02136,LS+MCMC,0.0,0
4390912,K07695.01,,297.33377,0.0,19h49m20.10s,39.44759,0.0,+39d26m51.3s,13.416,,12.433,,12.06,,11.805,,10.567,0.02,10.012,0.022,9.88,0.018,12.467,,cumulative,Done,11101111111111100000000000000000,FALSE POSITIVE,FALSE POSITIVE,1,1680.0,3.5421503,12.605807,0.851,Claret (2011 A&A 529 75) ATLAS LS,0.0,0.0,0.1392,0.594,Mandel and Agol (2002 ApJ 580 171),14.4,,,131.85964,0.00499,-0.00499,0.0,,,,,,8.73,1.46,-0.25,0.0147,,,0.085,0.372,-0.085,1.441,0.164,-0.164,,,,130.3,12.0,-12.0,0.687506554,4.199e-06,-4.199e-06,0.010109,0.000792,-0.000466,3.716,0.502,-0.502,88.69,,,4748.0,,,4643.0,55.0,-55.0,2.595,0.024,-0.033,-0.18,0.15,-0.1,7.906,1.325,-0.221,0.898,0.268,-0.015,,,,q1_q17_dr25_stellar,0.0,19.8222642,9.7e-06,39.44742,0.00014,0.51,0.41,-0.63,0.52,-8.4e-05,3.1e-05,0.000161,4e-05,10.86,0.13,-3.46,0.18,11.4,0.17,11.13,0.17,-3.38,0.18,11.63,0.19,MOD_NONUNIQ_ALT---CENT_RESOLVED_OFFSET,2018-08-16 00:00:00,1.0,q1_q17_dr25_tce,004/004390/004390912/dv/kplr004390912-001-20160209194854_dvs.pdf,q1_q17_dr25_sup_koi,q1_q17_dr25_koi,2454964.86,0.00499,-0.00499,004/004390/004390912/dv/kplr004390912-20160209194854_dvr.pdf,1,0,1,0,120304.4,51614.14,-11923.05,2.05445,0.27762,-1.33373,LS+MCMC,0.0,0
4569942,K08248.01,,293.94141,0.0,19h35m45.94s,39.642658,0.0,+39d38m33.6s,15.933,,15.137,,14.892,,14.711,,13.769,0.026,13.309,0.024,13.191,0.035,15.204,,cumulative,Done,00011011101110111000000000000000,FALSE POSITIVE,FALSE POSITIVE,1,4.0,5.432914,7.796777,0.8441,Claret (2011 A&A 529 75) ATLAS LS,0.0,0.0,0.1914,0.5167,Mandel and Agol (2002 ApJ 580 171),7.7,,,160.2278,0.0184,-0.0184,0.0,,,,,,2.38,0.61,-0.37,0.7643,,,0.016,0.449,-0.016,4.124,0.554,-0.554,,,,695.0,120.0,-120.0,267.911652,0.006065,-0.006065,0.023571,0.00339,-0.001307,508.0,195.0,-195.0,90.0,,,257.0,,,5291.0,185.0,-185.0,4.423,0.136,-0.221,0.06,0.25,-0.3,0.926,0.234,-0.144,0.828,0.107,-0.066,,,,q1_q17_dr25_stellar,0.436,19.596099,5e-05,39.64236,0.00053,0.2,2.1,-1.1,1.9,-0.0002,0.0013,0.0009,0.0012,2.3,1.7,-2.04,0.69,3.1,1.3,2.3,1.7,-2.1,0.72,3.1,1.3,INDIV_TRANS_CHASES---CENT_FEW_DIFFS,2018-08-16 00:00:00,1.0,q1_q17_dr25_tce,004/004569/004569942/dv/kplr004569942-001-20160209194854_dvs.pdf,q1_q17_dr25_sup_koi,q1_q17_dr25_koi,2454993.228,0.0184,-0.0184,004/004569/004569942/dv/kplr004569942-20160209194854_dvr.pdf,1,0,0,0,1.03,0.82,-0.39,34.53067,39.84482,-33.89143,LS+MCMC,0.159,0
9967009,K03462.01,,297.70197,0.0,19h50m48.47s,46.823318,0.0,+46d49m23.9s,16.462,,15.866,,15.682,,15.572,,14.646,0.033,14.287,0.041,14.347,0.073,15.916,,cumulative,Done,01111101110111011000000000000000,CANDIDATE,CANDIDATE,2,86.0,2.9194205,9.358867,0.0629,Claret (2011 A&A 529 75) ATLAS LS,0.0,0.0,0.2329,0.4554,Mandel and Agol (2002 ApJ 580 171),11.5,,,142.1049,0.0194,-0.0194,0.0,,,,,,1.88,0.32,-0.39,0.102,,,0.212,0.252,-0.212,7.81,0.549,-0.549,,,,240.3,23.2,-23.2,12.4326997,0.0003134,-0.0003134,0.014003,0.000781,-0.000914,12.075,0.704,-0.704,88.99,,,839.0,,,5480.0,82.0,-65.0,4.22,0.192,-0.112,0.14,0.15,-0.1,1.229,0.21,-0.257,0.914,0.065,-0.038,,,,q1_q17_dr25_stellar,0.026,19.846867,3.2e-05,46.82387,0.00047,2.5,1.2,2.0,1.7,-0.00051,0.00025,-0.00019,0.00036,0.02,0.6,0.27,0.39,0.27,0.39,-0.03,0.61,0.5,0.36,0.5,0.36,NO_COMMENT,2018-08-16 00:00:00,1.0,q1_q17_dr25_tce,009/009967/009967009/dv/kplr009967009-001-20160209194854_dvs.pdf,q1_q17_dr25_sup_koi,q1_q17_dr25_koi,2454975.105,0.0194,-0.0194,009/009967/009967009/dv/kplr009967009-20160209194854_dvr.pdf,0,0,0,0,117.17,53.3,-47.29,0.21545,0.01256,-0.12727,LS+MCMC,0.842,1
6444896,K03138.01,Kepler-1649 b,292.50378,0.0,19h30m00.91s,41.830421,0.0,+41d49m49.5s,18.164,,17.11,,16.687,,,,13.379,0.023,12.852,0.02,12.589,0.026,17.131,,cumulative,Done,00000111100111111000000000000000,CONFIRMED,CANDIDATE,2,91.0,3.7267683,11.992775,0.2931,Claret (2011 A&A 529 75) ATLAS LS,0.0,0.0,0.366,0.3573,Mandel and Agol (2002 ApJ 580 171),9.6,,,133.23559,0.00388,-0.00388,0.0,,,,,,0.49,0.0,0.0,0.0378,,,0.049,0.417,-0.049,1.1627,0.0951,-0.0951,,,,1679.0,134.0,-134.0,8.68910764,3.364e-05,-3.364e-05,0.038216,0.002406,-0.001287,59.2,12.2,-12.2,89.95,,,211.0,,,2703.0,0.0,0.0,5.274,0.0,0.0,0.0,0.0,0.0,0.118,0.0,0.0,0.096,0.0,0.0,,,,q1_q17_dr25_stellar,0.008,19.500232,2e-05,41.83046,0.00022,-0.83,0.8,0.13,0.79,-0.0014,0.0015,-0.0019,0.0016,0.35,0.16,-0.03,0.16,0.35,0.16,-1.56,0.15,-1.21,0.28,1.97,0.25,CENT_KIC_POS,2018-08-16 00:00:00,1.0,q1_q17_dr25_tce,006/006444/006444896/dv/kplr006444896-001-20160209194854_dvs.pdf,q1_q17_dr25_sup_koi,q1_q17_dr25_koi,2454966.236,0.00388,-0.00388,006/006444/006444896/dv/kplr006444896-20160209194854_dvr.pdf,0,0,0,0,0.47,0.0,0.0,52.00896,10.67301,-26.81203,LS+MCMC,1.0,1
5388229,K06574.01,,298.21118,0.0,19h52m50.68s,40.512501,0.0,+40d30m45.0s,15.367,,14.623,,14.391,,14.233,,13.315,0.021,12.828,0.024,12.713,0.026,14.684,,cumulative,Done,11111111111111111000000000000000,FALSE POSITIVE,FALSE POSITIVE,1,2160.0,7.8876877,10.657215,,Claret (2011 A&A 529 75) ATLAS LS,0.0,0.0,0.215,0.4824,Mandel and Agol (2002 ApJ 580 171),118.7,,,131.74488,0.00129,-0.00129,0.0,,,,,,39.52,24.04,-5.58,0.0134,,,1.2326,0.0244,-0.2874,6.666,0.334,-0.334,,,,12264.0,1977.0,-1977.0,0.61810542,8.56e-07,-8.56e-07,0.381399,0.026143,-0.248173,1.3367,0.0863,-0.0863,22.92,,,1994.0,,,5371.0,177.0,-147.0,4.403,0.13,-0.13,0.0,0.28,-0.26,0.949,0.577,-0.134,0.83,0.134,-0.064,,,,stellar_q1_q17,0.0,19.880796,1.2e-05,40.51198,0.00012,2.1,0.49,-1.89,0.42,-0.00048,0.00011,0.000328,9.2e-05,-0.068,0.071,-0.058,0.068,0.089,0.07,-0.087,0.071,-0.26,0.069,0.274,0.069,,2018-08-16 00:00:00,1.0,q1_q17_dr24_tce,005/005388/005388229/dv/kplr005388229-001-20141002224145_dvs.pdf,q1_q17_dr25_sup_koi,q1_q17_dr24_koi,2454964.745,0.00129,-0.00129,005/005388/005388229/dv/kplr005388229-20141002224145_dvr.pdf,1,0,0,0,3735.52,7260.95,-1269.9,0.11827,0.00764,-0.05506,MCMC,,0
7385387,K06874.01,,297.7178,0.0,19h50m52.27s,42.989311,0.0,+42d59m21.5s,16.568,,15.833,,15.58,,15.469,,14.474,0.026,14.068,0.031,13.938,0.049,15.876,,cumulative,Done,00011111111111111000000000000000,FALSE POSITIVE,FALSE POSITIVE,1,684.0,3.3379552,10.601633,0.9973,Claret (2011 A&A 529 75) ATLAS LS,0.0,0.0,0.2327,0.4526,Mandel and Agol (2002 ApJ 580 171),12.4,,,133.13661,0.00985,-0.00985,0.0,,,,,,0.9,0.2,-0.08,0.0266,,,0.109,0.363,-0.109,3.52,0.228,-0.228,,,,125.1,12.0,-12.0,1.65546056,1.783e-05,-1.783e-05,0.010068,0.000758,-0.000477,3.656,0.664,-0.664,88.29,,,1331.0,,,5438.0,187.0,-187.0,4.574,0.027,-0.153,0.02,0.25,-0.3,0.82,0.181,-0.073,0.92,0.072,-0.108,,,,q1_q17_dr25_stellar,0.0,19.84801,3.6e-05,42.9879,0.0004,6.2,1.4,-5.1,1.4,-0.00061,0.00014,0.00059,0.00014,3.01,0.5,-3.32,0.45,4.48,0.52,3.02,0.5,-3.2,0.46,4.4,0.53,CENT_RESOLVED_OFFSET---HALO_GHOST---EPHEM_MATCH,2018-08-16 00:00:00,1.0,q1_q17_dr25_tce,007/007385/007385387/dv/kplr007385387-001-20160209194854_dvs.pdf,q1_q17_dr25_sup_koi,q1_q17_dr25_koi,2454966.137,0.00985,-0.00985,007/007385/007385387/dv/kplr007385387-20160209194854_dvr.pdf,0,0,1,1,743.75,525.08,-207.15,0.33739,0.06126,-0.15565,LS+MCMC,0.0,0
5271803,K06549.01,,290.79919,0.0,19h23m11.81s,40.41156,0.0,+40d24m41.6s,13.857,,13.623,,13.596,,13.607,,12.867,0.023,12.717,0.023,12.672,0.029,13.681,,cumulative,Done,11111111111111111000000000000000,FALSE POSITIVE,FALSE POSITIVE,1,2480.0,14.6441765,10.776869,,Claret (2011 A&A 529 75) ATLAS LS,0.0,0.0,0.3361,0.2351,Mandel and Agol (2002 ApJ 580 171),1.6,,,131.5521,0.0403,-0.0403,0.0,,,,,,6.2,4.92,-0.91,0.0147,,,0.9411,0.0136,-0.6371,13.93,4.9,-4.9,,,,1148.0,421.0,-421.0,0.5402463,0.0001018,-0.0001018,0.037888,0.017438,-0.006187,0.373,0.187,-0.187,,,,3249.0,,,7296.0,226.0,-341.0,4.249,0.073,-0.073,-0.08,0.24,-0.4,1.498,1.19,-0.22,1.45,0.351,-0.258,,,,stellar_q1_q17,0.045,19.3866185,8e-06,40.411619,8.9e-05,0.27,0.33,0.21,0.32,-1.8e-05,2.1e-05,-2.1e-05,2.1e-05,-0.03,0.34,-0.09,0.22,0.1,0.35,-0.1,0.37,-0.21,0.22,0.23,0.33,SIG_SEC_IN_DV_MODEL_SHIFT---EYEBALL---INVERT_DIFF,2018-08-16 00:00:00,1.0,q1_q17_dr24_tce,005/005271/005271803/dv/kplr005271803-001-20141002224145_dvs.pdf,q1_q17_dr25_sup_koi,q1_q17_dr24_koi,2454964.552,0.0403,-0.0403,005/005271/005271803/dv/kplr005271803-20141002224145_dvr.pdf,0,1,0,0,26335.17,69464.72,-10507.27,0.00337,299.55292,-0.00049,MCMC,,0
9419020,K04808.01,,297.2905,0.0,19h49m09.72s,45.955029,0.0,+45d57m18.1s,17.317,,15.898,,15.06,,14.646,,13.406,0.023,12.683,0.022,12.507,0.022,15.737,,cumulative,Done,01111101110111011000000000000000,CANDIDATE,CANDIDATE,1,437.0,3.5125313,9.516003,0.9101,Claret (2011 A&A 529 75) ATLAS LS,0.0,0.0,0.3976,0.3142,Mandel and Agol (2002 ApJ 580 171),13.2,,,131.7811,0.00466,-0.00466,0.0,,,,,,0.65,0.08,-0.11,0.0262,,,0.47,0.002,-0.47,1.413,0.17,-0.17,,,,254.4,24.2,-24.2,2.40174996,1.34e-05,-1.34e-05,0.014851,0.000511,-0.001216,11.7,3.0,-3.0,87.7,,,621.0,,,3606.0,81.0,-90.0,4.855,0.065,-0.052,-0.2,0.2,-0.2,0.399,0.053,-0.065,0.415,0.05,-0.069,,,,q1_q17_dr25_stellar,0.021,19.819298,3.3e-05,45.95535,0.00041,-2.6,1.3,1.2,1.5,0.0005,0.00025,-0.0002,0.00029,-1.88,0.22,-0.17,0.2,1.89,0.22,-1.57,0.22,0.08,0.2,1.58,0.22,CENT_KIC_POS,2018-08-16 00:00:00,1.0,q1_q17_dr25_tce,009/009419/009419020/dv/kplr009419020-001-20160209194854_dvs.pdf,q1_q17_dr25_sup_koi,q1_q17_dr25_koi,2454964.781,0.00466,-0.00466,009/009419/009419020/dv/kplr009419020-20160209194854_dvr.pdf,0,0,0,0,35.1,14.12,-12.87,5.25434,2.69846,-2.94255,LS+MCMC,0.17,1
5391407,K08254.01,,298.81052,0.0,19h55m14.52s,40.540199,0.0,+40d32m24.7s,14.459,,14.025,,13.901,,13.859,,13.06,0.019,12.822,0.024,12.734,0.026,14.068,,cumulative,Done,00000000010000000000000000000000,FALSE POSITIVE,FALSE POSITIVE,1,144.0,72.72307,479.74585,-1.0,Claret (2011 A&A 529 75) ATLAS LS,0.0,0.0,0.3138,0.2998,Mandel and Agol (2002 ApJ 580 171),206.3,,,131.7556646,,,0.0,,,,,,162.15,57.3,-19.1,0.0156,,,1.757,,,5.1609,,,,,,141454.0,,,0.638697833,,,1.258352,0.0,0.0,2.395646,,,42.83,,,2464.0,,,6424.0,179.0,-246.0,4.388,0.07,-0.224,0.07,0.25,-0.35,1.18,0.417,-0.139,1.242,0.18,-0.198,,,,q1_q17_dr25_stellar,0.03,19.92071972,1.7e-07,40.5400787,2.9e-06,0.727,0.0069,-0.437,0.01,0.0,0.012,0.0,0.016,-0.017,0.067,0.01,0.067,0.019,0.067,0.002,0.067,-0.018,0.067,0.018,0.067,SWEET_EB---MOD_SEC_ALT---DEEP_V_SHAPED---CENT_FEW_DIFFS,2018-08-16 00:00:00,1.0,q1_q17_dr25_tce,005/005391/005391407/dv/kplr005391407-001-20160209194854_dvs.pdf,q1_q17_dr25_sup_koi,q1_q17_dr25_koi,2454964.756,,,005/005391/005391407/dv/kplr005391407-20160209194854_dvr.pdf,0,1,0,0,8720.57,9108.7,-2914.91,0.63758,0.0,0.0,LS,0.0,0
6803855,K01695.01,Kepler-930 b,298.31445,0.0,19h53m15.47s,42.24744,0.0,+42d14m50.8s,14.252,,13.747,,13.579,,13.516,,12.641,0.021,12.345,0.017,12.258,0.021,13.781,,cumulative,Done,11111111111111111000000000000000,CONFIRMED,CANDIDATE,1,19.0,4.9955993,12.382159,0.7015,Claret (2011 A&A 529 75) ATLAS LS,0.0,0.0,0.303,0.3166,Mandel and Agol (2002 ApJ 580 171),16.6,,,148.80814,0.00646,-0.00646,0.0,,,,,,2.19,0.64,-0.63,0.3475,,,0.017,0.427,-0.017,6.276,0.219,-0.219,,,,216.9,15.3,-15.3,71.4523167,0.0006386,-0.0006386,0.013504,0.000713,-0.000485,88.14,7.6,-7.6,89.99,,,561.0,,,6148.0,184.0,-220.0,4.132,0.28,-0.172,-0.1,0.25,-0.3,1.488,0.432,-0.432,1.094,0.178,-0.146,,,,q1_q17_dr25_stellar,0.007,19.887614,3e-05,42.24704,0.00025,-0.6,1.2,-1.42,0.89,-5e-05,0.00025,0.00034,0.00019,-0.28,0.49,-0.41,0.36,0.5,0.41,-0.32,0.48,-0.48,0.36,0.58,0.4,NO_COMMENT,2018-08-16 00:00:00,1.0,q1_q17_dr25_tce,006/006803/006803855/dv/kplr006803855-001-20160209194854_dvs.pdf,q1_q17_dr25_sup_koi,q1_q17_dr25_koi,2454981.808,0.00646,-0.00646,006/006803/006803855/dv/kplr006803855-20160209194854_dvr.pdf,0,0,0,0,23.44,20.48,-13.23,2.53706,0.21956,-0.97467,LS+MCMC,0.99,1
10676923,K01297.01,,296.14877,0.0,19h44m35.70s,47.934872,0.0,+47d56m05.5s,15.538,,15.082,,14.956,,14.885,,13.996,0.025,13.738,0.025,13.643,0.05,15.131,,cumulative,Done,11111101110111011000000000000000,FALSE POSITIVE,FALSE POSITIVE,1,1040.0,4.0345764,16.354301,0.9993,Claret (2011 A&A 529 75) ATLAS LS,0.0,0.0,0.3032,0.3147,Mandel and Agol (2002 ApJ 580 171),37.8,,,133.93938,0.00214,-0.00214,0.0,,,,,,2.36,0.8,-0.27,0.0207,,,0.979,0.175,-0.054,2.781,0.171,-0.171,,,,265.4,10.2,-10.2,1.031096352,2.796e-06,-2.796e-06,0.020135,0.150505,-0.003049,1.2847,0.0763,-0.0763,40.38,,,2020.0,,,6371.0,176.0,-220.0,4.426,0.056,-0.224,-0.18,0.25,-0.3,1.072,0.363,-0.121,1.117,0.169,-0.154,,,,q1_q17_dr25_stellar,0.0,19.743567,2.4e-05,47.95447,0.00038,11.42,0.86,70.6,1.4,-0.00131,0.0001,-0.00814,0.00016,1.881,0.067,10.703,0.067,10.867,0.068,1.867,0.071,10.702,0.068,10.864,0.068,CENT_RESOLVED_OFFSET---EPHEM_MATCH,2018-08-16 00:00:00,1.0,q1_q17_dr25_tce,010/010676/010676923/dv/kplr010676923-001-20160209194854_dvs.pdf,q1_q17_dr25_sup_koi,q1_q17_dr25_koi,2454966.939,0.00214,-0.00214,010/010676/010676923/dv/kplr010676923-20160209194854_dvr.pdf,0,0,1,1,3954.46,3947.6,-1250.43,0.03773,0.00224,-0.01023,LS+MCMC,0.0,0
10881457,K03484.01,Kepler-1510 b,298.95914,0.0,19h55m50.19s,48.25782,0.0,+48d15m28.2s,15.613,,15.133,,14.978,,14.926,,14.076,0.035,13.779,0.047,13.728,0.054,15.169,,cumulative,Done,00011101110111011000000000000000,CONFIRMED,CANDIDATE,1,11.0,6.0028315,13.789443,0.5902,Claret (2011 A&A 529 75) ATLAS LS,0.0,0.0,0.2891,0.3589,Mandel and Agol (2002 ApJ 580 171),17.0,,,152.1832,0.0192,-0.0192,0.0,,,,,,4.17,0.73,-0.89,0.4089,,,0.01,0.428,-0.01,10.393,0.368,-0.368,,,,655.7,45.0,-45.0,84.704139,0.001858,-0.001858,0.02339,0.0011,-0.000948,63.72,5.1,-5.1,89.99,,,537.0,,,6085.0,79.0,-85.0,4.115,0.174,-0.116,0.14,0.15,-0.1,1.634,0.285,-0.348,1.271,0.107,-0.143,,,,q1_q17_dr25_stellar,0.458,19.930618,2.1e-05,48.25787,0.00025,0.31,0.75,0.17,0.9,-0.00018,0.00048,-0.00034,0.00058,-0.36,0.47,-0.97,0.62,1.03,0.67,-0.33,0.55,-0.91,0.74,0.97,0.83,NO_COMMENT,2018-08-16 00:00:00,1.0,q1_q17_dr25_tce,010/010881/010881457/dv/kplr010881457-001-20160209194854_dvs.pdf,q1_q17_dr25_sup_koi,q1_q17_dr25_koi,2454985.183,0.0192,-0.0192,010/010881/010881457/dv/kplr010881457-20160209194854_dvr.pdf,0,0,0,0,19.59,8.87,-8.12,0.68214,0.05468,-0.24807,LS+MCMC,0.966,1
7670617,K06901.01,,287.18448,0.0,19h08m44.28s,43.367088,0.0,+43d22m01.5s,16.232,,15.466,,15.211,,15.05,,13.979,0.028,13.511,0.033,13.419,0.033,15.517,,cumulative,Done,11111111111111111000000000000000,FALSE POSITIVE,FALSE POSITIVE,1,55.0,2300.6394,4912.5977,0.0386,Claret (2011 A&A 529 75) ATLAS LS,0.0,0.0,0.1908,0.5172,Mandel and Agol (2002 ApJ 580 171),268.7,,,136.13429,0.000348,-0.000348,0.0,,,,,,30.13,3.89,-2.09,0.1484,,,0.206,0.031,-0.032,6.9719,0.0238,-0.0238,,,,217538.0,1156.0,-1156.0,24.70361995,1.172e-05,-1.172e-05,0.424455,0.001635,-0.001932,38.163,0.377,-0.377,89.69,,,464.0,,,5030.0,151.0,-136.0,4.665,0.028,-0.077,-0.46,0.3,-0.3,0.65,0.084,-0.045,0.717,0.071,-0.064,,,,q1_q17_dr25_stellar,0.0,19.145632258,4.8e-08,43.36714714,5.1e-07,0.0101,0.0019,0.2057,0.0018,0.27,0.43,-0.21,0.59,-0.078,0.07,0.071,0.069,0.106,0.071,-0.001,0.067,0.044,0.067,0.044,0.067,MOD_SEC_DV---MOD_SEC_ALT---MOD_ODDEVEN_DV---DEEP_V_SHAPED---HAS_SEC_TCE,2018-08-16 00:00:00,1.0,q1_q17_dr25_tce,007/007670/007670617/dv/kplr007670617-001-20160209194854_dvs.pdf,q1_q17_dr25_sup_koi,q1_q17_dr25_koi,2454969.134,0.000348,-0.000348,007/007670/007670617/dv/kplr007670617-20160209194854_dvr.pdf,0,1,0,0,10.99,4.79,-2.46,1.72295,0.01704,-0.04028,LS+MCMC,0.0,0
11337372,K01650.02,Kepler-920 c,284.29694,0.0,18h57m11.27s,49.15868,0.0,+49d09m31.2s,15.85,,15.21,,15.036,,14.945,,14.026,0.027,13.649,0.041,13.511,0.036,15.28,,cumulative,Done,00011110111011101000000000000000,CONFIRMED,CANDIDATE,2,8.0,13.033024,30.88894,0.7547,Claret (2011 A&A 529 75) ATLAS LS,0.0,0.0,0.186,0.5256,Mandel and Agol (2002 ApJ 580 171),36.7,,,216.38757,0.0072,-0.0072,0.0,,,,,,4.35,0.43,-0.57,0.4029,,,0.676,0.233,-0.451,8.39,0.18,-0.18,,,,1778.8,49.8,-49.8,100.8276725,0.0007991,-0.0007991,0.040808,0.005708,-0.002786,72.7,31.7,-31.7,89.47,,,364.0,,,5301.0,85.0,-74.0,4.391,0.13,-0.07,0.16,0.15,-0.15,0.977,0.096,-0.128,0.856,0.066,-0.033,,,,q1_q17_dr25_stellar,0.002,18.953126,1.2e-05,49.15888,0.0001,-0.15,0.42,0.73,0.38,0.00109,0.00082,-0.00105,0.0008,-0.3,0.12,-0.16,0.14,0.34,0.15,-0.23,0.13,-0.27,0.12,0.35,0.15,NO_COMMENT,2018-08-16 00:00:00,2.0,q1_q17_dr25_tce,011/011337/011337372/dv/kplr011337372-002-20160209194854_dvs.pdf,q1_q17_dr25_sup_koi,q1_q17_dr25_koi,2455049.388,0.0072,-0.0072,011/011337/011337372/dv/kplr011337372-20160209194854_dvr.pdf,0,0,0,0,4.16,1.18,-1.19,0.71468,0.93456,-0.02839,LS+MCMC,1.0,1
7133286,K07581.01,,296.05859,0.0,19h44m14.06s,42.669567,0.0,+42d40m10.4s,13.889,,12.995,,12.668,,,,10.643,0.024,10.026,0.017,9.874,0.017,13.035,,cumulative,Done,11111111111111111000000000000000,FALSE POSITIVE,FALSE POSITIVE,1,26.0,306.83524,356.78256,-1.0,Claret (2011 A&A 529 75) ATLAS LS,0.0,0.0,0.101,0.6443,Mandel and Agol (2002 ApJ 580 171),3567.5,,,155.594831,0.000251,-0.000251,0.0,,,,,,18.68,1.33,-1.82,0.1906,,,0.467,0.002,-0.002,38.8558,0.0187,-0.0187,,,,84633.4,30.5,-30.5,38.51077573,1.168e-05,-1.168e-05,0.269442,0.000108,-0.000105,8.9746,0.0195,-0.0195,87.02,,,352.0,,,4374.0,153.0,-168.0,4.626,0.056,-0.024,-0.22,0.3,-0.3,0.635,0.045,-0.062,0.621,0.068,-0.056,,,,q1_q17_dr25_stellar,0.242,19.7372385,1.8e-06,42.669541,2.1e-05,-0.062,0.073,-0.094,0.074,0.000133,9.6e-05,-2.5e-05,9.9e-05,-0.001,0.068,0.027,0.072,0.027,0.072,0.087,0.068,-0.035,0.071,0.094,0.068,LPP_DV---LPP_ALT---CENT_NOFITS,2018-08-16 00:00:00,3.0,q1_q17_dr25_tce,007/007133/007133286/dv/kplr007133286-003-20160209194854_dvs.pdf,q1_q17_dr25_sup_koi,q1_q17_dr25_koi,2454988.595,0.000251,-0.000251,007/007133/007133286/dv/kplr007133286-20160209194854_dvr.pdf,1,0,0,0,3.64,1.14,-1.11,0.00922,2e-05,-3e-05,LS+MCMC,0.0,0
6805414,K05329.01,,298.64493,0.0,19h54m34.78s,42.285831,0.0,+42d17m09.0s,15.895,,15.34,,15.176,,15.093,,14.125,0.03,13.832,0.038,13.766,0.039,15.392,,cumulative,Done,11111111111111111000000000000000,CANDIDATE,CANDIDATE,1,7.0,44.927803,73.12736,0.0,Claret (2011 A&A 529 75) ATLAS LS,0.0,0.0,0.2889,0.3511,Mandel and Agol (2002 ApJ 580 171),220.6,,,305.44985,0.00207,-0.00207,0.0,,,,,,10.99,3.4,-1.21,0.686,,,0.674,0.017,-0.02,23.612,0.167,-0.167,,,,10812.1,59.0,-59.0,200.2350497,0.0005895,-0.0005895,0.100988,0.000553,-0.000687,56.4,3.4,-3.4,89.32,,,325.0,,,6108.0,189.0,-232.0,4.471,0.054,-0.216,-0.08,0.25,-0.3,0.997,0.308,-0.11,1.072,0.139,-0.153,,,,q1_q17_dr25_stellar,0.001,19.9096628,1.5e-06,42.285855,1.5e-05,0.033,0.061,0.09,0.053,0.0017,0.0031,0.0004,0.0042,0.01,0.1,0.052,0.081,0.054,0.082,0.06,0.11,0.038,0.088,0.07,0.11,NO_COMMENT,2018-08-16 00:00:00,1.0,q1_q17_dr25_tce,006/006805/006805414/dv/kplr006805414-001-20160209194854_dvs.pdf,q1_q17_dr25_sup_koi,q1_q17_dr25_koi,2455138.45,0.00207,-0.00207,006/006805/006805414/dv/kplr006805414-20160209194854_dvr.pdf,0,0,0,0,2.63,2.46,-0.85,0.08463,0.00514,-0.0062,LS+MCMC,0.999,1
7025540,K03550.01,,289.25281,0.0,19h17m00.67s,42.562611,0.0,+42d33m45.4s,16.724,,15.782,,15.38,,15.187,,14.018,0.026,13.422,0.021,13.354,0.033,15.783,,cumulative,Done,00011111111111111000000000000000,FALSE POSITIVE,FALSE POSITIVE,1,1055.0,978.16833,13139.942,0.0,Claret (2011 A&A 529 75) ATLAS LS,0.0,0.0,0.1263,0.6019,Mandel and Agol (2002 ApJ 580 171),619.8,,,132.76673,0.000132,-0.000132,0.0,,,,,,49.6,3.91,-4.8,0.0283,,,0.424,0.019,-0.021,2.94091,0.0066,-0.0066,,,,457844.0,845.0,-845.0,2.148219541,3.17e-07,-3.17e-07,0.675881,0.00885,-0.009267,9.106,0.098,-0.098,87.33,,,1009.0,,,4694.0,168.0,-168.0,4.6,0.059,-0.032,-0.28,0.3,-0.3,0.672,0.053,-0.065,0.657,0.08,-0.046,,,,q1_q17_dr25_stellar,,19.28352088,1.8e-08,42.56263463,2e-07,0.03502,0.0007,0.08866,0.00073,,,0.2,1.2,0.042,0.067,0.023,0.068,0.047,0.067,0.07,0.069,-0.027,0.07,0.075,0.069,SWEET_EB---DEPTH_ODDEVEN_DV---DEPTH_ODDEVEN_ALT---MOD_ODDEVEN_DV---MOD_ODDEVEN_ALT---DEEP_V_SHAPED,2018-08-16 00:00:00,1.0,q1_q17_dr25_tce,007/007025/007025540/dv/kplr007025540-001-20160209194854_dvs.pdf,q1_q17_dr25_sup_koi,q1_q17_dr25_koi,2454965.767,0.000132,-0.000132,007/007025/007025540/dv/kplr007025540-20160209194854_dvr.pdf,0,1,0,0,244.99,83.23,-72.22,3.09519,0.03332,-0.04504,LS+MCMC,0.0,0
7812175,K03665.01,,288.02426,0.0,19h12m05.82s,43.545841,0.0,+43d32m45.0s,17.552,,16.32,,15.801,,,,16.019,0.088,15.169,0.075,15.33,0.151,16.328,,cumulative,Done,00000000011111111000000000000000,FALSE POSITIVE,FALSE POSITIVE,1,35.0,161.74854,687.5821,-1.0,Claret (2011 A&A 529 75) ATLAS LS,0.0,0.0,0.2622,0.4035,Mandel and Agol (2002 ApJ 580 171),247.0,,,134.035628,0.000886,-0.000886,0.0,,,,,,33.3,0.0,0.0,0.1337,,,0.692,0.013,-0.011,4.3194,0.0219,-0.0219,,,,93395.0,744.0,-744.0,17.79391159,1.406e-05,-1.406e-05,0.304958,0.003405,-0.003419,34.833,0.737,-0.737,88.86,,,697.0,,,5780.0,,,4.438,,,0.0,0.0,0.0,1.0,,,1.0,,,,,,Solar,0.0,19.201639347,5.9e-08,43.54528859,8.7e-07,0.8943,0.0023,-1.9923,0.0031,0.01,0.5,-0.04,0.69,-2.462,0.067,5.5,0.073,6.026,0.072,-0.434,0.067,0.958,0.071,1.051,0.07,MOD_SEC_DV---MOD_SEC_ALT---MOD_ODDEVEN_DV---DEEP_V_SHAPED---CENT_KIC_POS,2018-08-16 00:00:00,1.0,q1_q17_dr25_tce,007/007812/007812175/dv/kplr007812175-001-20160209194854_dvs.pdf,q1_q17_dr25_sup_koi,q1_q17_dr25_koi,2454967.036,0.000886,-0.000886,007/007812/007812175/dv/kplr007812175-20160209194854_dvr.pdf,0,1,0,0,55.88,0.0,0.0,2.52525,0.0534,-0.06483,LS+MCMC,0.0,0
4472818,K03878.01,Kepler-1524 b,293.88541,0.0,19h35m32.50s,39.51981,0.0,+39d31m11.3s,13.157,,12.668,,12.532,,12.459,,11.622,0.02,11.324,0.02,11.263,0.018,12.72,,cumulative,Done,11111011101110111000000000000000,CONFIRMED,CANDIDATE,2,16.0,11.8449955,31.67353,0.8771,Claret (2011 A&A 529 75) ATLAS LS,0.0,0.0,0.2602,0.4096,Mandel and Agol (2002 ApJ 580 171),69.3,,,182.66991,0.00202,-0.00202,0.0,,,,,,2.84,0.42,-0.15,0.3392,,,0.545,0.035,-0.419,6.9623,0.0704,-0.0704,,,,784.7,12.3,-12.3,70.9672087,0.0001847,-0.0001847,0.026365,0.002218,-0.000871,67.7,18.2,-18.2,89.54,,,438.0,,,5818.0,78.0,-78.0,4.464,0.04,-0.12,0.1,0.15,-0.15,0.986,0.148,-0.053,1.032,0.057,-0.063,,,,q1_q17_dr25_stellar,0.019,19.5923588,4.9e-06,39.519736,4.9e-05,-0.05,0.2,-0.27,0.17,0.00026,0.00016,0.00011,0.00015,-0.37,0.14,0.21,0.21,0.42,0.16,-0.39,0.11,0.39,0.22,0.55,0.17,NO_COMMENT,2018-08-16 00:00:00,1.0,q1_q17_dr25_tce,004/004472/004472818/dv/kplr004472818-001-20160209194854_dvs.pdf,q1_q17_dr25_sup_koi,q1_q17_dr25_koi,2455015.67,0.00202,-0.00202,004/004472/004472818/dv/kplr004472818-20160209194854_dvr.pdf,0,0,0,0,8.66,3.43,-1.31,1.16776,0.62685,-0.66208,LS+MCMC,0.982,1
2708885,K02907.01,,290.47311,0.0,19h21m53.55s,37.9062,0.0,+37d54m22.3s,16.413,,15.67,,15.471,,15.392,,14.265,0.03,13.908,0.035,13.937,0.051,15.754,,cumulative,Done,01111111111111111000000000000000,FALSE POSITIVE,FALSE POSITIVE,1,1140.0,6.5871058,15.54263,0.3052,Claret (2011 A&A 529 75) ATLAS LS,0.0,0.0,0.2327,0.4526,Mandel and Agol (2002 ApJ 580 171),19.7,,,132.2666,0.00295,-0.00295,0.0,,,,,,1.39,0.3,-0.14,0.0204,,,0.405,0.055,-0.404,1.7247,0.0915,-0.0915,,,,256.2,15.5,-15.5,1.146934644,3.93e-06,-3.93e-06,0.014751,0.00048,-0.000754,4.78,1.9,-1.9,85.14,,,1554.0,,,5423.0,193.0,-193.0,4.502,0.074,-0.147,-0.04,0.3,-0.3,0.862,0.189,-0.087,0.862,0.099,-0.081,,,,q1_q17_dr25_stellar,0.0,19.365234,2.5e-05,37.90541,0.00027,15.4,1.1,-2.83,0.99,-0.00261,0.00018,0.00039,0.00017,6.12,0.15,-0.15,0.11,6.12,0.15,6.21,0.19,-0.29,0.11,6.22,0.19,CENT_RESOLVED_OFFSET,2018-08-16 00:00:00,1.0,q1_q17_dr25_tce,002/002708/002708885/dv/kplr002708885-001-20160209194854_dvs.pdf,q1_q17_dr25_sup_koi,q1_q17_dr25_koi,2454965.267,0.00295,-0.00295,002/002708/002708885/dv/kplr002708885-20160209194854_dvr.pdf,0,0,1,0,1382.04,980.95,-415.64,1.56649,0.62755,-0.45357,LS+MCMC,0.001,0
11560431,K07457.01,,292.56583,0.0,19h30m15.80s,49.535721,0.0,+49d32m08.6s,10.192,,9.548,,9.48,,9.217,,8.255,0.02,7.889,0.018,7.815,0.013,9.694,,cumulative,Done,11111111111111111000000000000000,FALSE POSITIVE,FALSE POSITIVE,1,2527.0,8.220788,12.947563,1.0,Claret (2011 A&A 529 75) ATLAS LS,0.0,0.0,0.2043,0.4966,Mandel and Agol (2002 ApJ 580 171),2.3,,,131.8234533,,,0.0,,,,,,0.42,0.07,-0.05,0.012,,,0.134,,,1.3693,,,,,,26.1,,,0.527673075,,,0.004605,0.0,0.0,2.991171,,,87.43,,,1970.0,,,5367.0,212.0,-191.0,4.514,0.076,-0.124,-0.14,0.3,-0.3,0.828,0.151,-0.101,0.817,0.104,-0.078,,,,q1_q17_dr25_stellar,0.0,19.504532,2.2e-05,49.5347,0.00029,5.03,0.78,-3.7,1.0,-0.000129,1.9e-05,0.00012,2.6e-05,22.1,1.8,-36.3,2.9,42.5,3.4,23.5,1.8,-35.2,2.8,42.4,3.4,CENT_SATURATED---EPHEM_MATCH,2018-08-16 00:00:00,3.0,q1_q17_dr25_tce,011/011560/011560431/dv/kplr011560431-003-20160209194854_dvs.pdf,q1_q17_dr25_sup_koi,q1_q17_dr25_koi,2454964.823,,,011/011560/011560431/dv/kplr011560431-20160209194854_dvr.pdf,0,0,0,1,3535.35,2235.45,-1177.64,1.81824,0.0,0.0,LS,0.0,0
8162789,K00521.01,Kepler-1989 b,290.73517,0.0,19h22m56.44s,44.09132,0.0,+44d05m28.8s,,,14.578,,14.463,,14.437,,13.559,0.059,12.893,,13.193,0.059,14.633,,cumulative,Done,11111111111111111000000000000000,CONFIRMED,CANDIDATE,2,133.0,13.335645,101.96851,0.5831,Claret (2011 A&A 529 75) ATLAS LS,0.0,0.0,0.2889,0.3511,Mandel and Agol (2002 ApJ 580 171),111.1,,,172.000736,0.000741,-0.000741,0.0,,,,,,4.62,1.37,-0.73,0.0918,,,0.716,0.053,-0.501,3.1627,0.0546,-0.0546,,,,1653.9,16.7,-16.7,10.161023528,9.176e-06,-9.176e-06,0.039948,0.002442,-0.002451,18.52,8.6,-8.6,87.78,,,904.0,,,6032.0,189.0,-232.0,4.387,0.108,-0.201,-0.14,0.3,-0.3,1.06,0.312,-0.168,0.999,0.153,-0.126,,,,q1_q17_dr25_stellar,0.0,19.3823887,1.9e-06,44.09113,1.5e-05,1.735,0.073,-0.686,0.053,0.00167,0.00014,-0.00058,0.00013,-3.09,0.62,1.8,0.11,3.58,0.54,0.052,0.071,-0.099,0.094,0.111,0.09,CENT_KIC_POS,2018-08-16 00:00:00,1.0,q1_q17_dr25_tce,008/008162/008162789/dv/kplr008162789-001-20160209194854_dvs.pdf,q1_q17_dr25_sup_koi,q1_q17_dr25_koi,2455005.001,0.000741,-0.000741,008/008162/008162789/dv/kplr008162789-20160209194854_dvr.pdf,0,0,0,0,157.97,141.44,-62.35,1.1647,1.61425,-0.40672,LS+MCMC,1.0,1
6278762,K03158.04,Kepler-444 e,289.75229,0.0,19h19m00.55s,41.634605,0.0,+41d38m04.6s,9.664,,8.837,,,,,,7.244,0.025,6.772,0.047,6.703,0.02,8.717,,cumulative,Done,11111111111111111000000000000000,CONFIRMED,CANDIDATE,5,169.0,12.176937,30.191341,0.4567,Claret (2011 A&A 529 75) ATLAS LS,0.0,0.0,0.1731,0.5396,Mandel and Agol (2002 ApJ 580 171),24.4,,,135.09417,0.00324,-0.00324,0.0,,,,,,0.62,0.05,-0.03,0.0678,,,0.018,0.433,-0.018,2.7878,0.0887,-0.0887,,,,77.8,3.5,-3.5,7.74347801,3.085e-05,-3.085e-05,0.00789,0.000356,-0.000221,21.39,2.0,-2.0,89.95,,,727.0,,,5051.0,177.0,-141.0,4.562,0.033,-0.023,-0.36,0.35,-0.15,0.721,0.057,-0.031,0.692,0.099,-0.026,,,,q1_q17_dr25_stellar,0.321,19.3168351,8.6e-06,41.63275,0.00013,0.65,0.35,-6.66,0.46,-1.9e-05,2.9e-05,2.5e-05,3.8e-05,-0.89,0.6,-6.4,1.5,6.5,1.5,3.4,1.3,-12.9,1.6,13.4,1.6,CENT_SATURATED,2018-08-16 00:00:00,2.0,q1_q17_dr25_tce,006/006278/006278762/dv/kplr006278762-002-20160209194854_dvs.pdf,q1_q17_dr25_sup_koi,q1_q17_dr25_koi,2454968.094,0.00324,-0.00324,006/006278/006278762/dv/kplr006278762-20160209194854_dvr.pdf,0,0,0,0,65.88,22.15,-12.01,3.08817,0.29064,-1.0698,LS+MCMC,1.0,1
2832589,K01942.02,,286.00674,0.0,19h04m01.62s,38.009541,0.0,+38d00m34.3s,16.077,,15.345,,15.123,,15.034,,13.99,0.028,13.556,0.031,13.44,0.031,15.409,,cumulative,Done,11111111111111111000000000000000,CANDIDATE,CANDIDATE,2,534.0,3.6801171,7.2664514,0.537,Claret (2011 A&A 529 75) ATLAS LS,0.0,0.0,0.1959,0.5086,Mandel and Agol (2002 ApJ 580 171),10.2,,,133.83759,0.00279,-0.00279,0.0,,,,,,1.66,0.24,-0.12,0.0337,,,0.952,0.01,-0.647,0.975,0.141,-0.141,,,,258.3,35.8,-35.8,2.433703498,8.972e-06,-8.972e-06,0.019596,0.010984,-0.004758,7.02,3.5,-3.5,82.21,,,1112.0,,,5251.0,158.0,-158.0,4.592,0.032,-0.097,-0.04,0.3,-0.3,0.778,0.112,-0.06,0.869,0.06,-0.095,,,,q1_q17_dr25_stellar,0.001,19.067143,1.7e-05,38.00954,0.00016,1.15,0.72,0.01,0.57,0.00029,0.0002,-0.00025,0.00016,-4.35,0.61,-0.25,0.55,4.36,0.61,-1.0,1.4,-0.5,1.1,1.1,1.3,CENT_KIC_POS,2018-08-16 00:00:00,2.0,q1_q17_dr25_tce,002/002832/002832589/dv/kplr002832589-002-20160209194854_dvs.pdf,q1_q17_dr25_sup_koi,q1_q17_dr25_koi,2454966.838,0.00279,-0.00279,002/002832/002832589/dv/kplr002832589-20160209194854_dvr.pdf,0,0,0,0,362.64,171.67,-89.31,1.1058,55.40096,-0.12312,LS+MCMC,1.0,1
9031209,K03316.01,Kepler-1467 b,295.04855,0.0,19h40m11.65s,45.342682,0.0,+45d20m33.7s,16.211,,15.503,,15.264,,15.166,,14.139,0.032,13.704,0.039,13.577,0.045,15.549,,cumulative,Done,11111111111111111000000000000000,CONFIRMED,CANDIDATE,1,27.0,7.521275,24.130754,0.7305,Claret (2011 A&A 529 75) ATLAS LS,0.0,0.0,0.2075,0.49,Mandel and Agol (2002 ApJ 580 171),38.0,,,161.05864,0.00291,-0.00291,0.0,,,,,,2.84,0.47,-0.22,0.2388,,,0.027,0.406,-0.027,5.2232,0.0958,-0.0958,,,,1531.2,45.7,-45.7,47.0568476,0.0001896,-0.0001896,0.03515,0.001272,-0.000631,71.22,2.7,-2.7,89.98,,,411.0,,,5288.0,159.0,-159.0,4.613,0.032,-0.097,-0.24,0.3,-0.3,0.74,0.122,-0.057,0.828,0.071,-0.094,,,,q1_q17_dr25_stellar,0.0,19.6699169,7.7e-06,45.34264,0.0001,0.52,0.29,-0.14,0.37,-0.00125,0.00051,-0.00081,0.00066,0.57,0.12,0.36,0.13,0.67,0.13,-0.09,0.15,-0.18,0.12,0.2,0.13,CENT_KIC_POS,2018-08-16 00:00:00,1.0,q1_q17_dr25_tce,009/009031/009031209/dv/kplr009031209-001-20160209194854_dvs.pdf,q1_q17_dr25_sup_koi,q1_q17_dr25_koi,2454994.059,0.00291,-0.00291,009/009031/009031209/dv/kplr009031209-20160209194854_dvr.pdf,0,0,0,0,6.72,3.55,-1.65,3.08654,0.11609,-0.98981,LS+MCMC,0.996,1
10342248,K04315.01,,292.91196,0.0,19h31m38.87s,47.47504,0.0,+47d28m30.1s,15.395,,14.678,,14.487,,14.345,,13.377,0.022,12.968,0.022,12.924,0.031,14.76,,cumulative,Done,00110011001100110000000000000000,FALSE POSITIVE,FALSE POSITIVE,1,699.0,3.4848468,12.076894,0.2418,Claret (2011 A&A 529 75) ATLAS LS,0.0,0.0,0.1959,0.5086,Mandel and Agol (2002 ApJ 580 171),27.8,,,131.53478,0.00889,-0.00889,0.0,,,,,,0.93,0.18,-0.07,0.018,,,0.574,0.299,-0.574,4.364,0.784,-0.784,,,,127.7,10.9,-10.9,0.93373458,7.567e-06,-7.567e-06,0.010647,0.005138,-0.001363,1.558,0.612,-0.612,68.36,,,1573.0,,,5335.0,185.0,-185.0,4.577,0.03,-0.127,0.02,0.25,-0.3,0.804,0.153,-0.061,0.891,0.07,-0.096,,,,q1_q17_dr25_stellar,0.0,19.527392,2.2e-05,47.476,0.00025,-2.61,0.8,3.47,0.9,0.000142,4.8e-05,-0.000229,5.5e-05,3.38,0.19,3.02,0.75,4.53,0.46,3.19,0.19,2.89,0.82,4.3,0.53,CENT_FEW_DIFFS---EPHEM_MATCH,2018-08-16 00:00:00,1.0,q1_q17_dr25_tce,010/010342/010342248/dv/kplr010342248-001-20160209194854_dvs.pdf,q1_q17_dr25_sup_koi,q1_q17_dr25_koi,2454964.535,0.00889,-0.00889,010/010342/010342248/dv/kplr010342248-20160209194854_dvr.pdf,0,0,0,1,1446.48,902.3,-373.8,0.08201,0.06447,-0.04878,LS+MCMC,0.0,0
5298620,K06558.01,,297.6394,0.0,19h50m33.46s,40.490452,0.0,+40d29m25.6s,16.482,,15.656,,15.374,,15.175,,14.082,0.028,13.629,0.027,13.551,0.033,15.706,,cumulative,Done,01111111111111111000000000000000,FALSE POSITIVE,FALSE POSITIVE,1,110.0,3.688652,9.14662,0.7057,Claret (2011 A&A 529 75) ATLAS LS,0.0,0.0,0.1908,0.5172,Mandel and Agol (2002 ApJ 580 171),12.8,,,141.676,0.0639,-0.0639,0.0,,,,,,0.87,0.08,-0.09,0.0922,,,0.007,0.447,-0.007,16.01,1.7,-1.7,,,,162.4,13.4,-13.4,12.4239677,0.0008546,-0.0008546,0.01136,0.000382,-0.000902,6.02,1.7,-1.7,89.94,,,606.0,,,4995.0,151.0,-151.0,4.58,0.072,-0.039,-0.4,0.35,-0.3,0.698,0.065,-0.072,0.677,0.089,-0.044,,,,q1_q17_dr25_stellar,0.036,19.842588,3.5e-05,40.48992,0.00036,-1.6,1.5,-1.9,1.3,0.00022,0.0002,0.00019,0.00018,-1.5,0.85,-0.05,0.55,1.5,0.84,-1.65,0.78,-0.31,0.6,1.68,0.75,LPP_DV---CENT_FEW_DIFFS---HALO_GHOST---EPHEM_MATCH,2018-08-16 00:00:00,1.0,q1_q17_dr25_tce,005/005298/005298620/dv/kplr005298620-001-20160209194854_dvs.pdf,q1_q17_dr25_sup_koi,q1_q17_dr25_koi,2454974.676,0.0639,-0.0639,005/005298/005298620/dv/kplr005298620-20160209194854_dvr.pdf,1,0,1,1,31.93,11.05,-9.22,0.02679,0.0075,-0.01967,LS+MCMC,0.0,0
10485179,K01167.01,,297.13327,0.0,19h48m31.98s,47.628769,0.0,+47d37m43.6s,15.108,,14.447,,14.249,,14.114,,13.112,0.021,12.701,0.017,12.638,0.023,14.507,,cumulative,Done,11111101110111011000000000000000,FALSE POSITIVE,FALSE POSITIVE,1,1200.0,3.211398,8.112607,0.9988,Claret (2011 A&A 529 75) ATLAS LS,0.0,0.0,0.2175,0.4767,Mandel and Agol (2002 ApJ 580 171),86.3,,,133.971372,0.000955,-0.000955,0.0,,,,,,1.21,0.21,-0.08,0.0106,,,0.639,0.44,-0.638,2.276,0.902,-0.902,,,,254.7,22.8,-22.8,0.445275074,4.95e-07,-4.95e-07,0.015329,0.092786,-0.001296,1.424,0.364,-0.364,63.33,,,1950.0,,,5346.0,160.0,-144.0,4.621,0.032,-0.104,-0.34,0.35,-0.3,0.725,0.122,-0.052,0.81,0.076,-0.093,,,,q1_q17_dr25_stellar,0.073,19.808829,6.2e-05,47.62794,0.00068,-2.0,2.3,-3.0,2.4,6.3e-05,7.8e-05,9e-05,8.4e-05,-3.52,0.63,0.13,0.23,3.52,0.63,-3.69,0.65,-0.18,0.23,3.69,0.65,LPP_DV---MOD_NONUNIQ_DV---MOD_NONUNIQ_ALT---CENT_RESOLVED_OFFSET---EPHEM_MATCH,2018-08-16 00:00:00,1.0,q1_q17_dr25_tce,010/010485/010485179/dv/kplr010485179-001-20160209194854_dvs.pdf,q1_q17_dr25_sup_koi,q1_q17_dr25_koi,2454966.971,0.000955,-0.000955,010/010485/010485179/dv/kplr010485179-20160209194854_dvr.pdf,1,0,1,1,3419.7,1832.09,-777.85,0.27529,0.14071,-0.12695,LS+MCMC,0.0,0
10656508,K00211.01,,287.97031,0.0,19h11m52.87s,47.972099,0.0,+47d58m19.6s,15.384,,14.937,,14.82,,14.788,,13.909,0.032,13.624,0.033,13.586,0.04,14.989,,cumulative,Done,11111111111111111000000000000000,CANDIDATE,CANDIDATE,1,10.0,69.07603,186.2157,0.4522,Claret (2011 A&A 529 75) ATLAS LS,0.0,0.0,0.2638,0.4046,Mandel and Agol (2002 ApJ 580 171),190.1,,,136.015098,0.00065,-0.00065,0.0,,,,,,11.13,1.8,-1.8,0.4947,,,0.075,0.175,-0.075,4.8472,0.0278,-0.0278,,,,7690.0,47.1,-47.1,124.03589939,9.126e-05,-9.126e-05,0.079644,0.000669,-0.000327,210.55,6.7,-6.7,89.98,,,413.0,,,5822.0,79.0,-79.0,4.244,0.143,-0.104,0.14,0.15,-0.15,1.28,0.207,-0.207,1.047,0.086,-0.062,,,,q1_q17_dr25_stellar,0.0,19.1980171,2.3e-06,47.972035,2.3e-05,-0.152,0.085,-0.233,0.084,0.0008,0.0011,0.0014,0.0015,-0.031,0.072,0.01,0.1,0.032,0.079,-0.129,0.074,0.015,0.095,0.13,0.076,NO_COMMENT,2018-08-16 00:00:00,1.0,q1_q17_dr25_tce,010/010656/010656508/dv/kplr010656508-001-20160209194854_dvs.pdf,q1_q17_dr25_sup_koi,q1_q17_dr25_koi,2454969.015,0.00065,-0.00065,010/010656/010656508/dv/kplr010656508-20160209194854_dvr.pdf,0,0,0,0,6.88,2.93,-2.3,11.47696,0.36579,-0.97637,LS+MCMC,0.998,1
7430876,K03193.01,,287.07892,0.0,19h08m18.94s,43.068771,0.0,+43d04m07.6s,11.847,,11.413,,11.331,,,,15.458,0.112,14.764,0.126,14.689,0.139,11.486,,cumulative,Done,00000111111111111000000000000000,FALSE POSITIVE,FALSE POSITIVE,1,29.0,8.70321,19.476349,0.0156,Claret (2011 A&A 529 75) ATLAS LS,0.0,0.0,0.2622,0.4035,Mandel and Agol (2002 ApJ 580 171),19.6,,,144.55067,0.00676,-0.00676,0.0,,,,,,31.96,0.0,0.0,0.2002,,,1.252,70.88,-5.784,2.886,0.197,-0.197,,,,1321.4,80.2,-80.2,32.6122381,0.0002291,-0.0002291,0.292665,70.87325,-5.769833,27.7,13.9,-13.9,87.41,,,570.0,,,5780.0,,,4.438,,,0.0,0.0,0.0,1.0,,,1.0,,,,,,Solar,0.0,19.138481,1.9e-05,43.06972,0.00021,-4.48,0.74,3.42,0.75,0.0046,0.001,-0.0047,0.0011,0.8,4.2,4.7,2.0,4.8,2.5,-5.9,2.3,5.3,1.5,7.9,1.2,DEEP_V_SHAPED---CENT_SATURATED,2018-08-16 00:00:00,1.0,q1_q17_dr25_tce,007/007430/007430876/dv/kplr007430876-001-20160209194854_dvs.pdf,q1_q17_dr25_sup_koi,q1_q17_dr25_koi,2454977.551,0.00676,-0.00676,007/007430/007430876/dv/kplr007430876-20160209194854_dvr.pdf,0,1,1,0,24.92,0.0,0.0,0.37929,155.78954,-2.59834,LS+MCMC,0.0,0
8749844,K07909.01,,290.40793,0.0,19h21m37.90s,44.96394,0.0,+44d57m50.2s,12.896,,12.999,,13.129,,13.191,,12.597,0.022,12.561,0.018,12.594,0.021,12.973,,cumulative,Done,11111111111111111000000000000000,FALSE POSITIVE,FALSE POSITIVE,1,4.0,6.23406,8.140951,0.1247,Claret (2011 A&A 529 75) ATLAS LS,0.0,0.0,0.2934,0.2127,Mandel and Agol (2002 ApJ 580 171),9.3,,,249.7333,0.0158,-0.0158,0.0,,,,,,6.85,1.1,-3.29,1.4011,,,0.443,0.531,-0.243,4.868,0.519,-0.519,,,,235.9,31.2,-31.2,361.51099,0.01022,-0.01022,0.014603,0.000915,-0.001133,518.0,221.0,-221.0,89.95,,,733.0,,,9492.0,297.0,-396.0,3.619,0.451,-0.08,0.07,0.15,-0.55,4.298,0.688,-2.065,2.806,0.317,-0.589,,,,q1_q17_dr25_stellar,0.216,19.360506,2.9e-05,44.96366,0.00033,-0.8,1.1,-1.0,1.2,0.00021,0.0003,0.00027,0.00033,-0.5,1.1,0.1,1.2,0.5,1.3,-0.56,0.94,0.1,1.1,0.6,1.0,MOD_NONUNIQ_ALT,2018-08-16 00:00:00,1.0,q1_q17_dr25_tce,008/008749/008749844/dv/kplr008749844-001-20160209194854_dvs.pdf,q1_q17_dr25_sup_koi,q1_q17_dr25_koi,2455082.733,0.0158,-0.0158,008/008749/008749844/dv/kplr008749844-20160209194854_dvr.pdf,1,0,0,0,68.36,35.71,-52.8,20.09057,25.76644,-7.09787,LS+MCMC,0.231,0
6131130,K03307.01,,294.13626,0.0,19h36m32.70s,41.456692,0.0,+41d27m24.1s,16.371,,15.616,,15.346,,15.24,,14.216,0.029,13.759,0.03,13.673,0.05,15.654,,cumulative,Done,01111111111111111000000000000000,CANDIDATE,CANDIDATE,1,121.0,4.4377646,9.460531,0.6161,Claret (2011 A&A 529 75) ATLAS LS,0.0,0.0,0.2043,0.4966,Mandel and Agol (2002 ApJ 580 171),11.1,,,139.66432,0.00791,-0.00791,0.0,,,,,,1.41,0.24,-0.19,0.0867,,,0.232,0.236,-0.232,2.68,0.262,-0.262,,,,271.8,30.1,-30.1,10.5071781,0.0001082,-0.0001082,0.014877,0.001311,-0.000724,29.6,13.7,-13.7,89.55,,,737.0,,,5290.0,167.0,-167.0,4.46,0.117,-0.13,-0.1,0.3,-0.3,0.865,0.151,-0.113,0.788,0.113,-0.061,,,,q1_q17_dr25_stellar,0.001,19.609076,2.8e-05,41.45594,0.00033,-0.3,1.1,-2.7,1.2,7e-05,0.00031,0.00065,0.00032,0.29,0.48,0.03,0.58,0.29,0.48,0.18,0.5,-0.08,0.7,0.2,0.56,NO_COMMENT,2018-08-16 00:00:00,1.0,q1_q17_dr25_tce,006/006131/006131130/dv/kplr006131130-001-20160209194854_dvs.pdf,q1_q17_dr25_sup_koi,q1_q17_dr25_koi,2454972.664,0.00791,-0.00791,006/006131/006131130/dv/kplr006131130-20160209194854_dvr.pdf,0,0,0,0,69.76,39.23,-23.38,4.43975,2.05939,-2.30114,LS+MCMC,0.964,1
8352537,K00420.01,Kepler-547 b,286.11868,0.0,19h04m28.48s,44.34528,0.0,+44d20m43.0s,15.032,,14.166,,13.91,,13.717,,12.588,0.021,12.107,0.022,11.998,0.015,14.247,,cumulative,Done,11111111111111111000000000000000,CONFIRMED,CANDIDATE,1,225.0,28.537624,274.07208,0.4745,Claret (2011 A&A 529 75) ATLAS LS,0.0,0.0,0.1611,0.5575,Mandel and Agol (2002 ApJ 580 171),276.1,,,174.084883,0.000221,-0.000221,0.0,,,,,,3.8,0.29,-0.38,0.058,,,0.436,0.091,-0.334,2.1939,0.0198,-0.0198,,,,2652.1,11.1,-11.1,6.010383339,1.664e-06,-1.664e-06,0.047131,0.002647,-0.001066,19.93,7.1,-7.1,88.75,,,768.0,,,4882.0,131.0,-146.0,4.558,0.066,-0.039,-0.12,0.3,-0.3,0.738,0.056,-0.074,0.718,0.081,-0.054,,,,q1_q17_dr25_stellar,0.0,19.0745671,1.2e-06,44.345306,1.3e-05,-0.42,0.045,0.094,0.047,-0.00044,0.00014,0.00031,0.00016,0.011,0.073,-0.023,0.071,0.026,0.072,-0.148,0.073,-0.224,0.07,0.269,0.07,NO_COMMENT,2018-08-16 00:00:00,1.0,q1_q17_dr25_tce,008/008352/008352537/dv/kplr008352537-001-20160209194854_dvs.pdf,q1_q17_dr25_sup_koi,q1_q17_dr25_koi,2455007.085,0.000221,-0.000221,008/008352/008352537/dv/kplr008352537-20160209194854_dvr.pdf,0,0,0,0,82.31,23.61,-23.3,4.148,1.47872,-0.35642,LS+MCMC,1.0,1
3869014,K01205.01,Kepler-789 b,295.97516,0.0,19h43m54.04s,38.94664,0.0,+38d56m47.9s,14.949,,14.467,,14.317,,14.245,,13.454,0.021,13.091,0.02,13.005,0.029,14.507,,cumulative,Done,11111011101110111000000000000000,CONFIRMED,CANDIDATE,1,124.0,5.9664955,29.92835,0.9062,Claret (2011 A&A 529 75) ATLAS LS,0.0,0.0,0.268,0.4033,Mandel and Agol (2002 ApJ 580 171),38.6,,,139.94684,0.0032,-0.0032,0.0,,,,,,5.99,1.17,-2.19,0.0951,,,0.049,0.371,-0.048,5.4566,0.0903,-0.0903,,,,395.9,11.8,-11.8,8.63847391,3.522e-05,-3.522e-05,0.017995,0.000585,-0.000341,12.312,0.837,-0.837,89.77,,,1419.0,,,5684.0,85.0,-76.0,3.657,0.3,-0.1,0.2,0.15,-0.15,3.046,0.598,-1.111,1.536,0.146,-0.34,,,,q1_q17_dr25_stellar,0.866,19.7316826,9.7e-06,38.94664,0.00012,0.22,0.41,0.01,0.44,4e-05,0.00016,4e-05,0.00017,0.02,0.14,0.04,0.23,0.05,0.18,-0.06,0.13,0.06,0.24,0.08,0.22,NO_COMMENT,2018-08-16 00:00:00,1.0,q1_q17_dr25_tce,003/003869/003869014/dv/kplr003869014-001-20160209194854_dvs.pdf,q1_q17_dr25_sup_koi,q1_q17_dr25_koi,2454972.947,0.0032,-0.0032,003/003869/003869014/dv/kplr003869014-20160209194854_dvr.pdf,0,0,0,0,958.35,497.13,-591.88,0.47312,0.03216,-0.12531,LS+MCMC,1.0,1
11046458,K00214.01,Kepler-424 b,298.62488,0.0,19h54m29.97s,48.57745,0.0,+48d34m38.8s,14.847,,14.188,,14.003,,13.937,,12.905,0.025,12.6,0.032,12.47,0.022,14.256,,cumulative,Done,11111101110111011000000000000000,CONFIRMED,CANDIDATE,1,319.0,39.35819,436.30713,0.14,Claret (2011 A&A 529 75) ATLAS LS,0.0,0.0,0.2111,0.4955,Mandel and Agol (2002 ApJ 580 171),448.2,,,131.7427761,8.65e-05,-8.65e-05,0.0,,,,,,9.06,1.16,-0.33,0.0437,,,0.905,0.005,-0.007,1.4049,0.0139,-0.0139,,,,5976.5,24.2,-24.2,3.311864148,3.55e-07,-3.55e-07,0.088567,0.00112,-0.001394,10.942,0.534,-0.534,85.26,,,1116.0,,,5461.0,73.0,-82.0,4.499,0.023,-0.12,0.44,0.05,-0.15,0.937,0.12,-0.034,1.012,0.029,-0.057,,,,q1_q17_dr25_stellar,0.0,19.90833264,8.8e-07,48.577482,8.8e-06,0.237,0.031,0.115,0.032,0.00024,0.00043,-0.00145,0.00062,-0.003,0.071,0.044,0.071,0.044,0.071,0.194,0.072,0.143,0.071,0.241,0.074,NO_COMMENT,2018-08-16 00:00:00,1.0,q1_q17_dr25_tce,011/011046/011046458/dv/kplr011046458-001-20160209194854_dvs.pdf,q1_q17_dr25_sup_koi,q1_q17_dr25_koi,2454964.743,8.65e-05,-8.65e-05,011/011046/011046458/dv/kplr011046458-20160209194854_dvr.pdf,0,0,0,0,365.94,125.14,-46.03,2.25943,0.11028,-0.17755,LS+MCMC,1.0,1
11506235,K07454.01,,291.30069,0.0,19h25m12.17s,49.495689,0.0,+49d29m44.5s,15.362,,14.811,,14.665,,14.584,,13.697,0.022,13.312,0.02,13.222,0.038,14.874,,cumulative,Done,11111111111111111000000000000000,FALSE POSITIVE,FALSE POSITIVE,1,68.0,554.72076,2878.115,0.2485,Claret (2011 A&A 529 75) ATLAS LS,0.0,0.0,0.2868,0.3588,Mandel and Agol (2002 ApJ 580 171),1620.8,,,140.0167643,6.46e-05,-6.46e-05,0.0,,,,,,35.03,10.8,-3.6,0.1481,,,0.777,0.015,-0.001,4.4621,0.00394,-0.00394,,,,92672.5,83.2,-83.2,20.413052415,1.594e-06,-1.594e-06,0.333116,0.007276,-7.7e-05,37.864,0.268,-0.268,88.82,,,668.0,,,5941.0,158.0,-193.0,4.487,0.054,-0.216,-0.02,0.25,-0.3,0.963,0.297,-0.099,1.038,0.127,-0.14,,,,q1_q17_dr25_stellar,0.0,19.420044779,8.9e-08,49.49568246,8.1e-07,-0.0674,0.0031,-0.0272,0.0029,0.001,0.014,0.002,0.022,0.0,0.067,0.002,0.067,0.002,0.067,-0.038,0.067,-0.003,0.069,0.038,0.067,MOD_SEC_DV---MOD_SEC_ALT---DEEP_V_SHAPED---HAS_SEC_TCE,2018-08-16 00:00:00,1.0,q1_q17_dr25_tce,011/011506/011506235/dv/kplr011506235-001-20160209194854_dvs.pdf,q1_q17_dr25_sup_koi,q1_q17_dr25_koi,2454973.017,6.46e-05,-6.46e-05,011/011506/011506235/dv/kplr011506235-20160209194854_dvr.pdf,0,1,0,0,47.14,42.49,-13.89,2.4644,0.01745,-0.03476,LS+MCMC,0.0,0
9887224,K02464.01,,290.30295,0.0,19h21m12.71s,46.79081,0.0,+46d47m26.9s,14.827,,14.037,,13.798,,13.67,,12.683,0.022,12.163,0.021,12.076,0.018,14.107,,cumulative,Done,11111111111111111000000000000000,FALSE POSITIVE,FALSE POSITIVE,1,1533.0,4.1983504,17.064955,0.0046,Claret (2011 A&A 529 75) ATLAS LS,0.0,0.0,0.153,0.5684,Mandel and Agol (2002 ApJ 580 171),19.2,,,132.25706,0.00332,-0.00332,0.0,,,,,,0.72,0.08,-0.08,0.0165,,,0.665,0.283,-0.462,1.782,0.126,-0.126,,,,68.1,4.5,-4.5,0.874629873,3.763e-06,-3.763e-06,0.007979,0.002068,-0.000587,2.95,1.1,-1.1,76.98,,,1597.0,,,5099.0,152.0,-137.0,4.491,0.09,-0.081,0.02,0.25,-0.3,0.832,0.084,-0.094,0.781,0.096,-0.055,,,,q1_q17_dr25_stellar,0.0,19.353291,1.5e-05,46.73587,0.00017,-8.8,0.56,-197.77,0.6,0.000541,3.5e-05,0.01232,3.7e-05,-1.168,0.076,-9.236,0.07,9.309,0.07,-1.489,0.067,-9.474,0.068,9.591,0.068,CENT_RESOLVED_OFFSET---HALO_GHOST,2018-08-16 00:00:00,1.0,q1_q17_dr25_tce,009/009887/009887224/dv/kplr009887224-001-20160209194854_dvs.pdf,q1_q17_dr25_sup_koi,q1_q17_dr25_koi,2454965.257,0.00332,-0.00332,009/009887/009887224/dv/kplr009887224-20160209194854_dvr.pdf,0,0,1,0,1538.25,558.75,-452.88,0.63509,0.74244,-0.55588,LS+MCMC,0.0,0
8223655,K05488.01,,288.02615,0.0,19h12m06.28s,44.118858,0.0,+44d07m07.9s,16.519,,15.817,,15.612,,15.484,,14.525,0.044,14.083,0.052,14.011,0.065,15.884,,cumulative,Done,11111111111111111000000000000000,FALSE POSITIVE,FALSE POSITIVE,1,4.0,31.848518,53.81772,0.0039,Claret (2011 A&A 529 75) ATLAS LS,0.0,0.0,0.2396,0.4415,Mandel and Agol (2002 ApJ 580 171),54.5,,,286.93817,0.00122,-0.00122,0.0,,,,,,19.25,3.54,-1.52,0.8057,,,1.04,6.627,-0.175,2.8637,0.0673,-0.0673,,,,12946.0,285.0,-285.0,280.1604956,0.0004368,-0.0004368,0.220656,6.795054,-0.100709,478.0,227.0,-227.0,89.88,,,237.0,,,5387.0,160.0,-160.0,4.581,0.03,-0.12,-0.06,0.3,-0.3,0.799,0.147,-0.063,0.892,0.072,-0.099,,,,q1_q17_dr25_stellar,0.0,19.2019067,5.5e-06,44.119458,5.6e-05,6.31,0.21,2.15,0.2,-0.081,0.011,-0.016,0.015,4.044,0.069,1.87,0.13,4.457,0.083,4.085,0.071,1.85,0.18,4.484,0.097,DEEP_V_SHAPED---CENT_FEW_DIFFS,2018-08-16 00:00:00,1.0,q1_q17_dr25_tce,008/008223/008223655/dv/kplr008223655-001-20160209194854_dvs.pdf,q1_q17_dr25_sup_koi,q1_q17_dr25_koi,2455119.938,0.00122,-0.00122,008/008223/008223655/dv/kplr008223655-20160209194854_dvr.pdf,0,0,1,0,0.74,0.43,-0.18,26.30519,236.98953,-5.9679,LS+MCMC,0.0,0
6974658,K02925.01,,298.29819,0.0,19h53m11.57s,42.434368,0.0,+42d26m03.7s,14.017,,13.385,,13.218,,13.106,,12.151,0.02,11.801,0.017,11.729,0.017,13.458,,cumulative,Done,11111111111111111000000000000000,CANDIDATE,CANDIDATE,1,1868.0,3.594078,14.491311,0.8705,Claret (2011 A&A 529 75) ATLAS LS,0.0,0.0,0.2396,0.4415,Mandel and Agol (2002 ApJ 580 171),17.9,,,131.7213,0.00147,-0.00147,0.0,,,,,,1.11,0.33,-0.2,0.0149,,,0.887,0.075,-0.624,0.655,0.114,-0.114,,,,78.9,6.3,-6.3,0.716531851,1.284e-06,-1.284e-06,0.009893,0.000392,-0.001756,4.14,2.1,-2.1,77.61,,,2034.0,,,5552.0,149.0,-149.0,4.349,0.18,-0.198,-0.06,0.3,-0.25,1.03,0.304,-0.187,0.863,0.122,-0.071,,,,q1_q17_dr25_stellar,0.165,19.886543,1.8e-05,42.43418,0.00018,-0.13,0.72,-0.7,0.64,2e-06,5e-05,4.4e-05,4.5e-05,-0.43,0.33,-0.14,0.39,0.45,0.34,-0.62,0.33,-0.16,0.27,0.64,0.33,NO_COMMENT,2018-08-16 00:00:00,1.0,q1_q17_dr25_tce,006/006974/006974658/dv/kplr006974658-001-20160209194854_dvs.pdf,q1_q17_dr25_sup_koi,q1_q17_dr25_koi,2454964.721,0.00147,-0.00147,006/006974/006974658/dv/kplr006974658-20160209194854_dvr.pdf,0,0,0,0,4063.57,3514.37,-1622.22,2.60706,69.98737,-1.39817,LS+MCMC,0.999,1
5879448,K07745.01,,292.82809,0.0,19h31m18.74s,41.139351,0.0,+41d08m21.7s,13.735,,13.265,,13.105,,12.998,,12.143,0.021,11.832,0.023,11.787,0.02,13.294,,cumulative,Done,11111111111111111000000000000000,FALSE POSITIVE,FALSE POSITIVE,1,3.0,6.175865,7.8686557,0.1104,Claret (2011 A&A 529 75) ATLAS LS,0.0,0.0,0.2946,0.3268,Mandel and Agol (2002 ApJ 580 171),15.3,,,245.3651,0.0451,-0.0451,0.0,,,,,,2.6,0.56,-0.89,1.2719,,,0.418,0.041,-0.418,23.71,1.3,-1.3,,,,210.6,16.3,-16.3,533.47707,0.03264,-0.03264,0.013552,0.000536,-0.000757,158.7,46.2,-46.2,89.85,,,315.0,,,6077.0,201.0,-164.0,3.931,0.323,-0.129,-0.6,0.35,-0.25,1.759,0.373,-0.605,0.964,0.154,-0.126,,,,q1_q17_dr25_stellar,0.004,19.521872,2.6e-05,41.13876,0.00034,0.0,1.0,-2.1,1.2,-1e-05,0.00018,0.00037,0.00021,0.4,1.4,-1.24,0.55,1.29,0.66,0.4,1.1,-1.3,0.49,1.36,0.8,MOD_SEC_ALT---CENT_FEW_DIFFS,2018-08-16 00:00:00,1.0,q1_q17_dr25_tce,005/005879/005879448/dv/kplr005879448-001-20160209194854_dvs.pdf,q1_q17_dr25_sup_koi,q1_q17_dr25_koi,2455078.365,0.0451,-0.0451,005/005879/005879448/dv/kplr005879448-20160209194854_dvr.pdf,0,1,0,0,2.33,1.58,-1.43,0.2658,0.15489,-0.0709,LS+MCMC,0.0,0
6057684,K03972.01,,296.0878,0.0,19h44m21.07s,41.316841,0.0,+41d19m00.6s,15.07,,14.514,,14.354,,14.294,,13.403,0.026,13.06,0.03,12.926,0.031,14.568,,cumulative,Done,11111111111111111000000000000000,FALSE POSITIVE,FALSE POSITIVE,1,2465.0,4.0017176,19.120535,1.0,Claret (2011 A&A 529 75) ATLAS LS,0.0,0.0,0.2844,0.3661,Mandel and Agol (2002 ApJ 580 171),58.4,,,131.85133,0.00161,-0.00161,0.0,,,,,,21.45,7.19,-1.92,0.0134,,,1.181,0.18,-0.093,3.619,0.138,-0.138,,,,293.5,6.6,-6.6,0.54028956,1.029e-06,-1.029e-06,0.197793,0.170178,-0.101501,1.21,0.466,-0.466,12.6,,,2279.0,,,5997.0,169.0,-211.0,4.483,0.056,-0.224,0.07,0.25,-0.3,0.993,0.333,-0.089,1.093,0.134,-0.147,,,,q1_q17_dr25_stellar,,19.738815,1.5e-05,41.29644,0.00021,-15.09,0.6,-73.44,0.77,0.001137,4.6e-05,,,-5.479,0.068,-6.486,0.068,8.491,0.068,-5.665,0.072,-6.388,0.069,8.538,0.071,MOD_SEC_ALT---CENT_RESOLVED_OFFSET---HALO_GHOST,2018-08-16 00:00:00,1.0,q1_q17_dr25_tce,006/006057/006057684/dv/kplr006057684-001-20160209194854_dvs.pdf,q1_q17_dr25_sup_koi,q1_q17_dr25_koi,2454964.851,0.00161,-0.00161,006/006057/006057684/dv/kplr006057684-20160209194854_dvr.pdf,0,1,1,0,6356.72,6311.03,-1791.64,0.1147,0.04421,-0.03666,LS+MCMC,0.0,0
8396405,K01733.01,,301.08572,0.0,20h04m20.57s,44.380192,0.0,+44d22m48.7s,16.391,,15.718,,15.446,,15.296,,14.325,0.031,13.891,0.039,13.754,0.045,15.73,,cumulative,Done,11111111111111111000000000000000,CANDIDATE,CANDIDATE,1,73.0,4.4207025,14.985963,0.2817,Claret (2011 A&A 529 75) ATLAS LS,0.0,0.0,0.3158,0.3282,Mandel and Agol (2002 ApJ 580 171),17.6,,,141.37097,0.00364,-0.00364,0.0,,,,,,1.72,0.09,-0.1,0.1178,,,0.007,0.421,-0.007,2.424,0.104,-0.104,,,,865.4,55.7,-55.7,19.18109525,9.154e-05,-9.154e-05,0.026864,0.001238,-0.000951,62.07,7.8,-7.8,89.99,,,513.0,,,5214.0,172.0,-156.0,4.673,0.059,-0.027,-1.46,0.3,-0.25,0.587,0.031,-0.034,0.591,0.046,-0.018,,,,q1_q17_dr25_stellar,,20.072422,1.8e-05,44.38031,0.00024,1.53,0.71,0.45,0.87,,,-0.0004,0.00075,0.12,0.27,0.02,0.26,0.12,0.27,0.23,0.27,0.21,0.26,0.31,0.27,NO_COMMENT,2018-08-16 00:00:00,1.0,q1_q17_dr25_tce,008/008396/008396405/dv/kplr008396405-001-20160209194854_dvs.pdf,q1_q17_dr25_sup_koi,q1_q17_dr25_koi,2454974.371,0.00364,-0.00364,008/008396/008396405/dv/kplr008396405-20160209194854_dvr.pdf,0,0,0,0,16.42,4.31,-3.51,12.29491,1.53899,-4.22693,LS+MCMC,0.938,1
6196457,K00285.01,Kepler-92 b,289.08606,0.0,19h16m20.65s,41.562958,0.0,+41d33m46.6s,12.481,,11.679,,,,,,10.747,0.023,10.47,0.021,10.403,0.018,11.565,,cumulative,Done,11111111111111111000000000000000,CONFIRMED,CANDIDATE,3,98.0,15.991425,114.88917,0.8938,Claret (2011 A&A 529 75) ATLAS LS,0.0,0.0,0.26,0.4133,Mandel and Agol (2002 ApJ 580 171),167.6,,,179.279158,0.000738,-0.000738,0.0,,,,,,3.63,0.26,-0.18,0.1174,,,0.658,0.153,-0.433,6.0968,0.0425,-0.0425,,,,425.9,2.9,-2.9,13.74883059,1.295e-05,-1.295e-05,0.019908,0.001248,-0.000949,13.44,4.6,-4.6,87.19,,,975.0,,,5862.0,97.0,-80.0,4.05,0.033,-0.027,0.16,0.15,-0.1,1.67,0.118,-0.082,1.142,0.16,-0.053,,,,q1_q17_dr25_stellar,0.159,19.2724062,1.8e-06,41.563002,1.7e-05,0.097,0.073,0.156,0.062,0.0,3.1e-05,2.6e-05,2.7e-05,0.02,0.14,0.06,0.18,0.06,0.2,0.1,0.13,0.26,0.18,0.28,0.2,NO_COMMENT,2018-08-16 00:00:00,1.0,q1_q17_dr25_tce,006/006196/006196457/dv/kplr006196457-001-20160209194854_dvs.pdf,q1_q17_dr25_sup_koi,q1_q17_dr25_koi,2455012.279,0.000738,-0.000738,006/006196/006196457/dv/kplr006196457-20160209194854_dvr.pdf,0,0,0,0,213.84,47.92,-30.83,0.24298,0.25217,-0.12799,LS+MCMC,1.0,1
9097120,K00927.01,,294.71768,0.0,19h38m52.24s,45.48576,0.0,+45d29m08.7s,15.897,,15.414,,15.263,,15.17,,14.301,0.03,13.951,0.038,13.89,0.045,15.453,,cumulative,Done,11111111111111111000000000000000,FALSE POSITIVE,FALSE POSITIVE,1,56.0,110.354324,586.5923,0.0,Claret (2011 A&A 529 75) ATLAS LS,0.0,0.0,0.3058,0.3071,Mandel and Agol (2002 ApJ 580 171),547.8,,,188.982797,0.00016,-0.00016,0.0,,,,,,44.04,13.88,-4.62,0.162,,,1.245,0.104,-0.088,3.81881,0.00835,-0.00835,,,,20953.1,43.8,-43.8,23.899634407,4.791e-06,-4.791e-06,0.436512,0.095768,-0.077712,34.28,1.2,-1.2,87.92,,,652.0,,,6192.0,169.0,-225.0,4.503,0.052,-0.208,-0.38,0.3,-0.3,0.924,0.291,-0.097,0.991,0.123,-0.136,,,,q1_q17_dr25_stellar,0.0,19.64781613,6.4e-07,45.4857623,7.6e-06,-1.131,0.024,0.008,0.027,0.0228,0.0029,-0.003,0.0041,-0.886,0.067,0.343,0.069,0.95,0.068,-1.061,0.068,0.16,0.071,1.073,0.068,DEEP_V_SHAPED,2018-08-16 00:00:00,1.0,q1_q17_dr25_tce,009/009097/009097120/dv/kplr009097120-001-20160209194854_dvs.pdf,q1_q17_dr25_sup_koi,q1_q17_dr25_koi,2455021.983,0.00016,-0.00016,009/009097/009097120/dv/kplr009097120-20160209194854_dvr.pdf,0,1,1,0,42.8,39.62,-13.23,1.33386,0.04795,-0.03881,LS+MCMC,0.0,0
10122255,K01086.01,Kepler-765 b,283.1846,0.0,18h52m44.30s,47.15567,0.0,+47d09m20.4s,15.054,,14.571,,14.419,,14.364,,13.487,0.025,13.168,0.024,13.175,0.039,14.609,,cumulative,Done,11111111111111111000000000000000,CONFIRMED,CANDIDATE,1,49.0,7.3185935,32.011665,0.0823,Claret (2011 A&A 529 75) ATLAS LS,0.0,0.0,0.2965,0.3342,Mandel and Agol (2002 ApJ 580 171),36.1,,,144.8714,0.00346,-0.00346,0.0,,,,,,2.21,0.64,-0.35,0.1754,,,0.004,0.425,-0.004,6.633,0.108,-0.108,,,,469.2,15.1,-15.1,27.6652847,0.00013,-0.00013,0.019867,0.000674,-0.000306,32.5,2.1,-2.1,89.99,,,641.0,,,6036.0,163.0,-181.0,4.396,0.105,-0.195,-0.32,0.3,-0.3,1.017,0.298,-0.161,0.939,0.131,-0.095,,,,q1_q17_dr25_stellar,0.423,18.878964,1.1e-05,47.15568,0.00011,-0.38,0.4,0.05,0.39,0.00017,0.00019,7e-05,0.00019,0.05,0.19,0.02,0.23,0.05,0.2,0.01,0.19,0.23,0.25,0.23,0.25,NO_COMMENT,2018-08-16 00:00:00,1.0,q1_q17_dr25_tce,010/010122/010122255/dv/kplr010122255-001-20160209194854_dvs.pdf,q1_q17_dr25_sup_koi,q1_q17_dr25_koi,2454977.871,0.00346,-0.00346,010/010122/010122255/dv/kplr010122255-20160209194854_dvr.pdf,0,0,0,0,39.94,34.34,-14.89,0.84868,0.05489,-0.23803,LS+MCMC,1.0,1
6211812,K02638.01,Kepler-1865 b,293.94116,0.0,19h35m45.88s,41.5905,0.0,+41d35m25.8s,16.222,,15.513,,15.261,,15.15,,14.217,0.026,13.792,0.029,13.635,0.048,15.55,,cumulative,Done,01111111111111111000000000000000,CONFIRMED,CANDIDATE,1,524.0,3.8826442,15.191005,0.9347,Claret (2011 A&A 529 75) ATLAS LS,0.0,0.0,0.2396,0.4415,Mandel and Agol (2002 ApJ 580 171),19.8,,,133.85946,0.00221,-0.00221,0.0,,,,,,1.5,0.31,-0.17,0.0344,,,0.077,0.392,-0.077,1.1968,0.0723,-0.0723,,,,303.0,19.2,-19.2,2.524017517,6.547e-06,-6.547e-06,0.01576,0.001079,-0.000359,16.33,4.0,-4.0,89.73,,,1203.0,,,5420.0,177.0,-161.0,4.487,0.077,-0.143,-0.06,0.3,-0.3,0.871,0.18,-0.097,0.849,0.098,-0.073,,,,q1_q17_dr25_stellar,0.022,19.596077,2.3e-05,41.59078,0.00022,-0.01,0.92,0.99,0.79,6e-05,0.00022,-0.0003,0.00019,0.02,0.29,-0.08,0.27,0.09,0.27,0.21,0.32,-0.37,0.24,0.43,0.27,CENT_KIC_POS,2018-08-16 00:00:00,1.0,q1_q17_dr25_tce,006/006211/006211812/dv/kplr006211812-001-20160209194854_dvs.pdf,q1_q17_dr25_sup_koi,q1_q17_dr25_koi,2454966.859,0.00221,-0.00221,006/006211/006211812/dv/kplr006211812-20160209194854_dvr.pdf,0,0,0,0,495.14,324.68,-148.57,12.9272,3.13111,-5.67495,LS+MCMC,0.97,1
3559935,K00492.01,Kepler-576 b,295.18292,0.0,19h40m43.90s,38.654228,0.0,+38d39m15.2s,15.062,,14.359,,14.151,,14.047,,13.079,0.021,12.719,0.024,12.646,0.027,14.424,,cumulative,Done,11111011101110111000000000000000,CONFIRMED,CANDIDATE,2,36.0,9.261932,32.622295,0.3095,Claret (2011 A&A 529 75) ATLAS LS,0.0,0.0,0.186,0.5256,Mandel and Agol (2002 ApJ 580 171),50.8,,,194.71129,0.00251,-0.00251,0.0,,,,,,2.9,0.29,-0.35,0.179,,,0.041,0.389,-0.041,6.6436,0.0927,-0.0927,,,,942.0,21.1,-21.1,29.9111886,9.444e-05,-9.444e-05,0.027392,0.000913,-0.00042,35.31,1.4,-1.4,89.93,,,541.0,,,5275.0,78.0,-78.0,4.397,0.12,-0.08,0.18,0.15,-0.15,0.969,0.096,-0.117,0.855,0.06,-0.033,,,,q1_q17_dr25_stellar,0.0,19.6788561,6.7e-06,38.654071,6.7e-05,-0.22,0.28,-0.57,0.24,0.00127,0.00028,-0.00058,0.00024,-0.35,0.13,0.01,0.15,0.35,0.13,0.02,0.12,-0.16,0.17,0.16,0.17,NO_COMMENT,2018-08-16 00:00:00,1.0,q1_q17_dr25_tce,003/003559/003559935/dv/kplr003559935-001-20160209194854_dvs.pdf,q1_q17_dr25_sup_koi,q1_q17_dr25_koi,2455027.711,0.00251,-0.00251,003/003559/003559935/dv/kplr003559935-20160209194854_dvr.pdf,0,0,0,0,20.31,5.7,-5.52,0.93119,0.03814,-0.2675,LS+MCMC,1.0,1
2711114,K06290.01,,291.01422,0.0,19h24m03.41s,37.969711,0.0,+37d58m11.0s,12.634,,12.289,,12.207,,12.23,,11.353,0.022,11.115,0.023,11.05,0.019,12.335,,cumulative,Done,11111111111111111000000000000000,FALSE POSITIVE,FALSE POSITIVE,1,939.0,40.846745,529.47314,0.0,Claret (2011 A&A 529 75) ATLAS LS,0.0,0.0,0.3105,0.2893,Mandel and Agol (2002 ApJ 580 171),292.0,,,132.74659,0.000219,-0.000219,0.0,,,,,,54.36,15.15,-11.02,0.026,,,1.298,0.394,-0.169,2.424,0.0112,-0.0112,,,,3367.1,13.4,-13.4,1.429439352,3.72e-07,-3.72e-07,0.363114,0.3824,-0.159193,2.3,1.1,-1.1,55.59,,,2079.0,,,6491.0,146.0,-194.0,4.223,0.153,-0.187,-0.28,0.25,-0.3,1.371,0.382,-0.278,1.147,0.174,-0.157,,,,q1_q17_dr25_stellar,0.0,19.40097218,2.3e-07,37.9693953,4.9e-06,1.0593,0.0097,-1.133,0.018,-0.000493,7.9e-05,-0.00311,0.00011,0.5,0.23,2.6,0.39,2.65,0.39,1.408,0.069,1.152,0.071,1.819,0.07,DEPTH_ODDEVEN_DV---DEPTH_ODDEVEN_ALT---MOD_ODDEVEN_DV---MOD_ODDEVEN_ALT---CENT_KIC_POS,2018-08-16 00:00:00,1.0,q1_q17_dr25_tce,002/002711/002711114/dv/kplr002711114-001-20160209194854_dvs.pdf,q1_q17_dr25_sup_koi,q1_q17_dr25_koi,2454965.747,0.000219,-0.000219,002/002711/002711114/dv/kplr002711114-20160209194854_dvr.pdf,0,1,0,0,4417.56,3476.71,-1930.79,0.11211,0.05242,-0.01494,LS+MCMC,0.0,0
8784288,K07091.01,,301.3035,0.0,20h05m12.84s,44.99966,0.0,+44d59m58.8s,14.201,,13.633,,13.43,,13.321,,12.411,0.022,12.117,0.021,12.054,0.023,13.661,,cumulative,Done,11111111111111111000000000000000,FALSE POSITIVE,FALSE POSITIVE,1,735.0,3377.5889,39165.887,-1.0,Claret (2011 A&A 529 75) ATLAS LS,0.0,0.0,0.2949,0.3354,Mandel and Agol (2002 ApJ 580 171),920.8,,,132.26554,0.00011,-0.00011,0.0,,,,,,118.28,26.99,-58.43,0.0304,,,0.093,0.036,-0.087,4.72808,0.00703,-0.00703,,,,314683.0,494.0,-494.0,1.827558898,2.43e-07,-2.43e-07,0.521493,0.000818,-0.000418,4.5722,0.0594,-0.0594,88.83,,,2178.0,,,5977.0,178.0,-196.0,3.854,0.544,-0.136,-0.3,0.35,-0.25,2.077,0.474,-1.026,1.125,0.157,-0.255,,,,q1_q17_dr25_stellar,0.0,20.086926794,8e-09,44.99964792,9e-08,1.02312,0.0003,-0.04348,0.00031,0.03,0.033,-0.075,0.046,-0.003,0.067,0.02,0.067,0.021,0.067,0.024,0.069,-0.017,0.068,0.03,0.069,DEPTH_ODDEVEN_DV---DEPTH_ODDEVEN_ALT---MOD_ODDEVEN_ALT---CENT_NOFITS,2018-08-16 00:00:00,1.0,q1_q17_dr25_tce,008/008784/008784288/dv/kplr008784288-001-20160209194854_dvs.pdf,q1_q17_dr25_sup_koi,q1_q17_dr25_koi,2454965.266,0.00011,-0.00011,008/008784/008784288/dv/kplr008784288-20160209194854_dvr.pdf,0,1,0,0,5331.71,3712.98,-4136.96,0.54137,0.00703,-0.00748,LS+MCMC,0.0,0
6043574,K08114.01,,292.19037,0.0,19h28m45.69s,41.31144,0.0,+41d18m41.2s,12.835,,12.373,,12.254,,12.202,,11.289,0.022,11.01,0.021,10.949,0.02,12.428,,cumulative,Done,11111111111111111000000000000000,FALSE POSITIVE,FALSE POSITIVE,1,4.0,4.5417347,7.113357,0.6343,Claret (2011 A&A 529 75) ATLAS LS,0.0,0.0,0.2918,0.3434,Mandel and Agol (2002 ApJ 580 171),8.6,,,241.1226,0.0115,-0.0115,0.0,,,,,,55.75,10.56,-21.13,1.1108,,,1.204,7.005,-0.048,4.52,1.1,-1.1,,,,367.6,60.1,-60.1,381.782641,0.007263,-0.007263,0.222932,6.999458,-0.049096,138.2,68.0,-68.0,89.5,,,384.0,,,6056.0,183.0,-165.0,3.816,0.3,-0.1,-0.18,0.35,-0.25,2.29,0.434,-0.868,1.252,0.204,-0.272,,,,q1_q17_dr25_stellar,0.064,19.479368,2.1e-05,41.31168,0.0002,0.43,0.86,0.86,0.7,-0.00011,0.00022,-0.00019,0.00019,-0.11,0.85,-1.64,0.53,1.64,0.53,-0.16,0.78,-1.49,0.5,1.5,0.58,INDIV_TRANS_MARSHALL---CENT_FEW_DIFFS,2018-08-16 00:00:00,1.0,q1_q17_dr25_tce,006/006043/006043574/dv/kplr006043574-001-20160209194854_dvs.pdf,q1_q17_dr25_sup_koi,q1_q17_dr25_koi,2455074.123,0.0115,-0.0115,006/006043/006043574/dv/kplr006043574-20160209194854_dvr.pdf,1,0,0,0,5.12,3.03,-3.35,0.34243,5.39557,-0.29274,LS+MCMC,0.102,0
4570555,K05072.01,,294.09631,0.0,19h36m23.11s,39.647079,0.0,+39d38m49.5s,12.312,,11.495,,11.21,,11.048,,9.97,0.021,9.483,0.019,9.391,0.018,11.54,,cumulative,Done,11111011101110111000000000000000,FALSE POSITIVE,FALSE POSITIVE,1,225.0,8.875364,29.80282,0.4018,Claret (2011 A&A 529 75) ATLAS LS,0.0,0.0,0.2236,0.4702,Mandel and Agol (2002 ApJ 580 171),42.7,,,134.63889,0.00144,-0.00144,0.0,,,,,,12.35,0.64,-2.74,0.0683,,,0.727,0.202,-0.496,1.9278,0.0504,-0.0504,,,,395.1,10.9,-10.9,4.750256809,8.45e-06,-8.45e-06,0.019651,0.003334,-0.001608,13.48,6.1,-6.1,86.91,,,2090.0,,,5161.0,50.0,-151.0,3.192,0.033,-0.027,-0.16,0.1,-0.2,5.753,0.3,-1.275,1.88,0.124,-0.704,,,,q1_q17_dr25_stellar,0.0,19.6057953,2.2e-06,39.632816,3.3e-05,-26.027,0.09,-51.35,0.12,0.009701,3.7e-05,0.01928,4.9e-05,-3.726,0.072,-7.451,0.071,8.331,0.075,-3.739,0.068,-7.397,0.075,8.288,0.076,CENT_RESOLVED_OFFSET,2018-08-16 00:00:00,1.0,q1_q17_dr25_tce,004/004570/004570555/dv/kplr004570555-001-20160209194854_dvs.pdf,q1_q17_dr25_sup_koi,q1_q17_dr25_koi,2454967.639,0.00144,-0.00144,004/004570/004570555/dv/kplr004570555-20160209194854_dvr.pdf,0,0,1,0,4504.96,678.17,-2081.22,2.05263,3.72455,-0.13103,LS+MCMC,0.001,0
2161623,K06094.01,,291.74445,0.0,19h26m58.67s,37.591019,0.0,+37d35m27.7s,14.654,,14.277,,14.165,,14.074,,13.38,0.023,13.126,0.025,12.985,0.032,14.312,,cumulative,Done,00000000000001100000000000000000,FALSE POSITIVE,FALSE POSITIVE,1,0.0,1573.1295,6511.655,-1.0,Claret (2011 A&A 529 75) ATLAS LS,0.0,0.0,0.318,0.2734,Mandel and Agol (2002 ApJ 580 171),1103.1,,,132.34883,0.00165,-0.00165,0.0,,,,,,218.79,64.02,-64.02,0.0373,,,0.457,0.011,-0.009,7.7999,0.0155,-0.0155,,,,864260.0,1028.0,-1028.0,2.283466438,3.023e-06,-3.023e-06,1.165546,0.008015,-0.006397,4.9168,0.0607,-0.0607,84.66,,,2014.0,,,6723.0,189.0,-260.0,4.089,0.24,-0.18,-0.24,0.25,-0.3,1.719,0.503,-0.503,1.327,0.194,-0.259,,,,q1_q17_dr25_stellar,0.0,19.449646362,2.9e-08,37.59063601,4.4e-07,0.6701,0.0013,-1.3824,0.0016,-4.0,12.0,5.0,15.0,0.116,0.078,-0.08,0.067,0.141,0.075,0.164,0.083,0.053,0.074,0.172,0.082,SWEET_EB---MOD_SEC_ALT---DEPTH_ODDEVEN_DV---MOD_ODDEVEN_ALT---HAS_SEC_TCE---SEASONAL_DEPTH_DV---CENT_NOFITS,2018-08-16 00:00:00,1.0,q1_q17_dr25_tce,002/002161/002161623/dv/kplr002161623-001-20160209194854_dvs.pdf,q1_q17_dr25_sup_koi,q1_q17_dr25_koi,2454965.349,0.00165,-0.00165,002/002161/002161623/dv/kplr002161623-20160209194854_dvr.pdf,0,1,0,0,3883.24,3366.01,-2223.68,0.43124,0.00532,-0.00597,LS+MCMC,0.0,0
8312222,K07017.01,,296.1174,0.0,19h44m28.18s,44.232841,0.0,+44d13m58.2s,16.137,,15.593,,15.408,,15.301,,14.411,0.025,14.044,0.031,13.88,0.049,15.626,,cumulative,Done,11111111111111111000000000000000,FALSE POSITIVE,FALSE POSITIVE,1,106.0,559.0712,3967.1553,0.0442,Claret (2011 A&A 529 75) ATLAS LS,0.0,0.0,0.2979,0.3238,Mandel and Agol (2002 ApJ 580 171),2541.7,,,136.1765764,4.89e-05,-4.89e-05,0.0,,,,,,44.29,12.76,-3.97,0.1039,,,0.93,0.037,-0.027,5.32062,0.00229,-0.00229,,,,121991.0,37.1,-37.1,12.823275455,7.73e-07,-7.73e-07,0.491022,0.027913,-0.017997,21.482,0.176,-0.176,87.52,,,743.0,,,5973.0,179.0,-197.0,4.562,0.036,-0.204,-0.46,0.3,-0.3,0.826,0.238,-0.074,0.907,0.1,-0.11,,,,q1_q17_dr25_stellar,0.0,19.74115978,7.5e-08,44.23286968,7.9e-07,-0.0085,0.0029,0.1068,0.0028,-0.03,0.023,0.012,0.032,0.08,0.067,-0.02,0.067,0.083,0.067,-0.057,0.069,0.056,0.069,0.08,0.069,MOD_SEC_DV---MOD_SEC_ALT---MOD_ODDEVEN_ALT---DEEP_V_SHAPED---HAS_SEC_TCE,2018-08-16 00:00:00,1.0,q1_q17_dr25_tce,008/008312/008312222/dv/kplr008312222-001-20160209194854_dvs.pdf,q1_q17_dr25_sup_koi,q1_q17_dr25_koi,2454969.177,4.89e-05,-4.89e-05,008/008312/008312222/dv/kplr008312222-20160209194854_dvr.pdf,0,1,0,0,72.0,62.44,-19.82,1.14044,0.00933,-0.01492,LS+MCMC,0.0,0
12736658,K05980.01,,290.26956,0.0,19h21m04.69s,51.916302,0.0,+51d54m58.7s,14.181,,13.638,,13.47,,13.435,,12.538,0.021,12.237,0.031,12.169,0.028,13.683,,cumulative,Done,11111111111111111000000000000000,FALSE POSITIVE,FALSE POSITIVE,1,1572.0,104.86956,1521.19,0.9992,Claret (2011 A&A 529 75) ATLAS LS,0.0,0.0,0.2622,0.4035,Mandel and Agol (2002 ApJ 580 171),870.3,,,131.6579596,8.36e-05,-8.36e-05,0.0,,,,,,49.03,13.28,-10.89,0.0176,,,1.269,0.048,-0.044,2.89112,0.00353,-0.00353,,,,6771.6,5.2,-5.2,0.855294909,8.7e-08,-8.7e-08,0.371989,0.043723,-0.04289,1.7579,0.0936,-0.0936,43.78,,,2137.0,,,5846.0,158.0,-176.0,4.27,0.204,-0.167,-0.02,0.3,-0.3,1.207,0.327,-0.268,0.988,0.14,-0.115,,,,q1_q17_dr25_stellar,0.0,19.35117022,2.9e-07,51.9164591,2.7e-06,-4.4561,0.0096,0.5729,0.0096,0.02533,0.00014,0.00241,0.00022,-3.911,0.07,-0.909,0.068,4.015,0.07,-3.79,0.069,-0.747,0.068,3.863,0.069,LPP_DV---CENT_UNRESOLVED_OFFSET,2018-08-16 00:00:00,1.0,q1_q17_dr25_tce,012/012736/012736658/dv/kplr012736658-001-20160209194854_dvs.pdf,q1_q17_dr25_sup_koi,q1_q17_dr25_koi,2454964.658,8.36e-05,-8.36e-05,012/012736/012736658/dv/kplr012736658-20160209194854_dvr.pdf,1,0,1,0,4916.23,3918.55,-2283.26,0.14049,0.00748,-0.00952,LS+MCMC,0.0,0
